Source path,Class name,Method name,Smell type,Severity,Evidence
src/integTest/java/org/openrewrite/cobol/BadBoysTest.java,org.openrewrite.cobol.BadBoysTest,NC246A,FEATURE_ENVY,LOW,"foreign accesses=6, own accesses=0"
src/test/java/org/openrewrite/cobol/CobolTest.java,org.openrewrite.cobol.CobolTest,getNistResource,FEATURE_ENVY,MEDIUM,"foreign accesses=13, own accesses=1"
src/test/java/org/openrewrite/cobol/CobolTest.java,org.openrewrite.cobol.CobolTest,visitSpace,FEATURE_ENVY,LOW,"foreign accesses=7, own accesses=0"
src/test/java/org/openrewrite/cobol/search/FindCopybookTest.java,org.openrewrite.cobol.search.FindCopybookTest,findMissingCopybookInCopySource,FEATURE_ENVY,HIGH,"foreign accesses=15, own accesses=0"
src/test/java/org/openrewrite/cobol/search/FindCopybookTest.java,org.openrewrite.cobol.search.FindCopybookTest,isUsedInCopyStatement,FEATURE_ENVY,MEDIUM,"foreign accesses=13, own accesses=0"
src/test/java/org/openrewrite/cobol/search/FindCopybookTest.java,org.openrewrite.cobol.search.FindCopybookTest,isUsedInIncludeStatement,FEATURE_ENVY,MEDIUM,"foreign accesses=13, own accesses=0"
src/test/java/org/openrewrite/cobol/search/FindCopybookTest.java,org.openrewrite.cobol.search.FindCopybookTest,onlyFindMissingCopybooks,FEATURE_ENVY,HIGH,"foreign accesses=15, own accesses=0"
src/test/java/org/openrewrite/cobol/search/FindCopybookTest.java,org.openrewrite.cobol.search.FindCopybookTest,sm206a,FEATURE_ENVY,HIGH,"foreign accesses=17, own accesses=0"
src/test/java/org/openrewrite/cobol/search/FindIndicatorsTest.java,org.openrewrite.cobol.search.FindIndicatorsTest,sm206a,FEATURE_ENVY,HIGH,"foreign accesses=16, own accesses=1"
src/test/java/org/openrewrite/cobol/search/FindRelationshipsTest.java,org.openrewrite.cobol.search.FindRelationshipsTest,IC201A,FEATURE_ENVY,CRITICAL,"foreign accesses=33, own accesses=0"
src/test/java/org/openrewrite/cobol/search/FindRelationshipsTest.java,org.openrewrite.cobol.search.FindRelationshipsTest,SM206A,FEATURE_ENVY,HIGH,"foreign accesses=28, own accesses=0"
src/test/java/org/openrewrite/cobol/search/FindRelationshipsTest.java,org.openrewrite.cobol.search.FindRelationshipsTest,aCopyInACopy,FEATURE_ENVY,HIGH,"foreign accesses=26, own accesses=0"
src/test/java/org/openrewrite/cobol/search/FindRelationshipsTest.java,org.openrewrite.cobol.search.FindRelationshipsTest,controlMScheduleToJcl,FEATURE_ENVY,HIGH,"foreign accesses=26, own accesses=0"
src/test/java/org/openrewrite/cobol/search/FindRelationshipsTest.java,org.openrewrite.cobol.search.FindRelationshipsTest,execSqlCreateCursor,FEATURE_ENVY,CRITICAL,"foreign accesses=34, own accesses=0"
src/test/java/org/openrewrite/cobol/search/FindRelationshipsTest.java,org.openrewrite.cobol.search.FindRelationshipsTest,execSqlCreateTable,FEATURE_ENVY,CRITICAL,"foreign accesses=34, own accesses=0"
src/test/java/org/openrewrite/cobol/search/FindRelationshipsTest.java,org.openrewrite.cobol.search.FindRelationshipsTest,execSqlDeleteTable,FEATURE_ENVY,CRITICAL,"foreign accesses=34, own accesses=0"
src/test/java/org/openrewrite/cobol/search/FindRelationshipsTest.java,org.openrewrite.cobol.search.FindRelationshipsTest,execSqlReadCursor,FEATURE_ENVY,CRITICAL,"foreign accesses=34, own accesses=0"
src/test/java/org/openrewrite/cobol/search/FindRelationshipsTest.java,org.openrewrite.cobol.search.FindRelationshipsTest,execSqlReadTable,FEATURE_ENVY,CRITICAL,"foreign accesses=37, own accesses=0"
src/test/java/org/openrewrite/cobol/search/FindRelationshipsTest.java,org.openrewrite.cobol.search.FindRelationshipsTest,execSqlUpdateTable,FEATURE_ENVY,CRITICAL,"foreign accesses=34, own accesses=0"
src/test/java/org/openrewrite/cobol/search/FindRelationshipsTest.java,org.openrewrite.cobol.search.FindRelationshipsTest,includeCopybookWithCopyAndInclude,FEATURE_ENVY,HIGH,"foreign accesses=30, own accesses=0"
src/test/java/org/openrewrite/cobol/search/FindWordTest.java,org.openrewrite.cobol.search.FindWordTest,cm102mExactMatch,FEATURE_ENVY,MEDIUM,"foreign accesses=13, own accesses=1"
src/test/java/org/openrewrite/cobol/search/FindWordTest.java,org.openrewrite.cobol.search.FindWordTest,cm102mPartialMatch,FEATURE_ENVY,MEDIUM,"foreign accesses=12, own accesses=1"
src/test/java/org/openrewrite/cobol/search/FindWordTest.java,org.openrewrite.cobol.search.FindWordTest,sm101A,FEATURE_ENVY,HIGH,"foreign accesses=15, own accesses=2"
src/test/java/org/openrewrite/cobol/tree/cobol/CobolParserAnsi85DivisionTest.java,org.openrewrite.cobol.tree.cobol.CobolParserAnsi85DivisionTest,commaDelimiters,FEATURE_ENVY,LOW,"foreign accesses=9, own accesses=0"
src/test/java/org/openrewrite/cobol/tree/cobol/CobolParserAnsi85DivisionTest.java,org.openrewrite.cobol.tree.cobol.CobolParserAnsi85DivisionTest,visitWord,FEATURE_ENVY,LOW,"foreign accesses=5, own accesses=0"
src/test/java/org/openrewrite/cobol/tree/preprocessor/CobolPreprocessorCopyTest.java,org.openrewrite.cobol.tree.preprocessor.CobolPreprocessorCopyTest,getSource,FEATURE_ENVY,MEDIUM,"foreign accesses=11, own accesses=0"
src/test/java/org/openrewrite/cobol/tree/preprocessor/CobolPreprocessorCopyTest.java,org.openrewrite.cobol.tree.preprocessor.CobolPreprocessorCopyTest,visitCopyStatement,FEATURE_ENVY,HIGH,"foreign accesses=17, own accesses=1"
src/test/java/org/openrewrite/cobol/tree/preprocessor/CobolPreprocessorCopyTest.java,org.openrewrite.cobol.tree.preprocessor.CobolPreprocessorCopyTest,visitSpace,FEATURE_ENVY,LOW,"foreign accesses=7, own accesses=1"
src/test/java/org/openrewrite/cobol/tree/preprocessor/CobolPreprocessorCopybookTest.java,org.openrewrite.cobol.tree.preprocessor.CobolPreprocessorCopybookTest,,GOD_CLASS,LOW,"WMC=51, TCC=0.00, ATFD=8"
src/test/java/org/openrewrite/cobol/tree/preprocessor/CobolPreprocessorCopybookTest.java,org.openrewrite.cobol.tree.preprocessor.CobolPreprocessorCopybookTest,syntaxErrorProducesParseErrorWithoutStoppingStream,FEATURE_ENVY,HIGH,"foreign accesses=30, own accesses=0"
src/test/java/org/openrewrite/cobol/tree/preprocessor/CobolPreprocessorReplaceTest.java,org.openrewrite.cobol.tree.preprocessor.CobolPreprocessorReplaceTest,copyAtStartOfContentArea,FEATURE_ENVY,HIGH,"foreign accesses=21, own accesses=1"
src/test/java/org/openrewrite/cobol/tree/preprocessor/CobolPreprocessorReplaceTest.java,org.openrewrite.cobol.tree.preprocessor.CobolPreprocessorReplaceTest,sm201A,FEATURE_ENVY,CRITICAL,"foreign accesses=71, own accesses=8"
src/test/java/org/openrewrite/cobol/tree/preprocessor/CobolPreprocessorReplaceTest.java,org.openrewrite.cobol.tree.preprocessor.CobolPreprocessorReplaceTest,sm202A,FEATURE_ENVY,CRITICAL,"foreign accesses=36, own accesses=3"
src/test/java/org/openrewrite/cobol/tree/preprocessor/CobolPreprocessorReplaceTest.java,org.openrewrite.cobol.tree.preprocessor.CobolPreprocessorReplaceTest,sm203A,FEATURE_ENVY,CRITICAL,"foreign accesses=36, own accesses=3"
src/test/java/org/openrewrite/cobol/tree/preprocessor/CobolPreprocessorReplaceTest.java,org.openrewrite.cobol.tree.preprocessor.CobolPreprocessorReplaceTest,sm205A,FEATURE_ENVY,HIGH,"foreign accesses=29, own accesses=2"
src/test/java/org/openrewrite/cobol/tree/preprocessor/CobolPreprocessorReplaceTest.java,org.openrewrite.cobol.tree.preprocessor.CobolPreprocessorReplaceTest,sm206A,FEATURE_ENVY,CRITICAL,"foreign accesses=78, own accesses=9"
src/test/java/org/openrewrite/cobol/tree/preprocessor/CobolPreprocessorReplaceTest.java,org.openrewrite.cobol.tree.preprocessor.CobolPreprocessorReplaceTest,sm208A,FEATURE_ENVY,LOW,"foreign accesses=9, own accesses=0"
src/test/java/org/openrewrite/controlm/tree/ParserAssertions.java,org.openrewrite.controlm.tree.ParserAssertions,controlM,FEATURE_ENVY,LOW,"foreign accesses=5, own accesses=1"
src/test/java/org/openrewrite/controlm/tree/ParserAssertions.java,org.openrewrite.controlm.tree.ParserAssertions,visitSpace,FEATURE_ENVY,LOW,"foreign accesses=6, own accesses=0"
src/test/java/org/openrewrite/jcl/JclLineReaderTest.java,org.openrewrite.jcl.JclLineReaderTest,comments,FEATURE_ENVY,LOW,"foreign accesses=5, own accesses=0"
src/test/java/org/openrewrite/jcl/search/FindWordTest.java,org.openrewrite.jcl.search.FindWordTest,exactMatch,FEATURE_ENVY,LOW,"foreign accesses=9, own accesses=0"
src/test/java/org/openrewrite/jcl/search/FindWordTest.java,org.openrewrite.jcl.search.FindWordTest,regexMatch,FEATURE_ENVY,MEDIUM,"foreign accesses=10, own accesses=0"
src/test/java/org/openrewrite/jcl/tree/ParserAssertions.java,org.openrewrite.jcl.tree.ParserAssertions,jcl,FEATURE_ENVY,LOW,"foreign accesses=6, own accesses=1"
src/test/java/org/openrewrite/jcl/tree/ParserAssertions.java,org.openrewrite.jcl.tree.ParserAssertions,jcl,FEATURE_ENVY,LOW,"foreign accesses=5, own accesses=1"
src/test/java/org/openrewrite/jcl/tree/ParserAssertions.java,org.openrewrite.jcl.tree.ParserAssertions,visitSpace,FEATURE_ENVY,LOW,"foreign accesses=6, own accesses=0"
src/main/java/org/openrewrite/cobol/Assertions.java,org.openrewrite.cobol.Assertions,cobol,FEATURE_ENVY,LOW,"foreign accesses=7, own accesses=2"
src/main/java/org/openrewrite/cobol/Assertions.java,org.openrewrite.cobol.Assertions,cobol,FEATURE_ENVY,LOW,"foreign accesses=6, own accesses=2"
src/main/java/org/openrewrite/cobol/Assertions.java,org.openrewrite.cobol.Assertions,cobolPostProcess,FEATURE_ENVY,LOW,"foreign accesses=9, own accesses=3"
src/main/java/org/openrewrite/cobol/Assertions.java,org.openrewrite.cobol.Assertions,copybook,FEATURE_ENVY,LOW,"foreign accesses=6, own accesses=1"
src/main/java/org/openrewrite/cobol/Assertions.java,org.openrewrite.cobol.Assertions,copybook,FEATURE_ENVY,LOW,"foreign accesses=5, own accesses=1"
src/main/java/org/openrewrite/cobol/Assertions.java,org.openrewrite.cobol.Assertions,getCopybookSources,FEATURE_ENVY,HIGH,"foreign accesses=15, own accesses=0"
src/main/java/org/openrewrite/cobol/Assertions.java,org.openrewrite.cobol.Assertions,isPostProcessedLst,FEATURE_ENVY,HIGH,"foreign accesses=25, own accesses=3"
src/main/java/org/openrewrite/cobol/Assertions.java,org.openrewrite.cobol.Assertions,preprocessor,FEATURE_ENVY,LOW,"foreign accesses=6, own accesses=1"
src/main/java/org/openrewrite/cobol/Assertions.java,org.openrewrite.cobol.Assertions,preprocessor,FEATURE_ENVY,LOW,"foreign accesses=6, own accesses=2"
src/main/java/org/openrewrite/cobol/Assertions.java,org.openrewrite.cobol.Assertions,trimTrailingSpaces,FEATURE_ENVY,LOW,"foreign accesses=5, own accesses=0"
src/main/java/org/openrewrite/cobol/Assertions.java,org.openrewrite.cobol.Assertions,visitSpace,FEATURE_ENVY,LOW,"foreign accesses=9, own accesses=0"
src/main/java/org/openrewrite/cobol/Assertions.java,org.openrewrite.cobol.Assertions,visitSpace,FEATURE_ENVY,LOW,"foreign accesses=9, own accesses=0"
src/main/java/org/openrewrite/cobol/Assertions.java,org.openrewrite.cobol.Assertions,visitSpace,FEATURE_ENVY,LOW,"foreign accesses=9, own accesses=0"
src/main/java/org/openrewrite/cobol/CobolLineReader.java,org.openrewrite.cobol.CobolLineReader,getFirstWords,FEATURE_ENVY,LOW,"foreign accesses=5, own accesses=0"
src/main/java/org/openrewrite/cobol/CobolLineReader.java,org.openrewrite.cobol.CobolLineReader,readLines,FEATURE_ENVY,CRITICAL,"foreign accesses=61, own accesses=12"
src/main/java/org/openrewrite/cobol/CobolParser.java,org.openrewrite.cobol.CobolParser,parseInput,FEATURE_ENVY,CRITICAL,"foreign accesses=32, own accesses=5"
src/main/java/org/openrewrite/cobol/CobolParser.java,org.openrewrite.cobol.CobolParser,parseInputs,FEATURE_ENVY,LOW,"foreign accesses=8, own accesses=3"
src/main/java/org/openrewrite/cobol/CobolPreprocessorParser.java,org.openrewrite.cobol.CobolPreprocessorParser,parseInputs,FEATURE_ENVY,CRITICAL,"foreign accesses=38, own accesses=4"
src/main/java/org/openrewrite/cobol/CobolPreprocessorVisitor.java,org.openrewrite.cobol.CobolPreprocessorVisitor,visitCharData,FEATURE_ENVY,LOW,"foreign accesses=7, own accesses=1"
src/main/java/org/openrewrite/cobol/CobolPreprocessorVisitor.java,org.openrewrite.cobol.CobolPreprocessorVisitor,visitCharDataLine,FEATURE_ENVY,LOW,"foreign accesses=7, own accesses=1"
src/main/java/org/openrewrite/cobol/CobolPreprocessorVisitor.java,org.openrewrite.cobol.CobolPreprocessorVisitor,visitCharDataSql,FEATURE_ENVY,LOW,"foreign accesses=7, own accesses=1"
src/main/java/org/openrewrite/cobol/CobolPreprocessorVisitor.java,org.openrewrite.cobol.CobolPreprocessorVisitor,visitCommentEntry,FEATURE_ENVY,LOW,"foreign accesses=7, own accesses=1"
src/main/java/org/openrewrite/cobol/CobolPreprocessorVisitor.java,org.openrewrite.cobol.CobolPreprocessorVisitor,visitCompilationUnit,FEATURE_ENVY,LOW,"foreign accesses=7, own accesses=1"
src/main/java/org/openrewrite/cobol/CobolPreprocessorVisitor.java,org.openrewrite.cobol.CobolPreprocessorVisitor,visitCompilerOption,FEATURE_ENVY,LOW,"foreign accesses=7, own accesses=1"
src/main/java/org/openrewrite/cobol/CobolPreprocessorVisitor.java,org.openrewrite.cobol.CobolPreprocessorVisitor,visitCompilerOptions,FEATURE_ENVY,LOW,"foreign accesses=7, own accesses=1"
src/main/java/org/openrewrite/cobol/CobolPreprocessorVisitor.java,org.openrewrite.cobol.CobolPreprocessorVisitor,visitCompilerXOpts,FEATURE_ENVY,LOW,"foreign accesses=7, own accesses=1"
src/main/java/org/openrewrite/cobol/CobolPreprocessorVisitor.java,org.openrewrite.cobol.CobolPreprocessorVisitor,visitCopySource,FEATURE_ENVY,LOW,"foreign accesses=7, own accesses=1"
src/main/java/org/openrewrite/cobol/CobolPreprocessorVisitor.java,org.openrewrite.cobol.CobolPreprocessorVisitor,visitCopyStatement,FEATURE_ENVY,LOW,"foreign accesses=7, own accesses=1"
src/main/java/org/openrewrite/cobol/CobolPreprocessorVisitor.java,org.openrewrite.cobol.CobolPreprocessorVisitor,visitCopybook,FEATURE_ENVY,LOW,"foreign accesses=7, own accesses=1"
src/main/java/org/openrewrite/cobol/CobolPreprocessorVisitor.java,org.openrewrite.cobol.CobolPreprocessorVisitor,visitDirectoryPhrase,FEATURE_ENVY,LOW,"foreign accesses=7, own accesses=1"
src/main/java/org/openrewrite/cobol/CobolPreprocessorVisitor.java,org.openrewrite.cobol.CobolPreprocessorVisitor,visitEjectStatement,FEATURE_ENVY,LOW,"foreign accesses=7, own accesses=1"
src/main/java/org/openrewrite/cobol/CobolPreprocessorVisitor.java,org.openrewrite.cobol.CobolPreprocessorVisitor,visitExecSqlIncludeStatement,FEATURE_ENVY,LOW,"foreign accesses=7, own accesses=1"
src/main/java/org/openrewrite/cobol/CobolPreprocessorVisitor.java,org.openrewrite.cobol.CobolPreprocessorVisitor,visitExecStatement,FEATURE_ENVY,LOW,"foreign accesses=7, own accesses=1"
src/main/java/org/openrewrite/cobol/CobolPreprocessorVisitor.java,org.openrewrite.cobol.CobolPreprocessorVisitor,visitFamilyPhrase,FEATURE_ENVY,LOW,"foreign accesses=7, own accesses=1"
src/main/java/org/openrewrite/cobol/CobolPreprocessorVisitor.java,org.openrewrite.cobol.CobolPreprocessorVisitor,visitPseudoText,FEATURE_ENVY,LOW,"foreign accesses=7, own accesses=1"
src/main/java/org/openrewrite/cobol/CobolPreprocessorVisitor.java,org.openrewrite.cobol.CobolPreprocessorVisitor,visitReplaceArea,FEATURE_ENVY,LOW,"foreign accesses=7, own accesses=1"
src/main/java/org/openrewrite/cobol/CobolPreprocessorVisitor.java,org.openrewrite.cobol.CobolPreprocessorVisitor,visitReplaceByStatement,FEATURE_ENVY,LOW,"foreign accesses=7, own accesses=1"
src/main/java/org/openrewrite/cobol/CobolPreprocessorVisitor.java,org.openrewrite.cobol.CobolPreprocessorVisitor,visitReplaceClause,FEATURE_ENVY,LOW,"foreign accesses=7, own accesses=1"
src/main/java/org/openrewrite/cobol/CobolPreprocessorVisitor.java,org.openrewrite.cobol.CobolPreprocessorVisitor,visitReplaceOffStatement,FEATURE_ENVY,LOW,"foreign accesses=7, own accesses=1"
src/main/java/org/openrewrite/cobol/CobolPreprocessorVisitor.java,org.openrewrite.cobol.CobolPreprocessorVisitor,visitReplacingPhrase,FEATURE_ENVY,LOW,"foreign accesses=7, own accesses=1"
src/main/java/org/openrewrite/cobol/CobolPreprocessorVisitor.java,org.openrewrite.cobol.CobolPreprocessorVisitor,visitSkipStatement,FEATURE_ENVY,LOW,"foreign accesses=7, own accesses=1"
src/main/java/org/openrewrite/cobol/CobolPreprocessorVisitor.java,org.openrewrite.cobol.CobolPreprocessorVisitor,visitTitleStatement,FEATURE_ENVY,LOW,"foreign accesses=7, own accesses=1"
src/main/java/org/openrewrite/cobol/CobolPreprocessorVisitor.java,org.openrewrite.cobol.CobolPreprocessorVisitor,visitWord,FEATURE_ENVY,LOW,"foreign accesses=7, own accesses=2"
src/main/java/org/openrewrite/cobol/CobolVisitor.java,org.openrewrite.cobol.CobolVisitor,,GOD_CLASS,CRITICAL,"WMC=471, TCC=0.00, ATFD=910"
src/main/java/org/openrewrite/cobol/CobolVisitor.java,org.openrewrite.cobol.CobolVisitor,visitAbbreviation,FEATURE_ENVY,LOW,"foreign accesses=7, own accesses=1"
src/main/java/org/openrewrite/cobol/CobolVisitor.java,org.openrewrite.cobol.CobolVisitor,visitAccept,FEATURE_ENVY,LOW,"foreign accesses=7, own accesses=1"
src/main/java/org/openrewrite/cobol/CobolVisitor.java,org.openrewrite.cobol.CobolVisitor,visitAcceptFromDateStatement,FEATURE_ENVY,LOW,"foreign accesses=7, own accesses=1"
src/main/java/org/openrewrite/cobol/CobolVisitor.java,org.openrewrite.cobol.CobolVisitor,visitAcceptFromEscapeKeyStatement,FEATURE_ENVY,LOW,"foreign accesses=7, own accesses=1"
src/main/java/org/openrewrite/cobol/CobolVisitor.java,org.openrewrite.cobol.CobolVisitor,visitAcceptFromMnemonicStatement,FEATURE_ENVY,LOW,"foreign accesses=7, own accesses=1"
src/main/java/org/openrewrite/cobol/CobolVisitor.java,org.openrewrite.cobol.CobolVisitor,visitAcceptMessageCountStatement,FEATURE_ENVY,LOW,"foreign accesses=7, own accesses=1"
src/main/java/org/openrewrite/cobol/CobolVisitor.java,org.openrewrite.cobol.CobolVisitor,visitAccessModeClause,FEATURE_ENVY,LOW,"foreign accesses=7, own accesses=1"
src/main/java/org/openrewrite/cobol/CobolVisitor.java,org.openrewrite.cobol.CobolVisitor,visitAdd,FEATURE_ENVY,LOW,"foreign accesses=7, own accesses=1"
src/main/java/org/openrewrite/cobol/CobolVisitor.java,org.openrewrite.cobol.CobolVisitor,visitAddCorresponding,FEATURE_ENVY,LOW,"foreign accesses=7, own accesses=1"
src/main/java/org/openrewrite/cobol/CobolVisitor.java,org.openrewrite.cobol.CobolVisitor,visitAddTo,FEATURE_ENVY,LOW,"foreign accesses=7, own accesses=1"
src/main/java/org/openrewrite/cobol/CobolVisitor.java,org.openrewrite.cobol.CobolVisitor,visitAddToGiving,FEATURE_ENVY,LOW,"foreign accesses=7, own accesses=1"
src/main/java/org/openrewrite/cobol/CobolVisitor.java,org.openrewrite.cobol.CobolVisitor,visitAlphabetAlso,FEATURE_ENVY,LOW,"foreign accesses=7, own accesses=1"
src/main/java/org/openrewrite/cobol/CobolVisitor.java,org.openrewrite.cobol.CobolVisitor,visitAlphabetClause,FEATURE_ENVY,LOW,"foreign accesses=7, own accesses=1"
src/main/java/org/openrewrite/cobol/CobolVisitor.java,org.openrewrite.cobol.CobolVisitor,visitAlphabetLiteral,FEATURE_ENVY,LOW,"foreign accesses=7, own accesses=1"
src/main/java/org/openrewrite/cobol/CobolVisitor.java,org.openrewrite.cobol.CobolVisitor,visitAlphabetThrough,FEATURE_ENVY,LOW,"foreign accesses=7, own accesses=1"
src/main/java/org/openrewrite/cobol/CobolVisitor.java,org.openrewrite.cobol.CobolVisitor,visitAlterProceedTo,FEATURE_ENVY,LOW,"foreign accesses=7, own accesses=1"
src/main/java/org/openrewrite/cobol/CobolVisitor.java,org.openrewrite.cobol.CobolVisitor,visitAlterStatement,FEATURE_ENVY,LOW,"foreign accesses=7, own accesses=1"
src/main/java/org/openrewrite/cobol/CobolVisitor.java,org.openrewrite.cobol.CobolVisitor,visitAlteredGoTo,FEATURE_ENVY,LOW,"foreign accesses=7, own accesses=1"
src/main/java/org/openrewrite/cobol/CobolVisitor.java,org.openrewrite.cobol.CobolVisitor,visitAlternateRecordKeyClause,FEATURE_ENVY,LOW,"foreign accesses=7, own accesses=1"
src/main/java/org/openrewrite/cobol/CobolVisitor.java,org.openrewrite.cobol.CobolVisitor,visitAndOrCondition,FEATURE_ENVY,LOW,"foreign accesses=7, own accesses=1"
src/main/java/org/openrewrite/cobol/CobolVisitor.java,org.openrewrite.cobol.CobolVisitor,visitArgument,FEATURE_ENVY,LOW,"foreign accesses=7, own accesses=1"
src/main/java/org/openrewrite/cobol/CobolVisitor.java,org.openrewrite.cobol.CobolVisitor,visitArithmeticExpression,FEATURE_ENVY,LOW,"foreign accesses=7, own accesses=1"
src/main/java/org/openrewrite/cobol/CobolVisitor.java,org.openrewrite.cobol.CobolVisitor,visitAssignClause,FEATURE_ENVY,LOW,"foreign accesses=7, own accesses=1"
src/main/java/org/openrewrite/cobol/CobolVisitor.java,org.openrewrite.cobol.CobolVisitor,visitBlockContainsClause,FEATURE_ENVY,LOW,"foreign accesses=7, own accesses=1"
src/main/java/org/openrewrite/cobol/CobolVisitor.java,org.openrewrite.cobol.CobolVisitor,visitBlockContainsTo,FEATURE_ENVY,LOW,"foreign accesses=7, own accesses=1"
src/main/java/org/openrewrite/cobol/CobolVisitor.java,org.openrewrite.cobol.CobolVisitor,visitCall,FEATURE_ENVY,LOW,"foreign accesses=7, own accesses=1"
src/main/java/org/openrewrite/cobol/CobolVisitor.java,org.openrewrite.cobol.CobolVisitor,visitCallBy,FEATURE_ENVY,LOW,"foreign accesses=7, own accesses=1"
src/main/java/org/openrewrite/cobol/CobolVisitor.java,org.openrewrite.cobol.CobolVisitor,visitCallGivingPhrase,FEATURE_ENVY,LOW,"foreign accesses=7, own accesses=1"
src/main/java/org/openrewrite/cobol/CobolVisitor.java,org.openrewrite.cobol.CobolVisitor,visitCallPhrase,FEATURE_ENVY,LOW,"foreign accesses=7, own accesses=1"
src/main/java/org/openrewrite/cobol/CobolVisitor.java,org.openrewrite.cobol.CobolVisitor,visitCancel,FEATURE_ENVY,LOW,"foreign accesses=7, own accesses=1"
src/main/java/org/openrewrite/cobol/CobolVisitor.java,org.openrewrite.cobol.CobolVisitor,visitCancelCall,FEATURE_ENVY,LOW,"foreign accesses=7, own accesses=1"
src/main/java/org/openrewrite/cobol/CobolVisitor.java,org.openrewrite.cobol.CobolVisitor,visitChannelClause,FEATURE_ENVY,LOW,"foreign accesses=7, own accesses=1"
src/main/java/org/openrewrite/cobol/CobolVisitor.java,org.openrewrite.cobol.CobolVisitor,visitClassClause,FEATURE_ENVY,LOW,"foreign accesses=7, own accesses=1"
src/main/java/org/openrewrite/cobol/CobolVisitor.java,org.openrewrite.cobol.CobolVisitor,visitClassClauseThrough,FEATURE_ENVY,LOW,"foreign accesses=7, own accesses=1"
src/main/java/org/openrewrite/cobol/CobolVisitor.java,org.openrewrite.cobol.CobolVisitor,visitClassCondition,FEATURE_ENVY,LOW,"foreign accesses=7, own accesses=1"
src/main/java/org/openrewrite/cobol/CobolVisitor.java,org.openrewrite.cobol.CobolVisitor,visitClose,FEATURE_ENVY,LOW,"foreign accesses=7, own accesses=1"
src/main/java/org/openrewrite/cobol/CobolVisitor.java,org.openrewrite.cobol.CobolVisitor,visitCloseFile,FEATURE_ENVY,LOW,"foreign accesses=7, own accesses=1"
src/main/java/org/openrewrite/cobol/CobolVisitor.java,org.openrewrite.cobol.CobolVisitor,visitClosePortFileIOStatement,FEATURE_ENVY,LOW,"foreign accesses=7, own accesses=1"
src/main/java/org/openrewrite/cobol/CobolVisitor.java,org.openrewrite.cobol.CobolVisitor,visitClosePortFileIOUsingAssociatedData,FEATURE_ENVY,LOW,"foreign accesses=7, own accesses=1"
src/main/java/org/openrewrite/cobol/CobolVisitor.java,org.openrewrite.cobol.CobolVisitor,visitClosePortFileIOUsingAssociatedDataLength,FEATURE_ENVY,LOW,"foreign accesses=7, own accesses=1"
src/main/java/org/openrewrite/cobol/CobolVisitor.java,org.openrewrite.cobol.CobolVisitor,visitClosePortFileIOUsingCloseDisposition,FEATURE_ENVY,LOW,"foreign accesses=7, own accesses=1"
src/main/java/org/openrewrite/cobol/CobolVisitor.java,org.openrewrite.cobol.CobolVisitor,visitCloseReelUnitStatement,FEATURE_ENVY,LOW,"foreign accesses=7, own accesses=1"
src/main/java/org/openrewrite/cobol/CobolVisitor.java,org.openrewrite.cobol.CobolVisitor,visitCloseRelativeStatement,FEATURE_ENVY,LOW,"foreign accesses=7, own accesses=1"
src/main/java/org/openrewrite/cobol/CobolVisitor.java,org.openrewrite.cobol.CobolVisitor,visitCodeSetClause,FEATURE_ENVY,LOW,"foreign accesses=7, own accesses=1"
src/main/java/org/openrewrite/cobol/CobolVisitor.java,org.openrewrite.cobol.CobolVisitor,visitCollatingSequenceAlphabet,FEATURE_ENVY,LOW,"foreign accesses=7, own accesses=1"
src/main/java/org/openrewrite/cobol/CobolVisitor.java,org.openrewrite.cobol.CobolVisitor,visitCollatingSequenceClause,FEATURE_ENVY,LOW,"foreign accesses=7, own accesses=1"
src/main/java/org/openrewrite/cobol/CobolVisitor.java,org.openrewrite.cobol.CobolVisitor,visitCombinableCondition,FEATURE_ENVY,LOW,"foreign accesses=7, own accesses=1"
src/main/java/org/openrewrite/cobol/CobolVisitor.java,org.openrewrite.cobol.CobolVisitor,visitCommentEntry,FEATURE_ENVY,LOW,"foreign accesses=7, own accesses=1"
src/main/java/org/openrewrite/cobol/CobolVisitor.java,org.openrewrite.cobol.CobolVisitor,visitCommitmentControlClause,FEATURE_ENVY,LOW,"foreign accesses=7, own accesses=1"
src/main/java/org/openrewrite/cobol/CobolVisitor.java,org.openrewrite.cobol.CobolVisitor,visitCommunicationDescriptionEntryFormat1,FEATURE_ENVY,LOW,"foreign accesses=7, own accesses=1"
src/main/java/org/openrewrite/cobol/CobolVisitor.java,org.openrewrite.cobol.CobolVisitor,visitCommunicationDescriptionEntryFormat2,FEATURE_ENVY,LOW,"foreign accesses=7, own accesses=1"
src/main/java/org/openrewrite/cobol/CobolVisitor.java,org.openrewrite.cobol.CobolVisitor,visitCommunicationDescriptionEntryFormat3,FEATURE_ENVY,LOW,"foreign accesses=7, own accesses=1"
src/main/java/org/openrewrite/cobol/CobolVisitor.java,org.openrewrite.cobol.CobolVisitor,visitCommunicationSection,FEATURE_ENVY,LOW,"foreign accesses=7, own accesses=1"
src/main/java/org/openrewrite/cobol/CobolVisitor.java,org.openrewrite.cobol.CobolVisitor,visitCompilationUnit,FEATURE_ENVY,LOW,"foreign accesses=7, own accesses=1"
src/main/java/org/openrewrite/cobol/CobolVisitor.java,org.openrewrite.cobol.CobolVisitor,visitCompute,FEATURE_ENVY,LOW,"foreign accesses=7, own accesses=1"
src/main/java/org/openrewrite/cobol/CobolVisitor.java,org.openrewrite.cobol.CobolVisitor,visitCondition,FEATURE_ENVY,LOW,"foreign accesses=7, own accesses=1"
src/main/java/org/openrewrite/cobol/CobolVisitor.java,org.openrewrite.cobol.CobolVisitor,visitConditionNameReference,FEATURE_ENVY,LOW,"foreign accesses=7, own accesses=1"
src/main/java/org/openrewrite/cobol/CobolVisitor.java,org.openrewrite.cobol.CobolVisitor,visitConditionNameSubscriptReference,FEATURE_ENVY,LOW,"foreign accesses=7, own accesses=1"
src/main/java/org/openrewrite/cobol/CobolVisitor.java,org.openrewrite.cobol.CobolVisitor,visitConfigurationSection,FEATURE_ENVY,LOW,"foreign accesses=7, own accesses=1"
src/main/java/org/openrewrite/cobol/CobolVisitor.java,org.openrewrite.cobol.CobolVisitor,visitContinue,FEATURE_ENVY,LOW,"foreign accesses=7, own accesses=1"
src/main/java/org/openrewrite/cobol/CobolVisitor.java,org.openrewrite.cobol.CobolVisitor,visitCurrencyClause,FEATURE_ENVY,LOW,"foreign accesses=7, own accesses=1"
src/main/java/org/openrewrite/cobol/CobolVisitor.java,org.openrewrite.cobol.CobolVisitor,visitDataAlignedClause,FEATURE_ENVY,LOW,"foreign accesses=7, own accesses=1"
src/main/java/org/openrewrite/cobol/CobolVisitor.java,org.openrewrite.cobol.CobolVisitor,visitDataBaseSection,FEATURE_ENVY,LOW,"foreign accesses=7, own accesses=1"
src/main/java/org/openrewrite/cobol/CobolVisitor.java,org.openrewrite.cobol.CobolVisitor,visitDataBaseSectionEntry,FEATURE_ENVY,LOW,"foreign accesses=7, own accesses=1"
src/main/java/org/openrewrite/cobol/CobolVisitor.java,org.openrewrite.cobol.CobolVisitor,visitDataBlankWhenZeroClause,FEATURE_ENVY,LOW,"foreign accesses=7, own accesses=1"
src/main/java/org/openrewrite/cobol/CobolVisitor.java,org.openrewrite.cobol.CobolVisitor,visitDataCommonOwnLocalClause,FEATURE_ENVY,LOW,"foreign accesses=7, own accesses=1"
src/main/java/org/openrewrite/cobol/CobolVisitor.java,org.openrewrite.cobol.CobolVisitor,visitDataDescriptionEntry,FEATURE_ENVY,LOW,"foreign accesses=7, own accesses=1"
src/main/java/org/openrewrite/cobol/CobolVisitor.java,org.openrewrite.cobol.CobolVisitor,visitDataDivision,FEATURE_ENVY,LOW,"foreign accesses=7, own accesses=1"
src/main/java/org/openrewrite/cobol/CobolVisitor.java,org.openrewrite.cobol.CobolVisitor,visitDataExternalClause,FEATURE_ENVY,LOW,"foreign accesses=7, own accesses=1"
src/main/java/org/openrewrite/cobol/CobolVisitor.java,org.openrewrite.cobol.CobolVisitor,visitDataGlobalClause,FEATURE_ENVY,LOW,"foreign accesses=7, own accesses=1"
src/main/java/org/openrewrite/cobol/CobolVisitor.java,org.openrewrite.cobol.CobolVisitor,visitDataIntegerStringClause,FEATURE_ENVY,LOW,"foreign accesses=7, own accesses=1"
src/main/java/org/openrewrite/cobol/CobolVisitor.java,org.openrewrite.cobol.CobolVisitor,visitDataJustifiedClause,FEATURE_ENVY,LOW,"foreign accesses=7, own accesses=1"
src/main/java/org/openrewrite/cobol/CobolVisitor.java,org.openrewrite.cobol.CobolVisitor,visitDataOccursClause,FEATURE_ENVY,LOW,"foreign accesses=7, own accesses=1"
src/main/java/org/openrewrite/cobol/CobolVisitor.java,org.openrewrite.cobol.CobolVisitor,visitDataOccursDepending,FEATURE_ENVY,LOW,"foreign accesses=7, own accesses=1"
src/main/java/org/openrewrite/cobol/CobolVisitor.java,org.openrewrite.cobol.CobolVisitor,visitDataOccursIndexed,FEATURE_ENVY,LOW,"foreign accesses=7, own accesses=1"
src/main/java/org/openrewrite/cobol/CobolVisitor.java,org.openrewrite.cobol.CobolVisitor,visitDataOccursSort,FEATURE_ENVY,LOW,"foreign accesses=7, own accesses=1"
src/main/java/org/openrewrite/cobol/CobolVisitor.java,org.openrewrite.cobol.CobolVisitor,visitDataOccursTo,FEATURE_ENVY,LOW,"foreign accesses=7, own accesses=1"
src/main/java/org/openrewrite/cobol/CobolVisitor.java,org.openrewrite.cobol.CobolVisitor,visitDataPictureClause,FEATURE_ENVY,LOW,"foreign accesses=7, own accesses=1"
src/main/java/org/openrewrite/cobol/CobolVisitor.java,org.openrewrite.cobol.CobolVisitor,visitDataReceivedByClause,FEATURE_ENVY,LOW,"foreign accesses=7, own accesses=1"
src/main/java/org/openrewrite/cobol/CobolVisitor.java,org.openrewrite.cobol.CobolVisitor,visitDataRecordAreaClause,FEATURE_ENVY,LOW,"foreign accesses=7, own accesses=1"
src/main/java/org/openrewrite/cobol/CobolVisitor.java,org.openrewrite.cobol.CobolVisitor,visitDataRecordsClause,FEATURE_ENVY,LOW,"foreign accesses=7, own accesses=1"
src/main/java/org/openrewrite/cobol/CobolVisitor.java,org.openrewrite.cobol.CobolVisitor,visitDataRedefinesClause,FEATURE_ENVY,LOW,"foreign accesses=7, own accesses=1"
src/main/java/org/openrewrite/cobol/CobolVisitor.java,org.openrewrite.cobol.CobolVisitor,visitDataRenamesClause,FEATURE_ENVY,LOW,"foreign accesses=7, own accesses=1"
src/main/java/org/openrewrite/cobol/CobolVisitor.java,org.openrewrite.cobol.CobolVisitor,visitDataSignClause,FEATURE_ENVY,LOW,"foreign accesses=7, own accesses=1"
src/main/java/org/openrewrite/cobol/CobolVisitor.java,org.openrewrite.cobol.CobolVisitor,visitDataSynchronizedClause,FEATURE_ENVY,LOW,"foreign accesses=7, own accesses=1"
src/main/java/org/openrewrite/cobol/CobolVisitor.java,org.openrewrite.cobol.CobolVisitor,visitDataThreadLocalClause,FEATURE_ENVY,LOW,"foreign accesses=7, own accesses=1"
src/main/java/org/openrewrite/cobol/CobolVisitor.java,org.openrewrite.cobol.CobolVisitor,visitDataTypeClause,FEATURE_ENVY,LOW,"foreign accesses=7, own accesses=1"
src/main/java/org/openrewrite/cobol/CobolVisitor.java,org.openrewrite.cobol.CobolVisitor,visitDataTypeDefClause,FEATURE_ENVY,LOW,"foreign accesses=7, own accesses=1"
src/main/java/org/openrewrite/cobol/CobolVisitor.java,org.openrewrite.cobol.CobolVisitor,visitDataUsageClause,FEATURE_ENVY,LOW,"foreign accesses=7, own accesses=1"
src/main/java/org/openrewrite/cobol/CobolVisitor.java,org.openrewrite.cobol.CobolVisitor,visitDataUsingClause,FEATURE_ENVY,LOW,"foreign accesses=7, own accesses=1"
src/main/java/org/openrewrite/cobol/CobolVisitor.java,org.openrewrite.cobol.CobolVisitor,visitDataValueClause,FEATURE_ENVY,LOW,"foreign accesses=7, own accesses=1"
src/main/java/org/openrewrite/cobol/CobolVisitor.java,org.openrewrite.cobol.CobolVisitor,visitDataValueInterval,FEATURE_ENVY,LOW,"foreign accesses=7, own accesses=1"
src/main/java/org/openrewrite/cobol/CobolVisitor.java,org.openrewrite.cobol.CobolVisitor,visitDataValueIntervalTo,FEATURE_ENVY,LOW,"foreign accesses=7, own accesses=1"
src/main/java/org/openrewrite/cobol/CobolVisitor.java,org.openrewrite.cobol.CobolVisitor,visitDataWithLowerBoundsClause,FEATURE_ENVY,LOW,"foreign accesses=7, own accesses=1"
src/main/java/org/openrewrite/cobol/CobolVisitor.java,org.openrewrite.cobol.CobolVisitor,visitDecimalPointClause,FEATURE_ENVY,LOW,"foreign accesses=7, own accesses=1"
src/main/java/org/openrewrite/cobol/CobolVisitor.java,org.openrewrite.cobol.CobolVisitor,visitDefaultComputationalSignClause,FEATURE_ENVY,LOW,"foreign accesses=7, own accesses=1"
src/main/java/org/openrewrite/cobol/CobolVisitor.java,org.openrewrite.cobol.CobolVisitor,visitDefaultDisplaySignClause,FEATURE_ENVY,LOW,"foreign accesses=7, own accesses=1"
src/main/java/org/openrewrite/cobol/CobolVisitor.java,org.openrewrite.cobol.CobolVisitor,visitDelete,FEATURE_ENVY,LOW,"foreign accesses=7, own accesses=1"
src/main/java/org/openrewrite/cobol/CobolVisitor.java,org.openrewrite.cobol.CobolVisitor,visitDestinationCountClause,FEATURE_ENVY,LOW,"foreign accesses=7, own accesses=1"
src/main/java/org/openrewrite/cobol/CobolVisitor.java,org.openrewrite.cobol.CobolVisitor,visitDestinationTableClause,FEATURE_ENVY,LOW,"foreign accesses=7, own accesses=1"
src/main/java/org/openrewrite/cobol/CobolVisitor.java,org.openrewrite.cobol.CobolVisitor,visitDisable,FEATURE_ENVY,LOW,"foreign accesses=7, own accesses=1"
src/main/java/org/openrewrite/cobol/CobolVisitor.java,org.openrewrite.cobol.CobolVisitor,visitDisplay,FEATURE_ENVY,LOW,"foreign accesses=7, own accesses=1"
src/main/java/org/openrewrite/cobol/CobolVisitor.java,org.openrewrite.cobol.CobolVisitor,visitDisplayAt,FEATURE_ENVY,LOW,"foreign accesses=7, own accesses=1"
src/main/java/org/openrewrite/cobol/CobolVisitor.java,org.openrewrite.cobol.CobolVisitor,visitDisplayUpon,FEATURE_ENVY,LOW,"foreign accesses=7, own accesses=1"
src/main/java/org/openrewrite/cobol/CobolVisitor.java,org.openrewrite.cobol.CobolVisitor,visitDivide,FEATURE_ENVY,LOW,"foreign accesses=7, own accesses=1"
src/main/java/org/openrewrite/cobol/CobolVisitor.java,org.openrewrite.cobol.CobolVisitor,visitDivideGiving,FEATURE_ENVY,LOW,"foreign accesses=7, own accesses=1"
src/main/java/org/openrewrite/cobol/CobolVisitor.java,org.openrewrite.cobol.CobolVisitor,visitDivideGivingPhrase,FEATURE_ENVY,LOW,"foreign accesses=7, own accesses=1"
src/main/java/org/openrewrite/cobol/CobolVisitor.java,org.openrewrite.cobol.CobolVisitor,visitDivideInto,FEATURE_ENVY,LOW,"foreign accesses=7, own accesses=1"
src/main/java/org/openrewrite/cobol/CobolVisitor.java,org.openrewrite.cobol.CobolVisitor,visitDivideRemainder,FEATURE_ENVY,LOW,"foreign accesses=7, own accesses=1"
src/main/java/org/openrewrite/cobol/CobolVisitor.java,org.openrewrite.cobol.CobolVisitor,visitEnable,FEATURE_ENVY,LOW,"foreign accesses=7, own accesses=1"
src/main/java/org/openrewrite/cobol/CobolVisitor.java,org.openrewrite.cobol.CobolVisitor,visitEndKeyClause,FEATURE_ENVY,LOW,"foreign accesses=7, own accesses=1"
src/main/java/org/openrewrite/cobol/CobolVisitor.java,org.openrewrite.cobol.CobolVisitor,visitEndProgram,FEATURE_ENVY,LOW,"foreign accesses=7, own accesses=1"
src/main/java/org/openrewrite/cobol/CobolVisitor.java,org.openrewrite.cobol.CobolVisitor,visitEntry,FEATURE_ENVY,LOW,"foreign accesses=7, own accesses=1"
src/main/java/org/openrewrite/cobol/CobolVisitor.java,org.openrewrite.cobol.CobolVisitor,visitEnvironmentDivision,FEATURE_ENVY,LOW,"foreign accesses=7, own accesses=1"
src/main/java/org/openrewrite/cobol/CobolVisitor.java,org.openrewrite.cobol.CobolVisitor,visitEnvironmentSwitchNameClause,FEATURE_ENVY,LOW,"foreign accesses=7, own accesses=1"
src/main/java/org/openrewrite/cobol/CobolVisitor.java,org.openrewrite.cobol.CobolVisitor,visitEnvironmentSwitchNameSpecialNamesStatusPhrase,FEATURE_ENVY,LOW,"foreign accesses=7, own accesses=1"
src/main/java/org/openrewrite/cobol/CobolVisitor.java,org.openrewrite.cobol.CobolVisitor,visitErrorKeyClause,FEATURE_ENVY,LOW,"foreign accesses=7, own accesses=1"
src/main/java/org/openrewrite/cobol/CobolVisitor.java,org.openrewrite.cobol.CobolVisitor,visitEvaluate,FEATURE_ENVY,LOW,"foreign accesses=7, own accesses=1"
src/main/java/org/openrewrite/cobol/CobolVisitor.java,org.openrewrite.cobol.CobolVisitor,visitEvaluateAlso,FEATURE_ENVY,LOW,"foreign accesses=7, own accesses=1"
src/main/java/org/openrewrite/cobol/CobolVisitor.java,org.openrewrite.cobol.CobolVisitor,visitEvaluateAlsoCondition,FEATURE_ENVY,LOW,"foreign accesses=7, own accesses=1"
src/main/java/org/openrewrite/cobol/CobolVisitor.java,org.openrewrite.cobol.CobolVisitor,visitEvaluateCondition,FEATURE_ENVY,LOW,"foreign accesses=7, own accesses=1"
src/main/java/org/openrewrite/cobol/CobolVisitor.java,org.openrewrite.cobol.CobolVisitor,visitEvaluateThrough,FEATURE_ENVY,LOW,"foreign accesses=7, own accesses=1"
src/main/java/org/openrewrite/cobol/CobolVisitor.java,org.openrewrite.cobol.CobolVisitor,visitEvaluateWhen,FEATURE_ENVY,LOW,"foreign accesses=7, own accesses=1"
src/main/java/org/openrewrite/cobol/CobolVisitor.java,org.openrewrite.cobol.CobolVisitor,visitEvaluateWhenPhrase,FEATURE_ENVY,LOW,"foreign accesses=7, own accesses=1"
src/main/java/org/openrewrite/cobol/CobolVisitor.java,org.openrewrite.cobol.CobolVisitor,visitExecCicsStatement,FEATURE_ENVY,LOW,"foreign accesses=7, own accesses=1"
src/main/java/org/openrewrite/cobol/CobolVisitor.java,org.openrewrite.cobol.CobolVisitor,visitExecSqlImsStatement,FEATURE_ENVY,LOW,"foreign accesses=7, own accesses=1"
src/main/java/org/openrewrite/cobol/CobolVisitor.java,org.openrewrite.cobol.CobolVisitor,visitExecSqlStatement,FEATURE_ENVY,LOW,"foreign accesses=7, own accesses=1"
src/main/java/org/openrewrite/cobol/CobolVisitor.java,org.openrewrite.cobol.CobolVisitor,visitExhibit,FEATURE_ENVY,LOW,"foreign accesses=7, own accesses=1"
src/main/java/org/openrewrite/cobol/CobolVisitor.java,org.openrewrite.cobol.CobolVisitor,visitExit,FEATURE_ENVY,LOW,"foreign accesses=7, own accesses=1"
src/main/java/org/openrewrite/cobol/CobolVisitor.java,org.openrewrite.cobol.CobolVisitor,visitExternalClause,FEATURE_ENVY,LOW,"foreign accesses=7, own accesses=1"
src/main/java/org/openrewrite/cobol/CobolVisitor.java,org.openrewrite.cobol.CobolVisitor,visitFigurativeConstant,FEATURE_ENVY,LOW,"foreign accesses=7, own accesses=1"
src/main/java/org/openrewrite/cobol/CobolVisitor.java,org.openrewrite.cobol.CobolVisitor,visitFileControlEntry,FEATURE_ENVY,LOW,"foreign accesses=7, own accesses=1"
src/main/java/org/openrewrite/cobol/CobolVisitor.java,org.openrewrite.cobol.CobolVisitor,visitFileControlParagraph,FEATURE_ENVY,LOW,"foreign accesses=7, own accesses=1"
src/main/java/org/openrewrite/cobol/CobolVisitor.java,org.openrewrite.cobol.CobolVisitor,visitFileDescriptionEntry,FEATURE_ENVY,LOW,"foreign accesses=7, own accesses=1"
src/main/java/org/openrewrite/cobol/CobolVisitor.java,org.openrewrite.cobol.CobolVisitor,visitFileSection,FEATURE_ENVY,LOW,"foreign accesses=7, own accesses=1"
src/main/java/org/openrewrite/cobol/CobolVisitor.java,org.openrewrite.cobol.CobolVisitor,visitFileStatusClause,FEATURE_ENVY,LOW,"foreign accesses=7, own accesses=1"
src/main/java/org/openrewrite/cobol/CobolVisitor.java,org.openrewrite.cobol.CobolVisitor,visitFunctionCall,FEATURE_ENVY,LOW,"foreign accesses=7, own accesses=1"
src/main/java/org/openrewrite/cobol/CobolVisitor.java,org.openrewrite.cobol.CobolVisitor,visitGenerate,FEATURE_ENVY,LOW,"foreign accesses=7, own accesses=1"
src/main/java/org/openrewrite/cobol/CobolVisitor.java,org.openrewrite.cobol.CobolVisitor,visitGlobalClause,FEATURE_ENVY,LOW,"foreign accesses=7, own accesses=1"
src/main/java/org/openrewrite/cobol/CobolVisitor.java,org.openrewrite.cobol.CobolVisitor,visitGoBack,FEATURE_ENVY,LOW,"foreign accesses=7, own accesses=1"
src/main/java/org/openrewrite/cobol/CobolVisitor.java,org.openrewrite.cobol.CobolVisitor,visitGoTo,FEATURE_ENVY,LOW,"foreign accesses=7, own accesses=1"
src/main/java/org/openrewrite/cobol/CobolVisitor.java,org.openrewrite.cobol.CobolVisitor,visitGoToDependingOnStatement,FEATURE_ENVY,LOW,"foreign accesses=7, own accesses=1"
src/main/java/org/openrewrite/cobol/CobolVisitor.java,org.openrewrite.cobol.CobolVisitor,visitIdentificationDivision,FEATURE_ENVY,LOW,"foreign accesses=7, own accesses=1"
src/main/java/org/openrewrite/cobol/CobolVisitor.java,org.openrewrite.cobol.CobolVisitor,visitIdentificationDivisionParagraph,FEATURE_ENVY,LOW,"foreign accesses=7, own accesses=1"
src/main/java/org/openrewrite/cobol/CobolVisitor.java,org.openrewrite.cobol.CobolVisitor,visitIf,FEATURE_ENVY,LOW,"foreign accesses=7, own accesses=1"
src/main/java/org/openrewrite/cobol/CobolVisitor.java,org.openrewrite.cobol.CobolVisitor,visitIfElse,FEATURE_ENVY,LOW,"foreign accesses=7, own accesses=1"
src/main/java/org/openrewrite/cobol/CobolVisitor.java,org.openrewrite.cobol.CobolVisitor,visitIfThen,FEATURE_ENVY,LOW,"foreign accesses=7, own accesses=1"
src/main/java/org/openrewrite/cobol/CobolVisitor.java,org.openrewrite.cobol.CobolVisitor,visitInData,FEATURE_ENVY,LOW,"foreign accesses=7, own accesses=1"
src/main/java/org/openrewrite/cobol/CobolVisitor.java,org.openrewrite.cobol.CobolVisitor,visitInFile,FEATURE_ENVY,LOW,"foreign accesses=7, own accesses=1"
src/main/java/org/openrewrite/cobol/CobolVisitor.java,org.openrewrite.cobol.CobolVisitor,visitInLibrary,FEATURE_ENVY,LOW,"foreign accesses=7, own accesses=1"
src/main/java/org/openrewrite/cobol/CobolVisitor.java,org.openrewrite.cobol.CobolVisitor,visitInMnemonic,FEATURE_ENVY,LOW,"foreign accesses=7, own accesses=1"
src/main/java/org/openrewrite/cobol/CobolVisitor.java,org.openrewrite.cobol.CobolVisitor,visitInSection,FEATURE_ENVY,LOW,"foreign accesses=7, own accesses=1"
src/main/java/org/openrewrite/cobol/CobolVisitor.java,org.openrewrite.cobol.CobolVisitor,visitInTable,FEATURE_ENVY,LOW,"foreign accesses=7, own accesses=1"
src/main/java/org/openrewrite/cobol/CobolVisitor.java,org.openrewrite.cobol.CobolVisitor,visitInitialize,FEATURE_ENVY,LOW,"foreign accesses=7, own accesses=1"
src/main/java/org/openrewrite/cobol/CobolVisitor.java,org.openrewrite.cobol.CobolVisitor,visitInitializeReplacingBy,FEATURE_ENVY,LOW,"foreign accesses=7, own accesses=1"
src/main/java/org/openrewrite/cobol/CobolVisitor.java,org.openrewrite.cobol.CobolVisitor,visitInitializeReplacingPhrase,FEATURE_ENVY,LOW,"foreign accesses=7, own accesses=1"
src/main/java/org/openrewrite/cobol/CobolVisitor.java,org.openrewrite.cobol.CobolVisitor,visitInitiate,FEATURE_ENVY,LOW,"foreign accesses=7, own accesses=1"
src/main/java/org/openrewrite/cobol/CobolVisitor.java,org.openrewrite.cobol.CobolVisitor,visitInputOutputSection,FEATURE_ENVY,LOW,"foreign accesses=7, own accesses=1"
src/main/java/org/openrewrite/cobol/CobolVisitor.java,org.openrewrite.cobol.CobolVisitor,visitInspect,FEATURE_ENVY,LOW,"foreign accesses=7, own accesses=1"
src/main/java/org/openrewrite/cobol/CobolVisitor.java,org.openrewrite.cobol.CobolVisitor,visitInspectAllLeading,FEATURE_ENVY,LOW,"foreign accesses=7, own accesses=1"
src/main/java/org/openrewrite/cobol/CobolVisitor.java,org.openrewrite.cobol.CobolVisitor,visitInspectAllLeadings,FEATURE_ENVY,LOW,"foreign accesses=7, own accesses=1"
src/main/java/org/openrewrite/cobol/CobolVisitor.java,org.openrewrite.cobol.CobolVisitor,visitInspectBeforeAfter,FEATURE_ENVY,LOW,"foreign accesses=7, own accesses=1"
src/main/java/org/openrewrite/cobol/CobolVisitor.java,org.openrewrite.cobol.CobolVisitor,visitInspectBy,FEATURE_ENVY,LOW,"foreign accesses=7, own accesses=1"
src/main/java/org/openrewrite/cobol/CobolVisitor.java,org.openrewrite.cobol.CobolVisitor,visitInspectCharacters,FEATURE_ENVY,LOW,"foreign accesses=7, own accesses=1"
src/main/java/org/openrewrite/cobol/CobolVisitor.java,org.openrewrite.cobol.CobolVisitor,visitInspectConvertingPhrase,FEATURE_ENVY,LOW,"foreign accesses=7, own accesses=1"
src/main/java/org/openrewrite/cobol/CobolVisitor.java,org.openrewrite.cobol.CobolVisitor,visitInspectFor,FEATURE_ENVY,LOW,"foreign accesses=7, own accesses=1"
src/main/java/org/openrewrite/cobol/CobolVisitor.java,org.openrewrite.cobol.CobolVisitor,visitInspectReplacingAllLeading,FEATURE_ENVY,LOW,"foreign accesses=7, own accesses=1"
src/main/java/org/openrewrite/cobol/CobolVisitor.java,org.openrewrite.cobol.CobolVisitor,visitInspectReplacingAllLeadings,FEATURE_ENVY,LOW,"foreign accesses=7, own accesses=1"
src/main/java/org/openrewrite/cobol/CobolVisitor.java,org.openrewrite.cobol.CobolVisitor,visitInspectReplacingCharacters,FEATURE_ENVY,LOW,"foreign accesses=7, own accesses=1"
src/main/java/org/openrewrite/cobol/CobolVisitor.java,org.openrewrite.cobol.CobolVisitor,visitInspectReplacingPhrase,FEATURE_ENVY,LOW,"foreign accesses=7, own accesses=1"
src/main/java/org/openrewrite/cobol/CobolVisitor.java,org.openrewrite.cobol.CobolVisitor,visitInspectTallyingPhrase,FEATURE_ENVY,LOW,"foreign accesses=7, own accesses=1"
src/main/java/org/openrewrite/cobol/CobolVisitor.java,org.openrewrite.cobol.CobolVisitor,visitInspectTallyingReplacingPhrase,FEATURE_ENVY,LOW,"foreign accesses=7, own accesses=1"
src/main/java/org/openrewrite/cobol/CobolVisitor.java,org.openrewrite.cobol.CobolVisitor,visitInspectTo,FEATURE_ENVY,LOW,"foreign accesses=7, own accesses=1"
src/main/java/org/openrewrite/cobol/CobolVisitor.java,org.openrewrite.cobol.CobolVisitor,visitIoControlParagraph,FEATURE_ENVY,LOW,"foreign accesses=7, own accesses=1"
src/main/java/org/openrewrite/cobol/CobolVisitor.java,org.openrewrite.cobol.CobolVisitor,visitLabelRecordsClause,FEATURE_ENVY,LOW,"foreign accesses=7, own accesses=1"
src/main/java/org/openrewrite/cobol/CobolVisitor.java,org.openrewrite.cobol.CobolVisitor,visitLibraryAttributeClauseFormat1,FEATURE_ENVY,LOW,"foreign accesses=7, own accesses=1"
src/main/java/org/openrewrite/cobol/CobolVisitor.java,org.openrewrite.cobol.CobolVisitor,visitLibraryAttributeClauseFormat2,FEATURE_ENVY,LOW,"foreign accesses=7, own accesses=1"
src/main/java/org/openrewrite/cobol/CobolVisitor.java,org.openrewrite.cobol.CobolVisitor,visitLibraryAttributeFunction,FEATURE_ENVY,LOW,"foreign accesses=7, own accesses=1"
src/main/java/org/openrewrite/cobol/CobolVisitor.java,org.openrewrite.cobol.CobolVisitor,visitLibraryAttributeParameter,FEATURE_ENVY,LOW,"foreign accesses=7, own accesses=1"
src/main/java/org/openrewrite/cobol/CobolVisitor.java,org.openrewrite.cobol.CobolVisitor,visitLibraryAttributeTitle,FEATURE_ENVY,LOW,"foreign accesses=7, own accesses=1"
src/main/java/org/openrewrite/cobol/CobolVisitor.java,org.openrewrite.cobol.CobolVisitor,visitLibraryDescriptionEntryFormat1,FEATURE_ENVY,LOW,"foreign accesses=7, own accesses=1"
src/main/java/org/openrewrite/cobol/CobolVisitor.java,org.openrewrite.cobol.CobolVisitor,visitLibraryDescriptionEntryFormat2,FEATURE_ENVY,LOW,"foreign accesses=7, own accesses=1"
src/main/java/org/openrewrite/cobol/CobolVisitor.java,org.openrewrite.cobol.CobolVisitor,visitLibraryEntryProcedureClauseFormat1,FEATURE_ENVY,LOW,"foreign accesses=7, own accesses=1"
src/main/java/org/openrewrite/cobol/CobolVisitor.java,org.openrewrite.cobol.CobolVisitor,visitLibraryEntryProcedureClauseFormat2,FEATURE_ENVY,LOW,"foreign accesses=7, own accesses=1"
src/main/java/org/openrewrite/cobol/CobolVisitor.java,org.openrewrite.cobol.CobolVisitor,visitLibraryEntryProcedureForClause,FEATURE_ENVY,LOW,"foreign accesses=7, own accesses=1"
src/main/java/org/openrewrite/cobol/CobolVisitor.java,org.openrewrite.cobol.CobolVisitor,visitLibraryEntryProcedureGivingClause,FEATURE_ENVY,LOW,"foreign accesses=7, own accesses=1"
src/main/java/org/openrewrite/cobol/CobolVisitor.java,org.openrewrite.cobol.CobolVisitor,visitLibraryEntryProcedureUsingClause,FEATURE_ENVY,LOW,"foreign accesses=7, own accesses=1"
src/main/java/org/openrewrite/cobol/CobolVisitor.java,org.openrewrite.cobol.CobolVisitor,visitLibraryEntryProcedureWithClause,FEATURE_ENVY,LOW,"foreign accesses=7, own accesses=1"
src/main/java/org/openrewrite/cobol/CobolVisitor.java,org.openrewrite.cobol.CobolVisitor,visitLibraryIsCommonClause,FEATURE_ENVY,LOW,"foreign accesses=7, own accesses=1"
src/main/java/org/openrewrite/cobol/CobolVisitor.java,org.openrewrite.cobol.CobolVisitor,visitLibraryIsGlobalClause,FEATURE_ENVY,LOW,"foreign accesses=7, own accesses=1"
src/main/java/org/openrewrite/cobol/CobolVisitor.java,org.openrewrite.cobol.CobolVisitor,visitLinageClause,FEATURE_ENVY,LOW,"foreign accesses=7, own accesses=1"
src/main/java/org/openrewrite/cobol/CobolVisitor.java,org.openrewrite.cobol.CobolVisitor,visitLinageFootingAt,FEATURE_ENVY,LOW,"foreign accesses=7, own accesses=1"
src/main/java/org/openrewrite/cobol/CobolVisitor.java,org.openrewrite.cobol.CobolVisitor,visitLinageLinesAtBottom,FEATURE_ENVY,LOW,"foreign accesses=7, own accesses=1"
src/main/java/org/openrewrite/cobol/CobolVisitor.java,org.openrewrite.cobol.CobolVisitor,visitLinageLinesAtTop,FEATURE_ENVY,LOW,"foreign accesses=7, own accesses=1"
src/main/java/org/openrewrite/cobol/CobolVisitor.java,org.openrewrite.cobol.CobolVisitor,visitLine,FEATURE_ENVY,LOW,"foreign accesses=9, own accesses=3"
src/main/java/org/openrewrite/cobol/CobolVisitor.java,org.openrewrite.cobol.CobolVisitor,visitLinkageSection,FEATURE_ENVY,LOW,"foreign accesses=7, own accesses=1"
src/main/java/org/openrewrite/cobol/CobolVisitor.java,org.openrewrite.cobol.CobolVisitor,visitLocalStorageSection,FEATURE_ENVY,LOW,"foreign accesses=7, own accesses=1"
src/main/java/org/openrewrite/cobol/CobolVisitor.java,org.openrewrite.cobol.CobolVisitor,visitMerge,FEATURE_ENVY,LOW,"foreign accesses=7, own accesses=1"
src/main/java/org/openrewrite/cobol/CobolVisitor.java,org.openrewrite.cobol.CobolVisitor,visitMergeCollatingSequencePhrase,FEATURE_ENVY,LOW,"foreign accesses=7, own accesses=1"
src/main/java/org/openrewrite/cobol/CobolVisitor.java,org.openrewrite.cobol.CobolVisitor,visitMergeGiving,FEATURE_ENVY,LOW,"foreign accesses=7, own accesses=1"
src/main/java/org/openrewrite/cobol/CobolVisitor.java,org.openrewrite.cobol.CobolVisitor,visitMergeGivingPhrase,FEATURE_ENVY,LOW,"foreign accesses=7, own accesses=1"
src/main/java/org/openrewrite/cobol/CobolVisitor.java,org.openrewrite.cobol.CobolVisitor,visitMergeOnKeyClause,FEATURE_ENVY,LOW,"foreign accesses=7, own accesses=1"
src/main/java/org/openrewrite/cobol/CobolVisitor.java,org.openrewrite.cobol.CobolVisitor,visitMergeOutputProcedurePhrase,FEATURE_ENVY,LOW,"foreign accesses=7, own accesses=1"
src/main/java/org/openrewrite/cobol/CobolVisitor.java,org.openrewrite.cobol.CobolVisitor,visitMergeOutputThrough,FEATURE_ENVY,LOW,"foreign accesses=7, own accesses=1"
src/main/java/org/openrewrite/cobol/CobolVisitor.java,org.openrewrite.cobol.CobolVisitor,visitMergeUsing,FEATURE_ENVY,LOW,"foreign accesses=7, own accesses=1"
src/main/java/org/openrewrite/cobol/CobolVisitor.java,org.openrewrite.cobol.CobolVisitor,visitMergeable,FEATURE_ENVY,LOW,"foreign accesses=7, own accesses=1"
src/main/java/org/openrewrite/cobol/CobolVisitor.java,org.openrewrite.cobol.CobolVisitor,visitMessageCountClause,FEATURE_ENVY,LOW,"foreign accesses=7, own accesses=1"
src/main/java/org/openrewrite/cobol/CobolVisitor.java,org.openrewrite.cobol.CobolVisitor,visitMessageDateClause,FEATURE_ENVY,LOW,"foreign accesses=7, own accesses=1"
src/main/java/org/openrewrite/cobol/CobolVisitor.java,org.openrewrite.cobol.CobolVisitor,visitMessageTimeClause,FEATURE_ENVY,LOW,"foreign accesses=7, own accesses=1"
src/main/java/org/openrewrite/cobol/CobolVisitor.java,org.openrewrite.cobol.CobolVisitor,visitMoveCorrespondingToStatement,FEATURE_ENVY,LOW,"foreign accesses=7, own accesses=1"
src/main/java/org/openrewrite/cobol/CobolVisitor.java,org.openrewrite.cobol.CobolVisitor,visitMoveStatement,FEATURE_ENVY,LOW,"foreign accesses=7, own accesses=1"
src/main/java/org/openrewrite/cobol/CobolVisitor.java,org.openrewrite.cobol.CobolVisitor,visitMoveToStatement,FEATURE_ENVY,LOW,"foreign accesses=7, own accesses=1"
src/main/java/org/openrewrite/cobol/CobolVisitor.java,org.openrewrite.cobol.CobolVisitor,visitMultDiv,FEATURE_ENVY,LOW,"foreign accesses=7, own accesses=1"
src/main/java/org/openrewrite/cobol/CobolVisitor.java,org.openrewrite.cobol.CobolVisitor,visitMultDivs,FEATURE_ENVY,LOW,"foreign accesses=7, own accesses=1"
src/main/java/org/openrewrite/cobol/CobolVisitor.java,org.openrewrite.cobol.CobolVisitor,visitMultipleFileClause,FEATURE_ENVY,LOW,"foreign accesses=7, own accesses=1"
src/main/java/org/openrewrite/cobol/CobolVisitor.java,org.openrewrite.cobol.CobolVisitor,visitMultipleFilePosition,FEATURE_ENVY,LOW,"foreign accesses=7, own accesses=1"
src/main/java/org/openrewrite/cobol/CobolVisitor.java,org.openrewrite.cobol.CobolVisitor,visitMultiply,FEATURE_ENVY,LOW,"foreign accesses=7, own accesses=1"
src/main/java/org/openrewrite/cobol/CobolVisitor.java,org.openrewrite.cobol.CobolVisitor,visitMultiplyGiving,FEATURE_ENVY,LOW,"foreign accesses=7, own accesses=1"
src/main/java/org/openrewrite/cobol/CobolVisitor.java,org.openrewrite.cobol.CobolVisitor,visitMultiplyRegular,FEATURE_ENVY,LOW,"foreign accesses=7, own accesses=1"
src/main/java/org/openrewrite/cobol/CobolVisitor.java,org.openrewrite.cobol.CobolVisitor,visitNextSentence,FEATURE_ENVY,LOW,"foreign accesses=7, own accesses=1"
src/main/java/org/openrewrite/cobol/CobolVisitor.java,org.openrewrite.cobol.CobolVisitor,visitObjectComputer,FEATURE_ENVY,LOW,"foreign accesses=7, own accesses=1"
src/main/java/org/openrewrite/cobol/CobolVisitor.java,org.openrewrite.cobol.CobolVisitor,visitObjectComputerDefinition,FEATURE_ENVY,LOW,"foreign accesses=7, own accesses=1"
src/main/java/org/openrewrite/cobol/CobolVisitor.java,org.openrewrite.cobol.CobolVisitor,visitOdtClause,FEATURE_ENVY,LOW,"foreign accesses=7, own accesses=1"
src/main/java/org/openrewrite/cobol/CobolVisitor.java,org.openrewrite.cobol.CobolVisitor,visitOpen,FEATURE_ENVY,LOW,"foreign accesses=7, own accesses=1"
src/main/java/org/openrewrite/cobol/CobolVisitor.java,org.openrewrite.cobol.CobolVisitor,visitOpenIOExtendStatement,FEATURE_ENVY,LOW,"foreign accesses=7, own accesses=1"
src/main/java/org/openrewrite/cobol/CobolVisitor.java,org.openrewrite.cobol.CobolVisitor,visitOpenInputOutputStatement,FEATURE_ENVY,LOW,"foreign accesses=7, own accesses=1"
src/main/java/org/openrewrite/cobol/CobolVisitor.java,org.openrewrite.cobol.CobolVisitor,visitOpenable,FEATURE_ENVY,LOW,"foreign accesses=7, own accesses=1"
src/main/java/org/openrewrite/cobol/CobolVisitor.java,org.openrewrite.cobol.CobolVisitor,visitOrganizationClause,FEATURE_ENVY,LOW,"foreign accesses=7, own accesses=1"
src/main/java/org/openrewrite/cobol/CobolVisitor.java,org.openrewrite.cobol.CobolVisitor,visitPaddingCharacterClause,FEATURE_ENVY,LOW,"foreign accesses=7, own accesses=1"
src/main/java/org/openrewrite/cobol/CobolVisitor.java,org.openrewrite.cobol.CobolVisitor,visitParagraph,FEATURE_ENVY,LOW,"foreign accesses=7, own accesses=1"
src/main/java/org/openrewrite/cobol/CobolVisitor.java,org.openrewrite.cobol.CobolVisitor,visitParagraphs,FEATURE_ENVY,LOW,"foreign accesses=7, own accesses=1"
src/main/java/org/openrewrite/cobol/CobolVisitor.java,org.openrewrite.cobol.CobolVisitor,visitParenthesized,FEATURE_ENVY,LOW,"foreign accesses=7, own accesses=1"
src/main/java/org/openrewrite/cobol/CobolVisitor.java,org.openrewrite.cobol.CobolVisitor,visitPasswordClause,FEATURE_ENVY,LOW,"foreign accesses=7, own accesses=1"
src/main/java/org/openrewrite/cobol/CobolVisitor.java,org.openrewrite.cobol.CobolVisitor,visitPerform,FEATURE_ENVY,LOW,"foreign accesses=7, own accesses=1"
src/main/java/org/openrewrite/cobol/CobolVisitor.java,org.openrewrite.cobol.CobolVisitor,visitPerformInlineStatement,FEATURE_ENVY,LOW,"foreign accesses=7, own accesses=1"
src/main/java/org/openrewrite/cobol/CobolVisitor.java,org.openrewrite.cobol.CobolVisitor,visitPerformProcedureStatement,FEATURE_ENVY,LOW,"foreign accesses=7, own accesses=1"
src/main/java/org/openrewrite/cobol/CobolVisitor.java,org.openrewrite.cobol.CobolVisitor,visitPerformTestClause,FEATURE_ENVY,LOW,"foreign accesses=7, own accesses=1"
src/main/java/org/openrewrite/cobol/CobolVisitor.java,org.openrewrite.cobol.CobolVisitor,visitPerformTimes,FEATURE_ENVY,LOW,"foreign accesses=7, own accesses=1"
src/main/java/org/openrewrite/cobol/CobolVisitor.java,org.openrewrite.cobol.CobolVisitor,visitPerformUntil,FEATURE_ENVY,LOW,"foreign accesses=7, own accesses=1"
src/main/java/org/openrewrite/cobol/CobolVisitor.java,org.openrewrite.cobol.CobolVisitor,visitPerformVarying,FEATURE_ENVY,LOW,"foreign accesses=7, own accesses=1"
src/main/java/org/openrewrite/cobol/CobolVisitor.java,org.openrewrite.cobol.CobolVisitor,visitPerformVaryingClause,FEATURE_ENVY,LOW,"foreign accesses=7, own accesses=1"
src/main/java/org/openrewrite/cobol/CobolVisitor.java,org.openrewrite.cobol.CobolVisitor,visitPerformVaryingPhrase,FEATURE_ENVY,LOW,"foreign accesses=7, own accesses=1"
src/main/java/org/openrewrite/cobol/CobolVisitor.java,org.openrewrite.cobol.CobolVisitor,visitPerformable,FEATURE_ENVY,LOW,"foreign accesses=7, own accesses=1"
src/main/java/org/openrewrite/cobol/CobolVisitor.java,org.openrewrite.cobol.CobolVisitor,visitPicture,FEATURE_ENVY,LOW,"foreign accesses=7, own accesses=1"
src/main/java/org/openrewrite/cobol/CobolVisitor.java,org.openrewrite.cobol.CobolVisitor,visitPictureString,FEATURE_ENVY,LOW,"foreign accesses=7, own accesses=1"
src/main/java/org/openrewrite/cobol/CobolVisitor.java,org.openrewrite.cobol.CobolVisitor,visitPlusMinus,FEATURE_ENVY,LOW,"foreign accesses=7, own accesses=1"
src/main/java/org/openrewrite/cobol/CobolVisitor.java,org.openrewrite.cobol.CobolVisitor,visitPower,FEATURE_ENVY,LOW,"foreign accesses=7, own accesses=1"
src/main/java/org/openrewrite/cobol/CobolVisitor.java,org.openrewrite.cobol.CobolVisitor,visitPowers,FEATURE_ENVY,LOW,"foreign accesses=7, own accesses=1"
src/main/java/org/openrewrite/cobol/CobolVisitor.java,org.openrewrite.cobol.CobolVisitor,visitProcedureDeclarative,FEATURE_ENVY,LOW,"foreign accesses=7, own accesses=1"
src/main/java/org/openrewrite/cobol/CobolVisitor.java,org.openrewrite.cobol.CobolVisitor,visitProcedureDeclaratives,FEATURE_ENVY,LOW,"foreign accesses=7, own accesses=1"
src/main/java/org/openrewrite/cobol/CobolVisitor.java,org.openrewrite.cobol.CobolVisitor,visitProcedureDivision,FEATURE_ENVY,LOW,"foreign accesses=7, own accesses=1"
src/main/java/org/openrewrite/cobol/CobolVisitor.java,org.openrewrite.cobol.CobolVisitor,visitProcedureDivisionBody,FEATURE_ENVY,LOW,"foreign accesses=7, own accesses=1"
src/main/java/org/openrewrite/cobol/CobolVisitor.java,org.openrewrite.cobol.CobolVisitor,visitProcedureDivisionByReference,FEATURE_ENVY,LOW,"foreign accesses=7, own accesses=1"
src/main/java/org/openrewrite/cobol/CobolVisitor.java,org.openrewrite.cobol.CobolVisitor,visitProcedureDivisionByReferencePhrase,FEATURE_ENVY,LOW,"foreign accesses=7, own accesses=1"
src/main/java/org/openrewrite/cobol/CobolVisitor.java,org.openrewrite.cobol.CobolVisitor,visitProcedureDivisionByValuePhrase,FEATURE_ENVY,LOW,"foreign accesses=7, own accesses=1"
src/main/java/org/openrewrite/cobol/CobolVisitor.java,org.openrewrite.cobol.CobolVisitor,visitProcedureDivisionGivingClause,FEATURE_ENVY,LOW,"foreign accesses=7, own accesses=1"
src/main/java/org/openrewrite/cobol/CobolVisitor.java,org.openrewrite.cobol.CobolVisitor,visitProcedureDivisionUsingClause,FEATURE_ENVY,LOW,"foreign accesses=7, own accesses=1"
src/main/java/org/openrewrite/cobol/CobolVisitor.java,org.openrewrite.cobol.CobolVisitor,visitProcedureName,FEATURE_ENVY,LOW,"foreign accesses=7, own accesses=1"
src/main/java/org/openrewrite/cobol/CobolVisitor.java,org.openrewrite.cobol.CobolVisitor,visitProcedureSection,FEATURE_ENVY,LOW,"foreign accesses=7, own accesses=1"
src/main/java/org/openrewrite/cobol/CobolVisitor.java,org.openrewrite.cobol.CobolVisitor,visitProcedureSectionHeader,FEATURE_ENVY,LOW,"foreign accesses=7, own accesses=1"
src/main/java/org/openrewrite/cobol/CobolVisitor.java,org.openrewrite.cobol.CobolVisitor,visitProgramIdParagraph,FEATURE_ENVY,LOW,"foreign accesses=7, own accesses=1"
src/main/java/org/openrewrite/cobol/CobolVisitor.java,org.openrewrite.cobol.CobolVisitor,visitProgramLibrarySection,FEATURE_ENVY,LOW,"foreign accesses=7, own accesses=1"
src/main/java/org/openrewrite/cobol/CobolVisitor.java,org.openrewrite.cobol.CobolVisitor,visitProgramUnit,FEATURE_ENVY,LOW,"foreign accesses=7, own accesses=1"
src/main/java/org/openrewrite/cobol/CobolVisitor.java,org.openrewrite.cobol.CobolVisitor,visitPurge,FEATURE_ENVY,LOW,"foreign accesses=7, own accesses=1"
src/main/java/org/openrewrite/cobol/CobolVisitor.java,org.openrewrite.cobol.CobolVisitor,visitQualifiedDataName,FEATURE_ENVY,LOW,"foreign accesses=7, own accesses=1"
src/main/java/org/openrewrite/cobol/CobolVisitor.java,org.openrewrite.cobol.CobolVisitor,visitQualifiedDataNameFormat1,FEATURE_ENVY,LOW,"foreign accesses=7, own accesses=1"
src/main/java/org/openrewrite/cobol/CobolVisitor.java,org.openrewrite.cobol.CobolVisitor,visitQualifiedDataNameFormat2,FEATURE_ENVY,LOW,"foreign accesses=7, own accesses=1"
src/main/java/org/openrewrite/cobol/CobolVisitor.java,org.openrewrite.cobol.CobolVisitor,visitQualifiedDataNameFormat3,FEATURE_ENVY,LOW,"foreign accesses=7, own accesses=1"
src/main/java/org/openrewrite/cobol/CobolVisitor.java,org.openrewrite.cobol.CobolVisitor,visitQualifiedDataNameFormat4,FEATURE_ENVY,LOW,"foreign accesses=7, own accesses=1"
src/main/java/org/openrewrite/cobol/CobolVisitor.java,org.openrewrite.cobol.CobolVisitor,visitQualifiedInData,FEATURE_ENVY,LOW,"foreign accesses=7, own accesses=1"
src/main/java/org/openrewrite/cobol/CobolVisitor.java,org.openrewrite.cobol.CobolVisitor,visitRead,FEATURE_ENVY,LOW,"foreign accesses=7, own accesses=1"
src/main/java/org/openrewrite/cobol/CobolVisitor.java,org.openrewrite.cobol.CobolVisitor,visitReadInto,FEATURE_ENVY,LOW,"foreign accesses=7, own accesses=1"
src/main/java/org/openrewrite/cobol/CobolVisitor.java,org.openrewrite.cobol.CobolVisitor,visitReadKey,FEATURE_ENVY,LOW,"foreign accesses=7, own accesses=1"
src/main/java/org/openrewrite/cobol/CobolVisitor.java,org.openrewrite.cobol.CobolVisitor,visitReadWith,FEATURE_ENVY,LOW,"foreign accesses=7, own accesses=1"
src/main/java/org/openrewrite/cobol/CobolVisitor.java,org.openrewrite.cobol.CobolVisitor,visitReceivable,FEATURE_ENVY,LOW,"foreign accesses=7, own accesses=1"
src/main/java/org/openrewrite/cobol/CobolVisitor.java,org.openrewrite.cobol.CobolVisitor,visitReceive,FEATURE_ENVY,LOW,"foreign accesses=7, own accesses=1"
src/main/java/org/openrewrite/cobol/CobolVisitor.java,org.openrewrite.cobol.CobolVisitor,visitReceiveFrom,FEATURE_ENVY,LOW,"foreign accesses=7, own accesses=1"
src/main/java/org/openrewrite/cobol/CobolVisitor.java,org.openrewrite.cobol.CobolVisitor,visitReceiveFromStatement,FEATURE_ENVY,LOW,"foreign accesses=7, own accesses=1"
src/main/java/org/openrewrite/cobol/CobolVisitor.java,org.openrewrite.cobol.CobolVisitor,visitReceiveIntoStatement,FEATURE_ENVY,LOW,"foreign accesses=7, own accesses=1"
src/main/java/org/openrewrite/cobol/CobolVisitor.java,org.openrewrite.cobol.CobolVisitor,visitReceiveWith,FEATURE_ENVY,LOW,"foreign accesses=7, own accesses=1"
src/main/java/org/openrewrite/cobol/CobolVisitor.java,org.openrewrite.cobol.CobolVisitor,visitRecordContainsClause,FEATURE_ENVY,LOW,"foreign accesses=7, own accesses=1"
src/main/java/org/openrewrite/cobol/CobolVisitor.java,org.openrewrite.cobol.CobolVisitor,visitRecordContainsClauseFormat1,FEATURE_ENVY,LOW,"foreign accesses=7, own accesses=1"
src/main/java/org/openrewrite/cobol/CobolVisitor.java,org.openrewrite.cobol.CobolVisitor,visitRecordContainsClauseFormat2,FEATURE_ENVY,LOW,"foreign accesses=7, own accesses=1"
src/main/java/org/openrewrite/cobol/CobolVisitor.java,org.openrewrite.cobol.CobolVisitor,visitRecordContainsClauseFormat3,FEATURE_ENVY,LOW,"foreign accesses=7, own accesses=1"
src/main/java/org/openrewrite/cobol/CobolVisitor.java,org.openrewrite.cobol.CobolVisitor,visitRecordContainsTo,FEATURE_ENVY,LOW,"foreign accesses=7, own accesses=1"
src/main/java/org/openrewrite/cobol/CobolVisitor.java,org.openrewrite.cobol.CobolVisitor,visitRecordDelimiterClause,FEATURE_ENVY,LOW,"foreign accesses=7, own accesses=1"
src/main/java/org/openrewrite/cobol/CobolVisitor.java,org.openrewrite.cobol.CobolVisitor,visitRecordKeyClause,FEATURE_ENVY,LOW,"foreign accesses=7, own accesses=1"
src/main/java/org/openrewrite/cobol/CobolVisitor.java,org.openrewrite.cobol.CobolVisitor,visitRecordingModeClause,FEATURE_ENVY,LOW,"foreign accesses=7, own accesses=1"
src/main/java/org/openrewrite/cobol/CobolVisitor.java,org.openrewrite.cobol.CobolVisitor,visitReferenceModifier,FEATURE_ENVY,LOW,"foreign accesses=7, own accesses=1"
src/main/java/org/openrewrite/cobol/CobolVisitor.java,org.openrewrite.cobol.CobolVisitor,visitRelationArithmeticComparison,FEATURE_ENVY,LOW,"foreign accesses=7, own accesses=1"
src/main/java/org/openrewrite/cobol/CobolVisitor.java,org.openrewrite.cobol.CobolVisitor,visitRelationCombinedComparison,FEATURE_ENVY,LOW,"foreign accesses=7, own accesses=1"
src/main/java/org/openrewrite/cobol/CobolVisitor.java,org.openrewrite.cobol.CobolVisitor,visitRelationCombinedCondition,FEATURE_ENVY,LOW,"foreign accesses=7, own accesses=1"
src/main/java/org/openrewrite/cobol/CobolVisitor.java,org.openrewrite.cobol.CobolVisitor,visitRelationSignCondition,FEATURE_ENVY,LOW,"foreign accesses=7, own accesses=1"
src/main/java/org/openrewrite/cobol/CobolVisitor.java,org.openrewrite.cobol.CobolVisitor,visitRelationalOperator,FEATURE_ENVY,LOW,"foreign accesses=7, own accesses=1"
src/main/java/org/openrewrite/cobol/CobolVisitor.java,org.openrewrite.cobol.CobolVisitor,visitRelativeKeyClause,FEATURE_ENVY,LOW,"foreign accesses=7, own accesses=1"
src/main/java/org/openrewrite/cobol/CobolVisitor.java,org.openrewrite.cobol.CobolVisitor,visitRelease,FEATURE_ENVY,LOW,"foreign accesses=7, own accesses=1"
src/main/java/org/openrewrite/cobol/CobolVisitor.java,org.openrewrite.cobol.CobolVisitor,visitReportClause,FEATURE_ENVY,LOW,"foreign accesses=7, own accesses=1"
src/main/java/org/openrewrite/cobol/CobolVisitor.java,org.openrewrite.cobol.CobolVisitor,visitReportDescription,FEATURE_ENVY,LOW,"foreign accesses=7, own accesses=1"
src/main/java/org/openrewrite/cobol/CobolVisitor.java,org.openrewrite.cobol.CobolVisitor,visitReportDescriptionEntry,FEATURE_ENVY,LOW,"foreign accesses=7, own accesses=1"
src/main/java/org/openrewrite/cobol/CobolVisitor.java,org.openrewrite.cobol.CobolVisitor,visitReportDescriptionFirstDetailClause,FEATURE_ENVY,LOW,"foreign accesses=7, own accesses=1"
src/main/java/org/openrewrite/cobol/CobolVisitor.java,org.openrewrite.cobol.CobolVisitor,visitReportDescriptionFootingClause,FEATURE_ENVY,LOW,"foreign accesses=7, own accesses=1"
src/main/java/org/openrewrite/cobol/CobolVisitor.java,org.openrewrite.cobol.CobolVisitor,visitReportDescriptionGlobalClause,FEATURE_ENVY,LOW,"foreign accesses=7, own accesses=1"
src/main/java/org/openrewrite/cobol/CobolVisitor.java,org.openrewrite.cobol.CobolVisitor,visitReportDescriptionHeadingClause,FEATURE_ENVY,LOW,"foreign accesses=7, own accesses=1"
src/main/java/org/openrewrite/cobol/CobolVisitor.java,org.openrewrite.cobol.CobolVisitor,visitReportDescriptionLastDetailClause,FEATURE_ENVY,LOW,"foreign accesses=7, own accesses=1"
src/main/java/org/openrewrite/cobol/CobolVisitor.java,org.openrewrite.cobol.CobolVisitor,visitReportDescriptionPageLimitClause,FEATURE_ENVY,LOW,"foreign accesses=7, own accesses=1"
src/main/java/org/openrewrite/cobol/CobolVisitor.java,org.openrewrite.cobol.CobolVisitor,visitReportGroupBlankWhenZeroClause,FEATURE_ENVY,LOW,"foreign accesses=7, own accesses=1"
src/main/java/org/openrewrite/cobol/CobolVisitor.java,org.openrewrite.cobol.CobolVisitor,visitReportGroupColumnNumberClause,FEATURE_ENVY,LOW,"foreign accesses=7, own accesses=1"
src/main/java/org/openrewrite/cobol/CobolVisitor.java,org.openrewrite.cobol.CobolVisitor,visitReportGroupDescriptionEntryFormat1,FEATURE_ENVY,LOW,"foreign accesses=7, own accesses=1"
src/main/java/org/openrewrite/cobol/CobolVisitor.java,org.openrewrite.cobol.CobolVisitor,visitReportGroupDescriptionEntryFormat2,FEATURE_ENVY,LOW,"foreign accesses=7, own accesses=1"
src/main/java/org/openrewrite/cobol/CobolVisitor.java,org.openrewrite.cobol.CobolVisitor,visitReportGroupDescriptionEntryFormat3,FEATURE_ENVY,LOW,"foreign accesses=7, own accesses=1"
src/main/java/org/openrewrite/cobol/CobolVisitor.java,org.openrewrite.cobol.CobolVisitor,visitReportGroupIndicateClause,FEATURE_ENVY,LOW,"foreign accesses=7, own accesses=1"
src/main/java/org/openrewrite/cobol/CobolVisitor.java,org.openrewrite.cobol.CobolVisitor,visitReportGroupJustifiedClause,FEATURE_ENVY,LOW,"foreign accesses=7, own accesses=1"
src/main/java/org/openrewrite/cobol/CobolVisitor.java,org.openrewrite.cobol.CobolVisitor,visitReportGroupLineNumberClause,FEATURE_ENVY,LOW,"foreign accesses=7, own accesses=1"
src/main/java/org/openrewrite/cobol/CobolVisitor.java,org.openrewrite.cobol.CobolVisitor,visitReportGroupLineNumberNextPage,FEATURE_ENVY,LOW,"foreign accesses=7, own accesses=1"
src/main/java/org/openrewrite/cobol/CobolVisitor.java,org.openrewrite.cobol.CobolVisitor,visitReportGroupLineNumberPlus,FEATURE_ENVY,LOW,"foreign accesses=7, own accesses=1"
src/main/java/org/openrewrite/cobol/CobolVisitor.java,org.openrewrite.cobol.CobolVisitor,visitReportGroupNextGroupClause,FEATURE_ENVY,LOW,"foreign accesses=7, own accesses=1"
src/main/java/org/openrewrite/cobol/CobolVisitor.java,org.openrewrite.cobol.CobolVisitor,visitReportGroupNextGroupNextPage,FEATURE_ENVY,LOW,"foreign accesses=7, own accesses=1"
src/main/java/org/openrewrite/cobol/CobolVisitor.java,org.openrewrite.cobol.CobolVisitor,visitReportGroupNextGroupPlus,FEATURE_ENVY,LOW,"foreign accesses=7, own accesses=1"
src/main/java/org/openrewrite/cobol/CobolVisitor.java,org.openrewrite.cobol.CobolVisitor,visitReportGroupPictureClause,FEATURE_ENVY,LOW,"foreign accesses=7, own accesses=1"
src/main/java/org/openrewrite/cobol/CobolVisitor.java,org.openrewrite.cobol.CobolVisitor,visitReportGroupResetClause,FEATURE_ENVY,LOW,"foreign accesses=7, own accesses=1"
src/main/java/org/openrewrite/cobol/CobolVisitor.java,org.openrewrite.cobol.CobolVisitor,visitReportGroupSignClause,FEATURE_ENVY,LOW,"foreign accesses=7, own accesses=1"
src/main/java/org/openrewrite/cobol/CobolVisitor.java,org.openrewrite.cobol.CobolVisitor,visitReportGroupSourceClause,FEATURE_ENVY,LOW,"foreign accesses=7, own accesses=1"
src/main/java/org/openrewrite/cobol/CobolVisitor.java,org.openrewrite.cobol.CobolVisitor,visitReportGroupSumClause,FEATURE_ENVY,LOW,"foreign accesses=7, own accesses=1"
src/main/java/org/openrewrite/cobol/CobolVisitor.java,org.openrewrite.cobol.CobolVisitor,visitReportGroupTypeClause,FEATURE_ENVY,LOW,"foreign accesses=7, own accesses=1"
src/main/java/org/openrewrite/cobol/CobolVisitor.java,org.openrewrite.cobol.CobolVisitor,visitReportGroupTypeControlFooting,FEATURE_ENVY,LOW,"foreign accesses=7, own accesses=1"
src/main/java/org/openrewrite/cobol/CobolVisitor.java,org.openrewrite.cobol.CobolVisitor,visitReportGroupTypeControlHeading,FEATURE_ENVY,LOW,"foreign accesses=7, own accesses=1"
src/main/java/org/openrewrite/cobol/CobolVisitor.java,org.openrewrite.cobol.CobolVisitor,visitReportGroupTypeDetail,FEATURE_ENVY,LOW,"foreign accesses=7, own accesses=1"
src/main/java/org/openrewrite/cobol/CobolVisitor.java,org.openrewrite.cobol.CobolVisitor,visitReportGroupTypePageFooting,FEATURE_ENVY,LOW,"foreign accesses=7, own accesses=1"
src/main/java/org/openrewrite/cobol/CobolVisitor.java,org.openrewrite.cobol.CobolVisitor,visitReportGroupTypePageHeading,FEATURE_ENVY,LOW,"foreign accesses=7, own accesses=1"
src/main/java/org/openrewrite/cobol/CobolVisitor.java,org.openrewrite.cobol.CobolVisitor,visitReportGroupTypeReportFooting,FEATURE_ENVY,LOW,"foreign accesses=7, own accesses=1"
src/main/java/org/openrewrite/cobol/CobolVisitor.java,org.openrewrite.cobol.CobolVisitor,visitReportGroupTypeReportHeading,FEATURE_ENVY,LOW,"foreign accesses=7, own accesses=1"
src/main/java/org/openrewrite/cobol/CobolVisitor.java,org.openrewrite.cobol.CobolVisitor,visitReportGroupUsageClause,FEATURE_ENVY,LOW,"foreign accesses=7, own accesses=1"
src/main/java/org/openrewrite/cobol/CobolVisitor.java,org.openrewrite.cobol.CobolVisitor,visitReportGroupValueClause,FEATURE_ENVY,LOW,"foreign accesses=7, own accesses=1"
src/main/java/org/openrewrite/cobol/CobolVisitor.java,org.openrewrite.cobol.CobolVisitor,visitReportName,FEATURE_ENVY,LOW,"foreign accesses=7, own accesses=1"
src/main/java/org/openrewrite/cobol/CobolVisitor.java,org.openrewrite.cobol.CobolVisitor,visitReportSection,FEATURE_ENVY,LOW,"foreign accesses=7, own accesses=1"
src/main/java/org/openrewrite/cobol/CobolVisitor.java,org.openrewrite.cobol.CobolVisitor,visitRerunClause,FEATURE_ENVY,LOW,"foreign accesses=7, own accesses=1"
src/main/java/org/openrewrite/cobol/CobolVisitor.java,org.openrewrite.cobol.CobolVisitor,visitRerunEveryClock,FEATURE_ENVY,LOW,"foreign accesses=7, own accesses=1"
src/main/java/org/openrewrite/cobol/CobolVisitor.java,org.openrewrite.cobol.CobolVisitor,visitRerunEveryOf,FEATURE_ENVY,LOW,"foreign accesses=7, own accesses=1"
src/main/java/org/openrewrite/cobol/CobolVisitor.java,org.openrewrite.cobol.CobolVisitor,visitRerunEveryRecords,FEATURE_ENVY,LOW,"foreign accesses=7, own accesses=1"
src/main/java/org/openrewrite/cobol/CobolVisitor.java,org.openrewrite.cobol.CobolVisitor,visitReserveClause,FEATURE_ENVY,LOW,"foreign accesses=7, own accesses=1"
src/main/java/org/openrewrite/cobol/CobolVisitor.java,org.openrewrite.cobol.CobolVisitor,visitReserveNetworkClause,FEATURE_ENVY,LOW,"foreign accesses=7, own accesses=1"
src/main/java/org/openrewrite/cobol/CobolVisitor.java,org.openrewrite.cobol.CobolVisitor,visitReturn,FEATURE_ENVY,LOW,"foreign accesses=7, own accesses=1"
src/main/java/org/openrewrite/cobol/CobolVisitor.java,org.openrewrite.cobol.CobolVisitor,visitReturnInto,FEATURE_ENVY,LOW,"foreign accesses=7, own accesses=1"
src/main/java/org/openrewrite/cobol/CobolVisitor.java,org.openrewrite.cobol.CobolVisitor,visitRewrite,FEATURE_ENVY,LOW,"foreign accesses=7, own accesses=1"
src/main/java/org/openrewrite/cobol/CobolVisitor.java,org.openrewrite.cobol.CobolVisitor,visitRewriteFrom,FEATURE_ENVY,LOW,"foreign accesses=7, own accesses=1"
src/main/java/org/openrewrite/cobol/CobolVisitor.java,org.openrewrite.cobol.CobolVisitor,visitRoundable,FEATURE_ENVY,LOW,"foreign accesses=7, own accesses=1"
src/main/java/org/openrewrite/cobol/CobolVisitor.java,org.openrewrite.cobol.CobolVisitor,visitSameClause,FEATURE_ENVY,LOW,"foreign accesses=7, own accesses=1"
src/main/java/org/openrewrite/cobol/CobolVisitor.java,org.openrewrite.cobol.CobolVisitor,visitScreenDescriptionAutoClause,FEATURE_ENVY,LOW,"foreign accesses=7, own accesses=1"
src/main/java/org/openrewrite/cobol/CobolVisitor.java,org.openrewrite.cobol.CobolVisitor,visitScreenDescriptionBackgroundColorClause,FEATURE_ENVY,LOW,"foreign accesses=7, own accesses=1"
src/main/java/org/openrewrite/cobol/CobolVisitor.java,org.openrewrite.cobol.CobolVisitor,visitScreenDescriptionBellClause,FEATURE_ENVY,LOW,"foreign accesses=7, own accesses=1"
src/main/java/org/openrewrite/cobol/CobolVisitor.java,org.openrewrite.cobol.CobolVisitor,visitScreenDescriptionBlankClause,FEATURE_ENVY,LOW,"foreign accesses=7, own accesses=1"
src/main/java/org/openrewrite/cobol/CobolVisitor.java,org.openrewrite.cobol.CobolVisitor,visitScreenDescriptionBlankWhenZeroClause,FEATURE_ENVY,LOW,"foreign accesses=7, own accesses=1"
src/main/java/org/openrewrite/cobol/CobolVisitor.java,org.openrewrite.cobol.CobolVisitor,visitScreenDescriptionBlinkClause,FEATURE_ENVY,LOW,"foreign accesses=7, own accesses=1"
src/main/java/org/openrewrite/cobol/CobolVisitor.java,org.openrewrite.cobol.CobolVisitor,visitScreenDescriptionColumnClause,FEATURE_ENVY,LOW,"foreign accesses=7, own accesses=1"
src/main/java/org/openrewrite/cobol/CobolVisitor.java,org.openrewrite.cobol.CobolVisitor,visitScreenDescriptionControlClause,FEATURE_ENVY,LOW,"foreign accesses=7, own accesses=1"
src/main/java/org/openrewrite/cobol/CobolVisitor.java,org.openrewrite.cobol.CobolVisitor,visitScreenDescriptionEntry,FEATURE_ENVY,LOW,"foreign accesses=7, own accesses=1"
src/main/java/org/openrewrite/cobol/CobolVisitor.java,org.openrewrite.cobol.CobolVisitor,visitScreenDescriptionEraseClause,FEATURE_ENVY,LOW,"foreign accesses=7, own accesses=1"
src/main/java/org/openrewrite/cobol/CobolVisitor.java,org.openrewrite.cobol.CobolVisitor,visitScreenDescriptionForegroundColorClause,FEATURE_ENVY,LOW,"foreign accesses=7, own accesses=1"
src/main/java/org/openrewrite/cobol/CobolVisitor.java,org.openrewrite.cobol.CobolVisitor,visitScreenDescriptionFromClause,FEATURE_ENVY,LOW,"foreign accesses=7, own accesses=1"
src/main/java/org/openrewrite/cobol/CobolVisitor.java,org.openrewrite.cobol.CobolVisitor,visitScreenDescriptionFullClause,FEATURE_ENVY,LOW,"foreign accesses=7, own accesses=1"
src/main/java/org/openrewrite/cobol/CobolVisitor.java,org.openrewrite.cobol.CobolVisitor,visitScreenDescriptionGridClause,FEATURE_ENVY,LOW,"foreign accesses=7, own accesses=1"
src/main/java/org/openrewrite/cobol/CobolVisitor.java,org.openrewrite.cobol.CobolVisitor,visitScreenDescriptionJustifiedClause,FEATURE_ENVY,LOW,"foreign accesses=7, own accesses=1"
src/main/java/org/openrewrite/cobol/CobolVisitor.java,org.openrewrite.cobol.CobolVisitor,visitScreenDescriptionLightClause,FEATURE_ENVY,LOW,"foreign accesses=7, own accesses=1"
src/main/java/org/openrewrite/cobol/CobolVisitor.java,org.openrewrite.cobol.CobolVisitor,visitScreenDescriptionLineClause,FEATURE_ENVY,LOW,"foreign accesses=7, own accesses=1"
src/main/java/org/openrewrite/cobol/CobolVisitor.java,org.openrewrite.cobol.CobolVisitor,visitScreenDescriptionPictureClause,FEATURE_ENVY,LOW,"foreign accesses=7, own accesses=1"
src/main/java/org/openrewrite/cobol/CobolVisitor.java,org.openrewrite.cobol.CobolVisitor,visitScreenDescriptionPromptClause,FEATURE_ENVY,LOW,"foreign accesses=7, own accesses=1"
src/main/java/org/openrewrite/cobol/CobolVisitor.java,org.openrewrite.cobol.CobolVisitor,visitScreenDescriptionPromptOccursClause,FEATURE_ENVY,LOW,"foreign accesses=7, own accesses=1"
src/main/java/org/openrewrite/cobol/CobolVisitor.java,org.openrewrite.cobol.CobolVisitor,visitScreenDescriptionRequiredClause,FEATURE_ENVY,LOW,"foreign accesses=7, own accesses=1"
src/main/java/org/openrewrite/cobol/CobolVisitor.java,org.openrewrite.cobol.CobolVisitor,visitScreenDescriptionReverseVideoClause,FEATURE_ENVY,LOW,"foreign accesses=7, own accesses=1"
src/main/java/org/openrewrite/cobol/CobolVisitor.java,org.openrewrite.cobol.CobolVisitor,visitScreenDescriptionSecureClause,FEATURE_ENVY,LOW,"foreign accesses=7, own accesses=1"
src/main/java/org/openrewrite/cobol/CobolVisitor.java,org.openrewrite.cobol.CobolVisitor,visitScreenDescriptionSignClause,FEATURE_ENVY,LOW,"foreign accesses=7, own accesses=1"
src/main/java/org/openrewrite/cobol/CobolVisitor.java,org.openrewrite.cobol.CobolVisitor,visitScreenDescriptionSizeClause,FEATURE_ENVY,LOW,"foreign accesses=7, own accesses=1"
src/main/java/org/openrewrite/cobol/CobolVisitor.java,org.openrewrite.cobol.CobolVisitor,visitScreenDescriptionToClause,FEATURE_ENVY,LOW,"foreign accesses=7, own accesses=1"
src/main/java/org/openrewrite/cobol/CobolVisitor.java,org.openrewrite.cobol.CobolVisitor,visitScreenDescriptionUnderlineClause,FEATURE_ENVY,LOW,"foreign accesses=7, own accesses=1"
src/main/java/org/openrewrite/cobol/CobolVisitor.java,org.openrewrite.cobol.CobolVisitor,visitScreenDescriptionUsageClause,FEATURE_ENVY,LOW,"foreign accesses=7, own accesses=1"
src/main/java/org/openrewrite/cobol/CobolVisitor.java,org.openrewrite.cobol.CobolVisitor,visitScreenDescriptionUsingClause,FEATURE_ENVY,LOW,"foreign accesses=7, own accesses=1"
src/main/java/org/openrewrite/cobol/CobolVisitor.java,org.openrewrite.cobol.CobolVisitor,visitScreenDescriptionValueClause,FEATURE_ENVY,LOW,"foreign accesses=7, own accesses=1"
src/main/java/org/openrewrite/cobol/CobolVisitor.java,org.openrewrite.cobol.CobolVisitor,visitScreenDescriptionZeroFillClause,FEATURE_ENVY,LOW,"foreign accesses=7, own accesses=1"
src/main/java/org/openrewrite/cobol/CobolVisitor.java,org.openrewrite.cobol.CobolVisitor,visitScreenSection,FEATURE_ENVY,LOW,"foreign accesses=7, own accesses=1"
src/main/java/org/openrewrite/cobol/CobolVisitor.java,org.openrewrite.cobol.CobolVisitor,visitSearch,FEATURE_ENVY,LOW,"foreign accesses=7, own accesses=1"
src/main/java/org/openrewrite/cobol/CobolVisitor.java,org.openrewrite.cobol.CobolVisitor,visitSearchVarying,FEATURE_ENVY,LOW,"foreign accesses=7, own accesses=1"
src/main/java/org/openrewrite/cobol/CobolVisitor.java,org.openrewrite.cobol.CobolVisitor,visitSearchWhen,FEATURE_ENVY,LOW,"foreign accesses=7, own accesses=1"
src/main/java/org/openrewrite/cobol/CobolVisitor.java,org.openrewrite.cobol.CobolVisitor,visitSelectClause,FEATURE_ENVY,LOW,"foreign accesses=7, own accesses=1"
src/main/java/org/openrewrite/cobol/CobolVisitor.java,org.openrewrite.cobol.CobolVisitor,visitSend,FEATURE_ENVY,LOW,"foreign accesses=7, own accesses=1"
src/main/java/org/openrewrite/cobol/CobolVisitor.java,org.openrewrite.cobol.CobolVisitor,visitSendAdvancingLines,FEATURE_ENVY,LOW,"foreign accesses=7, own accesses=1"
src/main/java/org/openrewrite/cobol/CobolVisitor.java,org.openrewrite.cobol.CobolVisitor,visitSendPhrase,FEATURE_ENVY,LOW,"foreign accesses=7, own accesses=1"
src/main/java/org/openrewrite/cobol/CobolVisitor.java,org.openrewrite.cobol.CobolVisitor,visitSendStatementSync,FEATURE_ENVY,LOW,"foreign accesses=7, own accesses=1"
src/main/java/org/openrewrite/cobol/CobolVisitor.java,org.openrewrite.cobol.CobolVisitor,visitSentence,FEATURE_ENVY,LOW,"foreign accesses=7, own accesses=1"
src/main/java/org/openrewrite/cobol/CobolVisitor.java,org.openrewrite.cobol.CobolVisitor,visitSet,FEATURE_ENVY,LOW,"foreign accesses=7, own accesses=1"
src/main/java/org/openrewrite/cobol/CobolVisitor.java,org.openrewrite.cobol.CobolVisitor,visitSetTo,FEATURE_ENVY,LOW,"foreign accesses=7, own accesses=1"
src/main/java/org/openrewrite/cobol/CobolVisitor.java,org.openrewrite.cobol.CobolVisitor,visitSetUpDown,FEATURE_ENVY,LOW,"foreign accesses=7, own accesses=1"
src/main/java/org/openrewrite/cobol/CobolVisitor.java,org.openrewrite.cobol.CobolVisitor,visitSort,FEATURE_ENVY,LOW,"foreign accesses=7, own accesses=1"
src/main/java/org/openrewrite/cobol/CobolVisitor.java,org.openrewrite.cobol.CobolVisitor,visitSortCollatingSequencePhrase,FEATURE_ENVY,LOW,"foreign accesses=7, own accesses=1"
src/main/java/org/openrewrite/cobol/CobolVisitor.java,org.openrewrite.cobol.CobolVisitor,visitSortGiving,FEATURE_ENVY,LOW,"foreign accesses=7, own accesses=1"
src/main/java/org/openrewrite/cobol/CobolVisitor.java,org.openrewrite.cobol.CobolVisitor,visitSortProcedurePhrase,FEATURE_ENVY,LOW,"foreign accesses=7, own accesses=1"
src/main/java/org/openrewrite/cobol/CobolVisitor.java,org.openrewrite.cobol.CobolVisitor,visitSortable,FEATURE_ENVY,LOW,"foreign accesses=7, own accesses=1"
src/main/java/org/openrewrite/cobol/CobolVisitor.java,org.openrewrite.cobol.CobolVisitor,visitSourceComputer,FEATURE_ENVY,LOW,"foreign accesses=7, own accesses=1"
src/main/java/org/openrewrite/cobol/CobolVisitor.java,org.openrewrite.cobol.CobolVisitor,visitSourceComputerDefinition,FEATURE_ENVY,LOW,"foreign accesses=7, own accesses=1"
src/main/java/org/openrewrite/cobol/CobolVisitor.java,org.openrewrite.cobol.CobolVisitor,visitSpecialNames,FEATURE_ENVY,LOW,"foreign accesses=7, own accesses=1"
src/main/java/org/openrewrite/cobol/CobolVisitor.java,org.openrewrite.cobol.CobolVisitor,visitSpecialRegister,FEATURE_ENVY,LOW,"foreign accesses=7, own accesses=1"
src/main/java/org/openrewrite/cobol/CobolVisitor.java,org.openrewrite.cobol.CobolVisitor,visitStart,FEATURE_ENVY,LOW,"foreign accesses=7, own accesses=1"
src/main/java/org/openrewrite/cobol/CobolVisitor.java,org.openrewrite.cobol.CobolVisitor,visitStartKey,FEATURE_ENVY,LOW,"foreign accesses=7, own accesses=1"
src/main/java/org/openrewrite/cobol/CobolVisitor.java,org.openrewrite.cobol.CobolVisitor,visitStatementPhrase,FEATURE_ENVY,LOW,"foreign accesses=7, own accesses=1"
src/main/java/org/openrewrite/cobol/CobolVisitor.java,org.openrewrite.cobol.CobolVisitor,visitStatusKeyClause,FEATURE_ENVY,LOW,"foreign accesses=7, own accesses=1"
src/main/java/org/openrewrite/cobol/CobolVisitor.java,org.openrewrite.cobol.CobolVisitor,visitStop,FEATURE_ENVY,LOW,"foreign accesses=7, own accesses=1"
src/main/java/org/openrewrite/cobol/CobolVisitor.java,org.openrewrite.cobol.CobolVisitor,visitStopStatementGiving,FEATURE_ENVY,LOW,"foreign accesses=7, own accesses=1"
src/main/java/org/openrewrite/cobol/CobolVisitor.java,org.openrewrite.cobol.CobolVisitor,visitStringDelimitedByPhrase,FEATURE_ENVY,LOW,"foreign accesses=7, own accesses=1"
src/main/java/org/openrewrite/cobol/CobolVisitor.java,org.openrewrite.cobol.CobolVisitor,visitStringForPhrase,FEATURE_ENVY,LOW,"foreign accesses=7, own accesses=1"
src/main/java/org/openrewrite/cobol/CobolVisitor.java,org.openrewrite.cobol.CobolVisitor,visitStringIntoPhrase,FEATURE_ENVY,LOW,"foreign accesses=7, own accesses=1"
src/main/java/org/openrewrite/cobol/CobolVisitor.java,org.openrewrite.cobol.CobolVisitor,visitStringSendingPhrase,FEATURE_ENVY,LOW,"foreign accesses=7, own accesses=1"
src/main/java/org/openrewrite/cobol/CobolVisitor.java,org.openrewrite.cobol.CobolVisitor,visitStringStatement,FEATURE_ENVY,LOW,"foreign accesses=7, own accesses=1"
src/main/java/org/openrewrite/cobol/CobolVisitor.java,org.openrewrite.cobol.CobolVisitor,visitStringWithPointerPhrase,FEATURE_ENVY,LOW,"foreign accesses=7, own accesses=1"
src/main/java/org/openrewrite/cobol/CobolVisitor.java,org.openrewrite.cobol.CobolVisitor,visitSubscript,FEATURE_ENVY,LOW,"foreign accesses=7, own accesses=1"
src/main/java/org/openrewrite/cobol/CobolVisitor.java,org.openrewrite.cobol.CobolVisitor,visitSubtract,FEATURE_ENVY,LOW,"foreign accesses=7, own accesses=1"
src/main/java/org/openrewrite/cobol/CobolVisitor.java,org.openrewrite.cobol.CobolVisitor,visitSubtractCorrespondingStatement,FEATURE_ENVY,LOW,"foreign accesses=7, own accesses=1"
src/main/java/org/openrewrite/cobol/CobolVisitor.java,org.openrewrite.cobol.CobolVisitor,visitSubtractFromGivingStatement,FEATURE_ENVY,LOW,"foreign accesses=7, own accesses=1"
src/main/java/org/openrewrite/cobol/CobolVisitor.java,org.openrewrite.cobol.CobolVisitor,visitSubtractFromStatement,FEATURE_ENVY,LOW,"foreign accesses=7, own accesses=1"
src/main/java/org/openrewrite/cobol/CobolVisitor.java,org.openrewrite.cobol.CobolVisitor,visitSubtractMinuendCorresponding,FEATURE_ENVY,LOW,"foreign accesses=7, own accesses=1"
src/main/java/org/openrewrite/cobol/CobolVisitor.java,org.openrewrite.cobol.CobolVisitor,visitSymbolicCharacter,FEATURE_ENVY,LOW,"foreign accesses=7, own accesses=1"
src/main/java/org/openrewrite/cobol/CobolVisitor.java,org.openrewrite.cobol.CobolVisitor,visitSymbolicCharactersClause,FEATURE_ENVY,LOW,"foreign accesses=7, own accesses=1"
src/main/java/org/openrewrite/cobol/CobolVisitor.java,org.openrewrite.cobol.CobolVisitor,visitSymbolicDestinationClause,FEATURE_ENVY,LOW,"foreign accesses=7, own accesses=1"
src/main/java/org/openrewrite/cobol/CobolVisitor.java,org.openrewrite.cobol.CobolVisitor,visitSymbolicQueueClause,FEATURE_ENVY,LOW,"foreign accesses=7, own accesses=1"
src/main/java/org/openrewrite/cobol/CobolVisitor.java,org.openrewrite.cobol.CobolVisitor,visitSymbolicSourceClause,FEATURE_ENVY,LOW,"foreign accesses=7, own accesses=1"
src/main/java/org/openrewrite/cobol/CobolVisitor.java,org.openrewrite.cobol.CobolVisitor,visitSymbolicSubQueueClause,FEATURE_ENVY,LOW,"foreign accesses=7, own accesses=1"
src/main/java/org/openrewrite/cobol/CobolVisitor.java,org.openrewrite.cobol.CobolVisitor,visitSymbolicTerminalClause,FEATURE_ENVY,LOW,"foreign accesses=7, own accesses=1"
src/main/java/org/openrewrite/cobol/CobolVisitor.java,org.openrewrite.cobol.CobolVisitor,visitTableCall,FEATURE_ENVY,LOW,"foreign accesses=7, own accesses=1"
src/main/java/org/openrewrite/cobol/CobolVisitor.java,org.openrewrite.cobol.CobolVisitor,visitTerminate,FEATURE_ENVY,LOW,"foreign accesses=7, own accesses=1"
src/main/java/org/openrewrite/cobol/CobolVisitor.java,org.openrewrite.cobol.CobolVisitor,visitTextLengthClause,FEATURE_ENVY,LOW,"foreign accesses=7, own accesses=1"
src/main/java/org/openrewrite/cobol/CobolVisitor.java,org.openrewrite.cobol.CobolVisitor,visitUnString,FEATURE_ENVY,LOW,"foreign accesses=7, own accesses=1"
src/main/java/org/openrewrite/cobol/CobolVisitor.java,org.openrewrite.cobol.CobolVisitor,visitUnstringCountIn,FEATURE_ENVY,LOW,"foreign accesses=7, own accesses=1"
src/main/java/org/openrewrite/cobol/CobolVisitor.java,org.openrewrite.cobol.CobolVisitor,visitUnstringDelimitedByPhrase,FEATURE_ENVY,LOW,"foreign accesses=7, own accesses=1"
src/main/java/org/openrewrite/cobol/CobolVisitor.java,org.openrewrite.cobol.CobolVisitor,visitUnstringDelimiterIn,FEATURE_ENVY,LOW,"foreign accesses=7, own accesses=1"
src/main/java/org/openrewrite/cobol/CobolVisitor.java,org.openrewrite.cobol.CobolVisitor,visitUnstringInto,FEATURE_ENVY,LOW,"foreign accesses=7, own accesses=1"
src/main/java/org/openrewrite/cobol/CobolVisitor.java,org.openrewrite.cobol.CobolVisitor,visitUnstringIntoPhrase,FEATURE_ENVY,LOW,"foreign accesses=7, own accesses=1"
src/main/java/org/openrewrite/cobol/CobolVisitor.java,org.openrewrite.cobol.CobolVisitor,visitUnstringOrAllPhrase,FEATURE_ENVY,LOW,"foreign accesses=7, own accesses=1"
src/main/java/org/openrewrite/cobol/CobolVisitor.java,org.openrewrite.cobol.CobolVisitor,visitUnstringSendingPhrase,FEATURE_ENVY,LOW,"foreign accesses=7, own accesses=1"
src/main/java/org/openrewrite/cobol/CobolVisitor.java,org.openrewrite.cobol.CobolVisitor,visitUnstringTallyingPhrase,FEATURE_ENVY,LOW,"foreign accesses=7, own accesses=1"
src/main/java/org/openrewrite/cobol/CobolVisitor.java,org.openrewrite.cobol.CobolVisitor,visitUnstringWithPointerPhrase,FEATURE_ENVY,LOW,"foreign accesses=7, own accesses=1"
src/main/java/org/openrewrite/cobol/CobolVisitor.java,org.openrewrite.cobol.CobolVisitor,visitUseAfterClause,FEATURE_ENVY,LOW,"foreign accesses=7, own accesses=1"
src/main/java/org/openrewrite/cobol/CobolVisitor.java,org.openrewrite.cobol.CobolVisitor,visitUseAfterOn,FEATURE_ENVY,LOW,"foreign accesses=7, own accesses=1"
src/main/java/org/openrewrite/cobol/CobolVisitor.java,org.openrewrite.cobol.CobolVisitor,visitUseDebugClause,FEATURE_ENVY,LOW,"foreign accesses=7, own accesses=1"
src/main/java/org/openrewrite/cobol/CobolVisitor.java,org.openrewrite.cobol.CobolVisitor,visitUseDebugOn,FEATURE_ENVY,LOW,"foreign accesses=7, own accesses=1"
src/main/java/org/openrewrite/cobol/CobolVisitor.java,org.openrewrite.cobol.CobolVisitor,visitUseStatement,FEATURE_ENVY,LOW,"foreign accesses=7, own accesses=1"
src/main/java/org/openrewrite/cobol/CobolVisitor.java,org.openrewrite.cobol.CobolVisitor,visitValueOfClause,FEATURE_ENVY,LOW,"foreign accesses=7, own accesses=1"
src/main/java/org/openrewrite/cobol/CobolVisitor.java,org.openrewrite.cobol.CobolVisitor,visitValuePair,FEATURE_ENVY,LOW,"foreign accesses=7, own accesses=1"
src/main/java/org/openrewrite/cobol/CobolVisitor.java,org.openrewrite.cobol.CobolVisitor,visitValuedObjectComputerClause,FEATURE_ENVY,LOW,"foreign accesses=7, own accesses=1"
src/main/java/org/openrewrite/cobol/CobolVisitor.java,org.openrewrite.cobol.CobolVisitor,visitWord,FEATURE_ENVY,MEDIUM,"foreign accesses=11, own accesses=2"
src/main/java/org/openrewrite/cobol/CobolVisitor.java,org.openrewrite.cobol.CobolVisitor,visitWorkingStorageSection,FEATURE_ENVY,LOW,"foreign accesses=7, own accesses=1"
src/main/java/org/openrewrite/cobol/CobolVisitor.java,org.openrewrite.cobol.CobolVisitor,visitWrite,FEATURE_ENVY,LOW,"foreign accesses=7, own accesses=1"
src/main/java/org/openrewrite/cobol/CobolVisitor.java,org.openrewrite.cobol.CobolVisitor,visitWriteAdvancingLines,FEATURE_ENVY,LOW,"foreign accesses=7, own accesses=1"
src/main/java/org/openrewrite/cobol/CobolVisitor.java,org.openrewrite.cobol.CobolVisitor,visitWriteAdvancingMnemonic,FEATURE_ENVY,LOW,"foreign accesses=7, own accesses=1"
src/main/java/org/openrewrite/cobol/CobolVisitor.java,org.openrewrite.cobol.CobolVisitor,visitWriteAdvancingPage,FEATURE_ENVY,LOW,"foreign accesses=7, own accesses=1"
src/main/java/org/openrewrite/cobol/CobolVisitor.java,org.openrewrite.cobol.CobolVisitor,visitWriteAdvancingPhrase,FEATURE_ENVY,LOW,"foreign accesses=7, own accesses=1"
src/main/java/org/openrewrite/cobol/CobolVisitor.java,org.openrewrite.cobol.CobolVisitor,visitWriteFromPhrase,FEATURE_ENVY,LOW,"foreign accesses=7, own accesses=1"
src/main/java/org/openrewrite/cobol/CopybookAssertions.java,org.openrewrite.cobol.CopybookAssertions,copybook,FEATURE_ENVY,LOW,"foreign accesses=6, own accesses=1"
src/main/java/org/openrewrite/cobol/CopybookAssertions.java,org.openrewrite.cobol.CopybookAssertions,copybook,FEATURE_ENVY,LOW,"foreign accesses=5, own accesses=1"
src/main/java/org/openrewrite/cobol/CopybookParser.java,org.openrewrite.cobol.CopybookParser,parseInput,FEATURE_ENVY,CRITICAL,"foreign accesses=35, own accesses=3"
src/main/java/org/openrewrite/cobol/PreprocessCopyVisitor.java,org.openrewrite.cobol.PreprocessCopyVisitor,resolve,FEATURE_ENVY,MEDIUM,"foreign accesses=10, own accesses=2"
src/main/java/org/openrewrite/cobol/PreprocessReplaceVisitor.java,org.openrewrite.cobol.PreprocessReplaceVisitor,resolveReplacementRule,FEATURE_ENVY,MEDIUM,"foreign accesses=11, own accesses=0"
src/main/java/org/openrewrite/cobol/PreprocessReplaceVisitor.java,org.openrewrite.cobol.PreprocessReplaceVisitor,visitCopyStatement,FEATURE_ENVY,MEDIUM,"foreign accesses=11, own accesses=3"
src/main/java/org/openrewrite/cobol/PreprocessReplaceVisitor.java,org.openrewrite.cobol.PreprocessReplaceVisitor,visitReplaceArea,FEATURE_ENVY,LOW,"foreign accesses=7, own accesses=2"
src/main/java/org/openrewrite/cobol/PreprocessorAssertions.java,org.openrewrite.cobol.PreprocessorAssertions,cobolPreprocess,FEATURE_ENVY,LOW,"foreign accesses=6, own accesses=1"
src/main/java/org/openrewrite/cobol/PreprocessorAssertions.java,org.openrewrite.cobol.PreprocessorAssertions,cobolPreprocess,FEATURE_ENVY,LOW,"foreign accesses=5, own accesses=1"
src/main/java/org/openrewrite/cobol/PreprocessorAssertions.java,org.openrewrite.cobol.PreprocessorAssertions,cobolPreprocessorCopy,FEATURE_ENVY,LOW,"foreign accesses=7, own accesses=2"
src/main/java/org/openrewrite/cobol/PreprocessorAssertions.java,org.openrewrite.cobol.PreprocessorAssertions,cobolPreprocessorCopy,FEATURE_ENVY,LOW,"foreign accesses=6, own accesses=2"
src/main/java/org/openrewrite/cobol/PreprocessorAssertions.java,org.openrewrite.cobol.PreprocessorAssertions,getCopybookSources,FEATURE_ENVY,HIGH,"foreign accesses=15, own accesses=0"
src/main/java/org/openrewrite/cobol/cleanup/RemoveWithDebuggingMode.java,org.openrewrite.cobol.cleanup.RemoveWithDebuggingMode,visitSourceComputerDefinition,FEATURE_ENVY,MEDIUM,"foreign accesses=13, own accesses=1"
src/main/java/org/openrewrite/cobol/cleanup/RemoveWithDebuggingMode.java,org.openrewrite.cobol.cleanup.RemoveWithDebuggingMode,visitWord,FEATURE_ENVY,MEDIUM,"foreign accesses=11, own accesses=0"
src/main/java/org/openrewrite/cobol/format/RemoveWords.java,org.openrewrite.cobol.format.RemoveWords,visitWord,FEATURE_ENVY,MEDIUM,"foreign accesses=13, own accesses=2"
src/main/java/org/openrewrite/cobol/internal/CobolParserVisitor.java,org.openrewrite.cobol.internal.CobolParserVisitor,,GOD_CLASS,CRITICAL,"WMC=776, TCC=0.00, ATFD=1599"
src/main/java/org/openrewrite/cobol/internal/CobolParserVisitor.java,org.openrewrite.cobol.internal.CobolParserVisitor,convertAll,FEATURE_ENVY,LOW,"foreign accesses=6, own accesses=1"
src/main/java/org/openrewrite/cobol/internal/CobolParserVisitor.java,org.openrewrite.cobol.internal.CobolParserVisitor,convertAll,FEATURE_ENVY,LOW,"foreign accesses=5, own accesses=0"
src/main/java/org/openrewrite/cobol/internal/CobolParserVisitor.java,org.openrewrite.cobol.internal.CobolParserVisitor,convertAllList,FEATURE_ENVY,MEDIUM,"foreign accesses=11, own accesses=0"
src/main/java/org/openrewrite/cobol/internal/CobolParserVisitor.java,org.openrewrite.cobol.internal.CobolParserVisitor,copybookNotFoundComment,FEATURE_ENVY,HIGH,"foreign accesses=19, own accesses=2"
src/main/java/org/openrewrite/cobol/internal/CobolParserVisitor.java,org.openrewrite.cobol.internal.CobolParserVisitor,processLiteral,FEATURE_ENVY,HIGH,"foreign accesses=24, own accesses=11"
src/main/java/org/openrewrite/cobol/internal/CobolParserVisitor.java,org.openrewrite.cobol.internal.CobolParserVisitor,visitAcceptFromDateStatement,FEATURE_ENVY,HIGH,"foreign accesses=15, own accesses=1"
src/main/java/org/openrewrite/cobol/internal/CobolParserVisitor.java,org.openrewrite.cobol.internal.CobolParserVisitor,visitAcceptFromEscapeKeyStatement,FEATURE_ENVY,LOW,"foreign accesses=6, own accesses=1"
src/main/java/org/openrewrite/cobol/internal/CobolParserVisitor.java,org.openrewrite.cobol.internal.CobolParserVisitor,visitAcceptFromMnemonicStatement,FEATURE_ENVY,LOW,"foreign accesses=7, own accesses=0"
src/main/java/org/openrewrite/cobol/internal/CobolParserVisitor.java,org.openrewrite.cobol.internal.CobolParserVisitor,visitAcceptMessageCountStatement,FEATURE_ENVY,LOW,"foreign accesses=5, own accesses=1"
src/main/java/org/openrewrite/cobol/internal/CobolParserVisitor.java,org.openrewrite.cobol.internal.CobolParserVisitor,visitAcceptStatement,FEATURE_ENVY,HIGH,"foreign accesses=22, own accesses=3"
src/main/java/org/openrewrite/cobol/internal/CobolParserVisitor.java,org.openrewrite.cobol.internal.CobolParserVisitor,visitAccessModeClause,FEATURE_ENVY,MEDIUM,"foreign accesses=10, own accesses=2"
src/main/java/org/openrewrite/cobol/internal/CobolParserVisitor.java,org.openrewrite.cobol.internal.CobolParserVisitor,visitAddCorrespondingStatement,FEATURE_ENVY,MEDIUM,"foreign accesses=11, own accesses=1"
src/main/java/org/openrewrite/cobol/internal/CobolParserVisitor.java,org.openrewrite.cobol.internal.CobolParserVisitor,visitAddStatement,FEATURE_ENVY,MEDIUM,"foreign accesses=11, own accesses=4"
src/main/java/org/openrewrite/cobol/internal/CobolParserVisitor.java,org.openrewrite.cobol.internal.CobolParserVisitor,visitAddToGivingStatement,FEATURE_ENVY,LOW,"foreign accesses=9, own accesses=4"
src/main/java/org/openrewrite/cobol/internal/CobolParserVisitor.java,org.openrewrite.cobol.internal.CobolParserVisitor,visitAlphabetAlso,FEATURE_ENVY,LOW,"foreign accesses=6, own accesses=1"
src/main/java/org/openrewrite/cobol/internal/CobolParserVisitor.java,org.openrewrite.cobol.internal.CobolParserVisitor,visitAlphabetClauseFormat1,FEATURE_ENVY,HIGH,"foreign accesses=26, own accesses=1"
src/main/java/org/openrewrite/cobol/internal/CobolParserVisitor.java,org.openrewrite.cobol.internal.CobolParserVisitor,visitAlphabetClauseFormat2,FEATURE_ENVY,HIGH,"foreign accesses=19, own accesses=1"
src/main/java/org/openrewrite/cobol/internal/CobolParserVisitor.java,org.openrewrite.cobol.internal.CobolParserVisitor,visitAlphabetLiterals,FEATURE_ENVY,LOW,"foreign accesses=8, own accesses=2"
src/main/java/org/openrewrite/cobol/internal/CobolParserVisitor.java,org.openrewrite.cobol.internal.CobolParserVisitor,visitAlphabetThrough,FEATURE_ENVY,LOW,"foreign accesses=7, own accesses=1"
src/main/java/org/openrewrite/cobol/internal/CobolParserVisitor.java,org.openrewrite.cobol.internal.CobolParserVisitor,visitAlterProceedTo,FEATURE_ENVY,MEDIUM,"foreign accesses=11, own accesses=1"
src/main/java/org/openrewrite/cobol/internal/CobolParserVisitor.java,org.openrewrite.cobol.internal.CobolParserVisitor,visitAlterStatement,FEATURE_ENVY,LOW,"foreign accesses=6, own accesses=1"
src/main/java/org/openrewrite/cobol/internal/CobolParserVisitor.java,org.openrewrite.cobol.internal.CobolParserVisitor,visitAlteredGoTo,FEATURE_ENVY,LOW,"foreign accesses=7, own accesses=1"
src/main/java/org/openrewrite/cobol/internal/CobolParserVisitor.java,org.openrewrite.cobol.internal.CobolParserVisitor,visitAlternateRecordKeyClause,FEATURE_ENVY,MEDIUM,"foreign accesses=12, own accesses=3"
src/main/java/org/openrewrite/cobol/internal/CobolParserVisitor.java,org.openrewrite.cobol.internal.CobolParserVisitor,visitAndOrCondition,FEATURE_ENVY,LOW,"foreign accesses=7, own accesses=3"
src/main/java/org/openrewrite/cobol/internal/CobolParserVisitor.java,org.openrewrite.cobol.internal.CobolParserVisitor,visitArgument,FEATURE_ENVY,LOW,"foreign accesses=9, own accesses=2"
src/main/java/org/openrewrite/cobol/internal/CobolParserVisitor.java,org.openrewrite.cobol.internal.CobolParserVisitor,visitArithmeticExpression,FEATURE_ENVY,LOW,"foreign accesses=6, own accesses=1"
src/main/java/org/openrewrite/cobol/internal/CobolParserVisitor.java,org.openrewrite.cobol.internal.CobolParserVisitor,visitAssignClause,FEATURE_ENVY,HIGH,"foreign accesses=20, own accesses=3"
src/main/java/org/openrewrite/cobol/internal/CobolParserVisitor.java,org.openrewrite.cobol.internal.CobolParserVisitor,visitAtEndPhrase,FEATURE_ENVY,LOW,"foreign accesses=6, own accesses=2"
src/main/java/org/openrewrite/cobol/internal/CobolParserVisitor.java,org.openrewrite.cobol.internal.CobolParserVisitor,visitAuthorParagraph,FEATURE_ENVY,LOW,"foreign accesses=8, own accesses=1"
src/main/java/org/openrewrite/cobol/internal/CobolParserVisitor.java,org.openrewrite.cobol.internal.CobolParserVisitor,visitBasis,FEATURE_ENVY,MEDIUM,"foreign accesses=13, own accesses=1"
src/main/java/org/openrewrite/cobol/internal/CobolParserVisitor.java,org.openrewrite.cobol.internal.CobolParserVisitor,visitBlockContainsClause,FEATURE_ENVY,MEDIUM,"foreign accesses=13, own accesses=3"
src/main/java/org/openrewrite/cobol/internal/CobolParserVisitor.java,org.openrewrite.cobol.internal.CobolParserVisitor,visitBlockContainsTo,FEATURE_ENVY,LOW,"foreign accesses=7, own accesses=0"
src/main/java/org/openrewrite/cobol/internal/CobolParserVisitor.java,org.openrewrite.cobol.internal.CobolParserVisitor,visitCallByContent,FEATURE_ENVY,MEDIUM,"foreign accesses=13, own accesses=1"
src/main/java/org/openrewrite/cobol/internal/CobolParserVisitor.java,org.openrewrite.cobol.internal.CobolParserVisitor,visitCallByContentPhrase,FEATURE_ENVY,LOW,"foreign accesses=6, own accesses=2"
src/main/java/org/openrewrite/cobol/internal/CobolParserVisitor.java,org.openrewrite.cobol.internal.CobolParserVisitor,visitCallByReference,FEATURE_ENVY,HIGH,"foreign accesses=17, own accesses=1"
src/main/java/org/openrewrite/cobol/internal/CobolParserVisitor.java,org.openrewrite.cobol.internal.CobolParserVisitor,visitCallByReferencePhrase,FEATURE_ENVY,LOW,"foreign accesses=6, own accesses=2"
src/main/java/org/openrewrite/cobol/internal/CobolParserVisitor.java,org.openrewrite.cobol.internal.CobolParserVisitor,visitCallByValue,FEATURE_ENVY,LOW,"foreign accesses=8, own accesses=2"
src/main/java/org/openrewrite/cobol/internal/CobolParserVisitor.java,org.openrewrite.cobol.internal.CobolParserVisitor,visitCallByValuePhrase,FEATURE_ENVY,LOW,"foreign accesses=6, own accesses=2"
src/main/java/org/openrewrite/cobol/internal/CobolParserVisitor.java,org.openrewrite.cobol.internal.CobolParserVisitor,visitCallGivingPhrase,FEATURE_ENVY,LOW,"foreign accesses=7, own accesses=1"
src/main/java/org/openrewrite/cobol/internal/CobolParserVisitor.java,org.openrewrite.cobol.internal.CobolParserVisitor,visitCallUsingPhrase,FEATURE_ENVY,LOW,"foreign accesses=5, own accesses=2"
src/main/java/org/openrewrite/cobol/internal/CobolParserVisitor.java,org.openrewrite.cobol.internal.CobolParserVisitor,visitCancelStatement,FEATURE_ENVY,LOW,"foreign accesses=6, own accesses=1"
src/main/java/org/openrewrite/cobol/internal/CobolParserVisitor.java,org.openrewrite.cobol.internal.CobolParserVisitor,visitChannelClause,FEATURE_ENVY,MEDIUM,"foreign accesses=10, own accesses=1"
src/main/java/org/openrewrite/cobol/internal/CobolParserVisitor.java,org.openrewrite.cobol.internal.CobolParserVisitor,visitCharacterSetClause,FEATURE_ENVY,LOW,"foreign accesses=8, own accesses=1"
src/main/java/org/openrewrite/cobol/internal/CobolParserVisitor.java,org.openrewrite.cobol.internal.CobolParserVisitor,visitClassClause,FEATURE_ENVY,MEDIUM,"foreign accesses=11, own accesses=3"
src/main/java/org/openrewrite/cobol/internal/CobolParserVisitor.java,org.openrewrite.cobol.internal.CobolParserVisitor,visitClassClauseThrough,FEATURE_ENVY,MEDIUM,"foreign accesses=12, own accesses=1"
src/main/java/org/openrewrite/cobol/internal/CobolParserVisitor.java,org.openrewrite.cobol.internal.CobolParserVisitor,visitClassCondition,FEATURE_ENVY,MEDIUM,"foreign accesses=14, own accesses=2"
src/main/java/org/openrewrite/cobol/internal/CobolParserVisitor.java,org.openrewrite.cobol.internal.CobolParserVisitor,visitCloseFile,FEATURE_ENVY,MEDIUM,"foreign accesses=11, own accesses=1"
src/main/java/org/openrewrite/cobol/internal/CobolParserVisitor.java,org.openrewrite.cobol.internal.CobolParserVisitor,visitClosePortFileIOStatement,FEATURE_ENVY,LOW,"foreign accesses=8, own accesses=2"
src/main/java/org/openrewrite/cobol/internal/CobolParserVisitor.java,org.openrewrite.cobol.internal.CobolParserVisitor,visitClosePortFileIOUsingAssociatedData,FEATURE_ENVY,LOW,"foreign accesses=7, own accesses=1"
src/main/java/org/openrewrite/cobol/internal/CobolParserVisitor.java,org.openrewrite.cobol.internal.CobolParserVisitor,visitClosePortFileIOUsingAssociatedDataLength,FEATURE_ENVY,LOW,"foreign accesses=7, own accesses=2"
src/main/java/org/openrewrite/cobol/internal/CobolParserVisitor.java,org.openrewrite.cobol.internal.CobolParserVisitor,visitClosePortFileIOUsingCloseDisposition,FEATURE_ENVY,LOW,"foreign accesses=7, own accesses=1"
src/main/java/org/openrewrite/cobol/internal/CobolParserVisitor.java,org.openrewrite.cobol.internal.CobolParserVisitor,visitCloseReelUnitStatement,FEATURE_ENVY,MEDIUM,"foreign accesses=11, own accesses=1"
src/main/java/org/openrewrite/cobol/internal/CobolParserVisitor.java,org.openrewrite.cobol.internal.CobolParserVisitor,visitCloseRelativeStatement,FEATURE_ENVY,LOW,"foreign accesses=7, own accesses=1"
src/main/java/org/openrewrite/cobol/internal/CobolParserVisitor.java,org.openrewrite.cobol.internal.CobolParserVisitor,visitCloseStatement,FEATURE_ENVY,LOW,"foreign accesses=6, own accesses=1"
src/main/java/org/openrewrite/cobol/internal/CobolParserVisitor.java,org.openrewrite.cobol.internal.CobolParserVisitor,visitCodeSetClause,FEATURE_ENVY,LOW,"foreign accesses=7, own accesses=1"
src/main/java/org/openrewrite/cobol/internal/CobolParserVisitor.java,org.openrewrite.cobol.internal.CobolParserVisitor,visitCollatingSequenceClause,FEATURE_ENVY,MEDIUM,"foreign accesses=11, own accesses=4"
src/main/java/org/openrewrite/cobol/internal/CobolParserVisitor.java,org.openrewrite.cobol.internal.CobolParserVisitor,visitCollatingSequenceClauseAlphanumeric,FEATURE_ENVY,LOW,"foreign accesses=8, own accesses=1"
src/main/java/org/openrewrite/cobol/internal/CobolParserVisitor.java,org.openrewrite.cobol.internal.CobolParserVisitor,visitCollatingSequenceClauseNational,FEATURE_ENVY,LOW,"foreign accesses=8, own accesses=1"
src/main/java/org/openrewrite/cobol/internal/CobolParserVisitor.java,org.openrewrite.cobol.internal.CobolParserVisitor,visitCombinableCondition,FEATURE_ENVY,LOW,"foreign accesses=6, own accesses=1"
src/main/java/org/openrewrite/cobol/internal/CobolParserVisitor.java,org.openrewrite.cobol.internal.CobolParserVisitor,visitCommitmentControlClause,FEATURE_ENVY,LOW,"foreign accesses=8, own accesses=1"
src/main/java/org/openrewrite/cobol/internal/CobolParserVisitor.java,org.openrewrite.cobol.internal.CobolParserVisitor,visitCommunicationDescriptionEntryFormat1,FEATURE_ENVY,HIGH,"foreign accesses=21, own accesses=3"
src/main/java/org/openrewrite/cobol/internal/CobolParserVisitor.java,org.openrewrite.cobol.internal.CobolParserVisitor,visitCommunicationDescriptionEntryFormat2,FEATURE_ENVY,HIGH,"foreign accesses=16, own accesses=3"
src/main/java/org/openrewrite/cobol/internal/CobolParserVisitor.java,org.openrewrite.cobol.internal.CobolParserVisitor,visitCommunicationDescriptionEntryFormat3,FEATURE_ENVY,HIGH,"foreign accesses=18, own accesses=3"
src/main/java/org/openrewrite/cobol/internal/CobolParserVisitor.java,org.openrewrite.cobol.internal.CobolParserVisitor,visitCommunicationSection,FEATURE_ENVY,LOW,"foreign accesses=9, own accesses=2"
src/main/java/org/openrewrite/cobol/internal/CobolParserVisitor.java,org.openrewrite.cobol.internal.CobolParserVisitor,visitComputeStatement,FEATURE_ENVY,MEDIUM,"foreign accesses=13, own accesses=5"
src/main/java/org/openrewrite/cobol/internal/CobolParserVisitor.java,org.openrewrite.cobol.internal.CobolParserVisitor,visitCondition,FEATURE_ENVY,LOW,"foreign accesses=6, own accesses=1"
src/main/java/org/openrewrite/cobol/internal/CobolParserVisitor.java,org.openrewrite.cobol.internal.CobolParserVisitor,visitConditionNameReference,FEATURE_ENVY,LOW,"foreign accesses=9, own accesses=4"
src/main/java/org/openrewrite/cobol/internal/CobolParserVisitor.java,org.openrewrite.cobol.internal.CobolParserVisitor,visitConditionNameSubscriptReference,FEATURE_ENVY,LOW,"foreign accesses=9, own accesses=1"
src/main/java/org/openrewrite/cobol/internal/CobolParserVisitor.java,org.openrewrite.cobol.internal.CobolParserVisitor,visitConfigurationSection,FEATURE_ENVY,LOW,"foreign accesses=8, own accesses=2"
src/main/java/org/openrewrite/cobol/internal/CobolParserVisitor.java,org.openrewrite.cobol.internal.CobolParserVisitor,visitContinueStatement,FEATURE_ENVY,LOW,"foreign accesses=5, own accesses=0"
src/main/java/org/openrewrite/cobol/internal/CobolParserVisitor.java,org.openrewrite.cobol.internal.CobolParserVisitor,visitCurrencySignClause,FEATURE_ENVY,HIGH,"foreign accesses=15, own accesses=2"
src/main/java/org/openrewrite/cobol/internal/CobolParserVisitor.java,org.openrewrite.cobol.internal.CobolParserVisitor,visitDataAlignedClause,FEATURE_ENVY,LOW,"foreign accesses=5, own accesses=0"
src/main/java/org/openrewrite/cobol/internal/CobolParserVisitor.java,org.openrewrite.cobol.internal.CobolParserVisitor,visitDataBaseSection,FEATURE_ENVY,LOW,"foreign accesses=8, own accesses=2"
src/main/java/org/openrewrite/cobol/internal/CobolParserVisitor.java,org.openrewrite.cobol.internal.CobolParserVisitor,visitDataBaseSectionEntry,FEATURE_ENVY,MEDIUM,"foreign accesses=11, own accesses=0"
src/main/java/org/openrewrite/cobol/internal/CobolParserVisitor.java,org.openrewrite.cobol.internal.CobolParserVisitor,visitDataBlankWhenZeroClause,FEATURE_ENVY,LOW,"foreign accesses=8, own accesses=1"
src/main/java/org/openrewrite/cobol/internal/CobolParserVisitor.java,org.openrewrite.cobol.internal.CobolParserVisitor,visitDataCommonOwnLocalClause,FEATURE_ENVY,LOW,"foreign accesses=6, own accesses=1"
src/main/java/org/openrewrite/cobol/internal/CobolParserVisitor.java,org.openrewrite.cobol.internal.CobolParserVisitor,visitDataDescriptionEntryExecSql,FEATURE_ENVY,LOW,"foreign accesses=5, own accesses=2"
src/main/java/org/openrewrite/cobol/internal/CobolParserVisitor.java,org.openrewrite.cobol.internal.CobolParserVisitor,visitDataDescriptionEntryFormat1,FEATURE_ENVY,MEDIUM,"foreign accesses=13, own accesses=3"
src/main/java/org/openrewrite/cobol/internal/CobolParserVisitor.java,org.openrewrite.cobol.internal.CobolParserVisitor,visitDataDescriptionEntryFormat2,FEATURE_ENVY,MEDIUM,"foreign accesses=10, own accesses=2"
src/main/java/org/openrewrite/cobol/internal/CobolParserVisitor.java,org.openrewrite.cobol.internal.CobolParserVisitor,visitDataDescriptionEntryFormat3,FEATURE_ENVY,MEDIUM,"foreign accesses=10, own accesses=2"
src/main/java/org/openrewrite/cobol/internal/CobolParserVisitor.java,org.openrewrite.cobol.internal.CobolParserVisitor,visitDataDivision,FEATURE_ENVY,LOW,"foreign accesses=8, own accesses=2"
src/main/java/org/openrewrite/cobol/internal/CobolParserVisitor.java,org.openrewrite.cobol.internal.CobolParserVisitor,visitDataExternalClause,FEATURE_ENVY,LOW,"foreign accesses=7, own accesses=2"
src/main/java/org/openrewrite/cobol/internal/CobolParserVisitor.java,org.openrewrite.cobol.internal.CobolParserVisitor,visitDataGlobalClause,FEATURE_ENVY,LOW,"foreign accesses=5, own accesses=1"
src/main/java/org/openrewrite/cobol/internal/CobolParserVisitor.java,org.openrewrite.cobol.internal.CobolParserVisitor,visitDataIntegerStringClause,FEATURE_ENVY,LOW,"foreign accesses=5, own accesses=1"
src/main/java/org/openrewrite/cobol/internal/CobolParserVisitor.java,org.openrewrite.cobol.internal.CobolParserVisitor,visitDataJustifiedClause,FEATURE_ENVY,LOW,"foreign accesses=6, own accesses=1"
src/main/java/org/openrewrite/cobol/internal/CobolParserVisitor.java,org.openrewrite.cobol.internal.CobolParserVisitor,visitDataOccursClause,FEATURE_ENVY,MEDIUM,"foreign accesses=12, own accesses=5"
src/main/java/org/openrewrite/cobol/internal/CobolParserVisitor.java,org.openrewrite.cobol.internal.CobolParserVisitor,visitDataOccursDepending,FEATURE_ENVY,LOW,"foreign accesses=7, own accesses=1"
src/main/java/org/openrewrite/cobol/internal/CobolParserVisitor.java,org.openrewrite.cobol.internal.CobolParserVisitor,visitDataOccursIndexed,FEATURE_ENVY,LOW,"foreign accesses=7, own accesses=2"
src/main/java/org/openrewrite/cobol/internal/CobolParserVisitor.java,org.openrewrite.cobol.internal.CobolParserVisitor,visitDataOccursSort,FEATURE_ENVY,LOW,"foreign accesses=8, own accesses=2"
src/main/java/org/openrewrite/cobol/internal/CobolParserVisitor.java,org.openrewrite.cobol.internal.CobolParserVisitor,visitDataOccursTo,FEATURE_ENVY,LOW,"foreign accesses=6, own accesses=1"
src/main/java/org/openrewrite/cobol/internal/CobolParserVisitor.java,org.openrewrite.cobol.internal.CobolParserVisitor,visitDataPictureClause,FEATURE_ENVY,LOW,"foreign accesses=8, own accesses=2"
src/main/java/org/openrewrite/cobol/internal/CobolParserVisitor.java,org.openrewrite.cobol.internal.CobolParserVisitor,visitDataReceivedByClause,FEATURE_ENVY,LOW,"foreign accesses=8, own accesses=1"
src/main/java/org/openrewrite/cobol/internal/CobolParserVisitor.java,org.openrewrite.cobol.internal.CobolParserVisitor,visitDataRecordAreaClause,FEATURE_ENVY,LOW,"foreign accesses=5, own accesses=1"
src/main/java/org/openrewrite/cobol/internal/CobolParserVisitor.java,org.openrewrite.cobol.internal.CobolParserVisitor,visitDataRecordsClause,FEATURE_ENVY,LOW,"foreign accesses=9, own accesses=2"
src/main/java/org/openrewrite/cobol/internal/CobolParserVisitor.java,org.openrewrite.cobol.internal.CobolParserVisitor,visitDataRedefinesClause,FEATURE_ENVY,LOW,"foreign accesses=7, own accesses=0"
src/main/java/org/openrewrite/cobol/internal/CobolParserVisitor.java,org.openrewrite.cobol.internal.CobolParserVisitor,visitDataRenamesClause,FEATURE_ENVY,HIGH,"foreign accesses=17, own accesses=0"
src/main/java/org/openrewrite/cobol/internal/CobolParserVisitor.java,org.openrewrite.cobol.internal.CobolParserVisitor,visitDataSignClause,FEATURE_ENVY,LOW,"foreign accesses=9, own accesses=1"
src/main/java/org/openrewrite/cobol/internal/CobolParserVisitor.java,org.openrewrite.cobol.internal.CobolParserVisitor,visitDataSynchronizedClause,FEATURE_ENVY,LOW,"foreign accesses=7, own accesses=1"
src/main/java/org/openrewrite/cobol/internal/CobolParserVisitor.java,org.openrewrite.cobol.internal.CobolParserVisitor,visitDataThreadLocalClause,FEATURE_ENVY,LOW,"foreign accesses=5, own accesses=1"
src/main/java/org/openrewrite/cobol/internal/CobolParserVisitor.java,org.openrewrite.cobol.internal.CobolParserVisitor,visitDataTypeClause,FEATURE_ENVY,HIGH,"foreign accesses=24, own accesses=1"
src/main/java/org/openrewrite/cobol/internal/CobolParserVisitor.java,org.openrewrite.cobol.internal.CobolParserVisitor,visitDataTypeDefClause,FEATURE_ENVY,LOW,"foreign accesses=5, own accesses=1"
src/main/java/org/openrewrite/cobol/internal/CobolParserVisitor.java,org.openrewrite.cobol.internal.CobolParserVisitor,visitDataUsageClause,FEATURE_ENVY,CRITICAL,"foreign accesses=38, own accesses=1"
src/main/java/org/openrewrite/cobol/internal/CobolParserVisitor.java,org.openrewrite.cobol.internal.CobolParserVisitor,visitDataUsingClause,FEATURE_ENVY,LOW,"foreign accesses=9, own accesses=2"
src/main/java/org/openrewrite/cobol/internal/CobolParserVisitor.java,org.openrewrite.cobol.internal.CobolParserVisitor,visitDataValueClause,FEATURE_ENVY,LOW,"foreign accesses=9, own accesses=2"
src/main/java/org/openrewrite/cobol/internal/CobolParserVisitor.java,org.openrewrite.cobol.internal.CobolParserVisitor,visitDataValueInterval,FEATURE_ENVY,LOW,"foreign accesses=6, own accesses=1"
src/main/java/org/openrewrite/cobol/internal/CobolParserVisitor.java,org.openrewrite.cobol.internal.CobolParserVisitor,visitDataValueIntervalTo,FEATURE_ENVY,LOW,"foreign accesses=7, own accesses=1"
src/main/java/org/openrewrite/cobol/internal/CobolParserVisitor.java,org.openrewrite.cobol.internal.CobolParserVisitor,visitDataWithLowerBoundsClause,FEATURE_ENVY,LOW,"foreign accesses=6, own accesses=1"
src/main/java/org/openrewrite/cobol/internal/CobolParserVisitor.java,org.openrewrite.cobol.internal.CobolParserVisitor,visitDateCompiledParagraph,FEATURE_ENVY,LOW,"foreign accesses=8, own accesses=1"
src/main/java/org/openrewrite/cobol/internal/CobolParserVisitor.java,org.openrewrite.cobol.internal.CobolParserVisitor,visitDateWrittenParagraph,FEATURE_ENVY,LOW,"foreign accesses=8, own accesses=1"
src/main/java/org/openrewrite/cobol/internal/CobolParserVisitor.java,org.openrewrite.cobol.internal.CobolParserVisitor,visitDecimalPointClause,FEATURE_ENVY,LOW,"foreign accesses=6, own accesses=1"
src/main/java/org/openrewrite/cobol/internal/CobolParserVisitor.java,org.openrewrite.cobol.internal.CobolParserVisitor,visitDefaultComputationalSignClause,FEATURE_ENVY,MEDIUM,"foreign accesses=12, own accesses=1"
src/main/java/org/openrewrite/cobol/internal/CobolParserVisitor.java,org.openrewrite.cobol.internal.CobolParserVisitor,visitDefaultDisplaySignClause,FEATURE_ENVY,MEDIUM,"foreign accesses=10, own accesses=1"
src/main/java/org/openrewrite/cobol/internal/CobolParserVisitor.java,org.openrewrite.cobol.internal.CobolParserVisitor,visitDeleteStatement,FEATURE_ENVY,MEDIUM,"foreign accesses=11, own accesses=4"
src/main/java/org/openrewrite/cobol/internal/CobolParserVisitor.java,org.openrewrite.cobol.internal.CobolParserVisitor,visitDestinationCountClause,FEATURE_ENVY,LOW,"foreign accesses=7, own accesses=2"
src/main/java/org/openrewrite/cobol/internal/CobolParserVisitor.java,org.openrewrite.cobol.internal.CobolParserVisitor,visitDestinationTableClause,FEATURE_ENVY,MEDIUM,"foreign accesses=11, own accesses=4"
src/main/java/org/openrewrite/cobol/internal/CobolParserVisitor.java,org.openrewrite.cobol.internal.CobolParserVisitor,visitDisableStatement,FEATURE_ENVY,HIGH,"foreign accesses=16, own accesses=3"
src/main/java/org/openrewrite/cobol/internal/CobolParserVisitor.java,org.openrewrite.cobol.internal.CobolParserVisitor,visitDiskSizeClause,FEATURE_ENVY,HIGH,"foreign accesses=19, own accesses=1"
src/main/java/org/openrewrite/cobol/internal/CobolParserVisitor.java,org.openrewrite.cobol.internal.CobolParserVisitor,visitDisplayAt,FEATURE_ENVY,LOW,"foreign accesses=7, own accesses=1"
src/main/java/org/openrewrite/cobol/internal/CobolParserVisitor.java,org.openrewrite.cobol.internal.CobolParserVisitor,visitDisplayUpon,FEATURE_ENVY,LOW,"foreign accesses=7, own accesses=1"
src/main/java/org/openrewrite/cobol/internal/CobolParserVisitor.java,org.openrewrite.cobol.internal.CobolParserVisitor,visitDivideByGivingStatement,FEATURE_ENVY,LOW,"foreign accesses=8, own accesses=2"
src/main/java/org/openrewrite/cobol/internal/CobolParserVisitor.java,org.openrewrite.cobol.internal.CobolParserVisitor,visitDivideGivingPhrase,FEATURE_ENVY,LOW,"foreign accesses=6, own accesses=1"
src/main/java/org/openrewrite/cobol/internal/CobolParserVisitor.java,org.openrewrite.cobol.internal.CobolParserVisitor,visitDivideIntoGivingStatement,FEATURE_ENVY,LOW,"foreign accesses=8, own accesses=2"
src/main/java/org/openrewrite/cobol/internal/CobolParserVisitor.java,org.openrewrite.cobol.internal.CobolParserVisitor,visitDivideIntoStatement,FEATURE_ENVY,LOW,"foreign accesses=6, own accesses=1"
src/main/java/org/openrewrite/cobol/internal/CobolParserVisitor.java,org.openrewrite.cobol.internal.CobolParserVisitor,visitDivideRemainder,FEATURE_ENVY,LOW,"foreign accesses=7, own accesses=0"
src/main/java/org/openrewrite/cobol/internal/CobolParserVisitor.java,org.openrewrite.cobol.internal.CobolParserVisitor,visitDivideStatement,FEATURE_ENVY,MEDIUM,"foreign accesses=14, own accesses=6"
src/main/java/org/openrewrite/cobol/internal/CobolParserVisitor.java,org.openrewrite.cobol.internal.CobolParserVisitor,visitEnableStatement,FEATURE_ENVY,HIGH,"foreign accesses=16, own accesses=3"
src/main/java/org/openrewrite/cobol/internal/CobolParserVisitor.java,org.openrewrite.cobol.internal.CobolParserVisitor,visitEndKeyClause,FEATURE_ENVY,LOW,"foreign accesses=8, own accesses=1"
src/main/java/org/openrewrite/cobol/internal/CobolParserVisitor.java,org.openrewrite.cobol.internal.CobolParserVisitor,visitEndProgramStatement,FEATURE_ENVY,LOW,"foreign accesses=9, own accesses=1"
src/main/java/org/openrewrite/cobol/internal/CobolParserVisitor.java,org.openrewrite.cobol.internal.CobolParserVisitor,visitEntryStatement,FEATURE_ENVY,LOW,"foreign accesses=9, own accesses=2"
src/main/java/org/openrewrite/cobol/internal/CobolParserVisitor.java,org.openrewrite.cobol.internal.CobolParserVisitor,visitEnvironmentDivision,FEATURE_ENVY,LOW,"foreign accesses=8, own accesses=2"
src/main/java/org/openrewrite/cobol/internal/CobolParserVisitor.java,org.openrewrite.cobol.internal.CobolParserVisitor,visitEnvironmentSwitchNameSpecialNamesStatusPhrase,FEATURE_ENVY,MEDIUM,"foreign accesses=10, own accesses=1"
src/main/java/org/openrewrite/cobol/internal/CobolParserVisitor.java,org.openrewrite.cobol.internal.CobolParserVisitor,visitErrorKeyClause,FEATURE_ENVY,LOW,"foreign accesses=8, own accesses=1"
src/main/java/org/openrewrite/cobol/internal/CobolParserVisitor.java,org.openrewrite.cobol.internal.CobolParserVisitor,visitEvaluateAlsoCondition,FEATURE_ENVY,LOW,"foreign accesses=7, own accesses=0"
src/main/java/org/openrewrite/cobol/internal/CobolParserVisitor.java,org.openrewrite.cobol.internal.CobolParserVisitor,visitEvaluateAlsoSelect,FEATURE_ENVY,LOW,"foreign accesses=7, own accesses=0"
src/main/java/org/openrewrite/cobol/internal/CobolParserVisitor.java,org.openrewrite.cobol.internal.CobolParserVisitor,visitEvaluateCondition,FEATURE_ENVY,MEDIUM,"foreign accesses=10, own accesses=3"
src/main/java/org/openrewrite/cobol/internal/CobolParserVisitor.java,org.openrewrite.cobol.internal.CobolParserVisitor,visitEvaluateStatement,FEATURE_ENVY,MEDIUM,"foreign accesses=11, own accesses=4"
src/main/java/org/openrewrite/cobol/internal/CobolParserVisitor.java,org.openrewrite.cobol.internal.CobolParserVisitor,visitEvaluateThrough,FEATURE_ENVY,LOW,"foreign accesses=7, own accesses=1"
src/main/java/org/openrewrite/cobol/internal/CobolParserVisitor.java,org.openrewrite.cobol.internal.CobolParserVisitor,visitEvaluateWhen,FEATURE_ENVY,LOW,"foreign accesses=8, own accesses=1"
src/main/java/org/openrewrite/cobol/internal/CobolParserVisitor.java,org.openrewrite.cobol.internal.CobolParserVisitor,visitEvaluateWhenOther,FEATURE_ENVY,LOW,"foreign accesses=6, own accesses=2"
src/main/java/org/openrewrite/cobol/internal/CobolParserVisitor.java,org.openrewrite.cobol.internal.CobolParserVisitor,visitEvaluateWhenPhrase,FEATURE_ENVY,LOW,"foreign accesses=5, own accesses=2"
src/main/java/org/openrewrite/cobol/internal/CobolParserVisitor.java,org.openrewrite.cobol.internal.CobolParserVisitor,visitExhibitStatement,FEATURE_ENVY,LOW,"foreign accesses=7, own accesses=2"
src/main/java/org/openrewrite/cobol/internal/CobolParserVisitor.java,org.openrewrite.cobol.internal.CobolParserVisitor,visitExitStatement,FEATURE_ENVY,HIGH,"foreign accesses=20, own accesses=1"
src/main/java/org/openrewrite/cobol/internal/CobolParserVisitor.java,org.openrewrite.cobol.internal.CobolParserVisitor,visitExternalClause,FEATURE_ENVY,LOW,"foreign accesses=5, own accesses=1"
src/main/java/org/openrewrite/cobol/internal/CobolParserVisitor.java,org.openrewrite.cobol.internal.CobolParserVisitor,visitFigurativeConstant,FEATURE_ENVY,HIGH,"foreign accesses=18, own accesses=2"
src/main/java/org/openrewrite/cobol/internal/CobolParserVisitor.java,org.openrewrite.cobol.internal.CobolParserVisitor,visitFileControlEntry,FEATURE_ENVY,LOW,"foreign accesses=6, own accesses=1"
src/main/java/org/openrewrite/cobol/internal/CobolParserVisitor.java,org.openrewrite.cobol.internal.CobolParserVisitor,visitFileControlParagraph,FEATURE_ENVY,LOW,"foreign accesses=6, own accesses=2"
src/main/java/org/openrewrite/cobol/internal/CobolParserVisitor.java,org.openrewrite.cobol.internal.CobolParserVisitor,visitFileDescriptionEntry,FEATURE_ENVY,MEDIUM,"foreign accesses=11, own accesses=3"
src/main/java/org/openrewrite/cobol/internal/CobolParserVisitor.java,org.openrewrite.cobol.internal.CobolParserVisitor,visitFileSection,FEATURE_ENVY,LOW,"foreign accesses=8, own accesses=2"
src/main/java/org/openrewrite/cobol/internal/CobolParserVisitor.java,org.openrewrite.cobol.internal.CobolParserVisitor,visitFileStatusClause,FEATURE_ENVY,LOW,"foreign accesses=7, own accesses=2"
src/main/java/org/openrewrite/cobol/internal/CobolParserVisitor.java,org.openrewrite.cobol.internal.CobolParserVisitor,visitFunctionCall,FEATURE_ENVY,LOW,"foreign accesses=9, own accesses=2"
src/main/java/org/openrewrite/cobol/internal/CobolParserVisitor.java,org.openrewrite.cobol.internal.CobolParserVisitor,visitFunctionCallArguments,FEATURE_ENVY,LOW,"foreign accesses=9, own accesses=1"
src/main/java/org/openrewrite/cobol/internal/CobolParserVisitor.java,org.openrewrite.cobol.internal.CobolParserVisitor,visitGenerateStatement,FEATURE_ENVY,LOW,"foreign accesses=7, own accesses=0"
src/main/java/org/openrewrite/cobol/internal/CobolParserVisitor.java,org.openrewrite.cobol.internal.CobolParserVisitor,visitGlobalClause,FEATURE_ENVY,LOW,"foreign accesses=5, own accesses=1"
src/main/java/org/openrewrite/cobol/internal/CobolParserVisitor.java,org.openrewrite.cobol.internal.CobolParserVisitor,visitGoToDependingOnStatement,FEATURE_ENVY,LOW,"foreign accesses=8, own accesses=3"
src/main/java/org/openrewrite/cobol/internal/CobolParserVisitor.java,org.openrewrite.cobol.internal.CobolParserVisitor,visitGoToStatement,FEATURE_ENVY,LOW,"foreign accesses=7, own accesses=2"
src/main/java/org/openrewrite/cobol/internal/CobolParserVisitor.java,org.openrewrite.cobol.internal.CobolParserVisitor,visitGobackStatement,FEATURE_ENVY,LOW,"foreign accesses=5, own accesses=0"
src/main/java/org/openrewrite/cobol/internal/CobolParserVisitor.java,org.openrewrite.cobol.internal.CobolParserVisitor,visitIdentificationDivision,FEATURE_ENVY,MEDIUM,"foreign accesses=10, own accesses=2"
src/main/java/org/openrewrite/cobol/internal/CobolParserVisitor.java,org.openrewrite.cobol.internal.CobolParserVisitor,visitIfElse,FEATURE_ENVY,LOW,"foreign accesses=8, own accesses=2"
src/main/java/org/openrewrite/cobol/internal/CobolParserVisitor.java,org.openrewrite.cobol.internal.CobolParserVisitor,visitIfStatement,FEATURE_ENVY,MEDIUM,"foreign accesses=11, own accesses=2"
src/main/java/org/openrewrite/cobol/internal/CobolParserVisitor.java,org.openrewrite.cobol.internal.CobolParserVisitor,visitIfThen,FEATURE_ENVY,LOW,"foreign accesses=7, own accesses=3"
src/main/java/org/openrewrite/cobol/internal/CobolParserVisitor.java,org.openrewrite.cobol.internal.CobolParserVisitor,visitInData,FEATURE_ENVY,LOW,"foreign accesses=7, own accesses=1"
src/main/java/org/openrewrite/cobol/internal/CobolParserVisitor.java,org.openrewrite.cobol.internal.CobolParserVisitor,visitInFile,FEATURE_ENVY,LOW,"foreign accesses=7, own accesses=1"
src/main/java/org/openrewrite/cobol/internal/CobolParserVisitor.java,org.openrewrite.cobol.internal.CobolParserVisitor,visitInLibrary,FEATURE_ENVY,LOW,"foreign accesses=7, own accesses=1"
src/main/java/org/openrewrite/cobol/internal/CobolParserVisitor.java,org.openrewrite.cobol.internal.CobolParserVisitor,visitInMnemonic,FEATURE_ENVY,LOW,"foreign accesses=7, own accesses=1"
src/main/java/org/openrewrite/cobol/internal/CobolParserVisitor.java,org.openrewrite.cobol.internal.CobolParserVisitor,visitInSection,FEATURE_ENVY,LOW,"foreign accesses=7, own accesses=1"
src/main/java/org/openrewrite/cobol/internal/CobolParserVisitor.java,org.openrewrite.cobol.internal.CobolParserVisitor,visitInTable,FEATURE_ENVY,LOW,"foreign accesses=7, own accesses=1"
src/main/java/org/openrewrite/cobol/internal/CobolParserVisitor.java,org.openrewrite.cobol.internal.CobolParserVisitor,visitInitializeReplacingBy,FEATURE_ENVY,HIGH,"foreign accesses=16, own accesses=2"
src/main/java/org/openrewrite/cobol/internal/CobolParserVisitor.java,org.openrewrite.cobol.internal.CobolParserVisitor,visitInitializeReplacingPhrase,FEATURE_ENVY,LOW,"foreign accesses=6, own accesses=1"
src/main/java/org/openrewrite/cobol/internal/CobolParserVisitor.java,org.openrewrite.cobol.internal.CobolParserVisitor,visitInitializeStatement,FEATURE_ENVY,LOW,"foreign accesses=7, own accesses=2"
src/main/java/org/openrewrite/cobol/internal/CobolParserVisitor.java,org.openrewrite.cobol.internal.CobolParserVisitor,visitInitiateStatement,FEATURE_ENVY,LOW,"foreign accesses=6, own accesses=1"
src/main/java/org/openrewrite/cobol/internal/CobolParserVisitor.java,org.openrewrite.cobol.internal.CobolParserVisitor,visitInputOutputSection,FEATURE_ENVY,LOW,"foreign accesses=7, own accesses=2"
src/main/java/org/openrewrite/cobol/internal/CobolParserVisitor.java,org.openrewrite.cobol.internal.CobolParserVisitor,visitInspectAllLeading,FEATURE_ENVY,LOW,"foreign accesses=6, own accesses=2"
src/main/java/org/openrewrite/cobol/internal/CobolParserVisitor.java,org.openrewrite.cobol.internal.CobolParserVisitor,visitInspectAllLeadings,FEATURE_ENVY,LOW,"foreign accesses=6, own accesses=2"
src/main/java/org/openrewrite/cobol/internal/CobolParserVisitor.java,org.openrewrite.cobol.internal.CobolParserVisitor,visitInspectBeforeAfter,FEATURE_ENVY,LOW,"foreign accesses=8, own accesses=2"
src/main/java/org/openrewrite/cobol/internal/CobolParserVisitor.java,org.openrewrite.cobol.internal.CobolParserVisitor,visitInspectBy,FEATURE_ENVY,LOW,"foreign accesses=7, own accesses=1"
src/main/java/org/openrewrite/cobol/internal/CobolParserVisitor.java,org.openrewrite.cobol.internal.CobolParserVisitor,visitInspectCharacters,FEATURE_ENVY,LOW,"foreign accesses=6, own accesses=2"
src/main/java/org/openrewrite/cobol/internal/CobolParserVisitor.java,org.openrewrite.cobol.internal.CobolParserVisitor,visitInspectConvertingPhrase,FEATURE_ENVY,MEDIUM,"foreign accesses=10, own accesses=2"
src/main/java/org/openrewrite/cobol/internal/CobolParserVisitor.java,org.openrewrite.cobol.internal.CobolParserVisitor,visitInspectFor,FEATURE_ENVY,LOW,"foreign accesses=9, own accesses=1"
src/main/java/org/openrewrite/cobol/internal/CobolParserVisitor.java,org.openrewrite.cobol.internal.CobolParserVisitor,visitInspectReplacingAllLeading,FEATURE_ENVY,LOW,"foreign accesses=8, own accesses=2"
src/main/java/org/openrewrite/cobol/internal/CobolParserVisitor.java,org.openrewrite.cobol.internal.CobolParserVisitor,visitInspectReplacingAllLeadings,FEATURE_ENVY,LOW,"foreign accesses=7, own accesses=2"
src/main/java/org/openrewrite/cobol/internal/CobolParserVisitor.java,org.openrewrite.cobol.internal.CobolParserVisitor,visitInspectReplacingCharacters,FEATURE_ENVY,LOW,"foreign accesses=8, own accesses=2"
src/main/java/org/openrewrite/cobol/internal/CobolParserVisitor.java,org.openrewrite.cobol.internal.CobolParserVisitor,visitInspectReplacingPhrase,FEATURE_ENVY,LOW,"foreign accesses=7, own accesses=1"
src/main/java/org/openrewrite/cobol/internal/CobolParserVisitor.java,org.openrewrite.cobol.internal.CobolParserVisitor,visitInspectStatement,FEATURE_ENVY,MEDIUM,"foreign accesses=11, own accesses=1"
src/main/java/org/openrewrite/cobol/internal/CobolParserVisitor.java,org.openrewrite.cobol.internal.CobolParserVisitor,visitInspectTallyingPhrase,FEATURE_ENVY,LOW,"foreign accesses=6, own accesses=1"
src/main/java/org/openrewrite/cobol/internal/CobolParserVisitor.java,org.openrewrite.cobol.internal.CobolParserVisitor,visitInspectTallyingReplacingPhrase,FEATURE_ENVY,LOW,"foreign accesses=7, own accesses=2"
src/main/java/org/openrewrite/cobol/internal/CobolParserVisitor.java,org.openrewrite.cobol.internal.CobolParserVisitor,visitInspectTo,FEATURE_ENVY,LOW,"foreign accesses=7, own accesses=1"
src/main/java/org/openrewrite/cobol/internal/CobolParserVisitor.java,org.openrewrite.cobol.internal.CobolParserVisitor,visitInstallationParagraph,FEATURE_ENVY,LOW,"foreign accesses=8, own accesses=1"
src/main/java/org/openrewrite/cobol/internal/CobolParserVisitor.java,org.openrewrite.cobol.internal.CobolParserVisitor,visitInvalidKeyPhrase,FEATURE_ENVY,LOW,"foreign accesses=6, own accesses=2"
src/main/java/org/openrewrite/cobol/internal/CobolParserVisitor.java,org.openrewrite.cobol.internal.CobolParserVisitor,visitIoControlParagraph,FEATURE_ENVY,HIGH,"foreign accesses=18, own accesses=2"
src/main/java/org/openrewrite/cobol/internal/CobolParserVisitor.java,org.openrewrite.cobol.internal.CobolParserVisitor,visitLabelRecordsClause,FEATURE_ENVY,MEDIUM,"foreign accesses=11, own accesses=2"
src/main/java/org/openrewrite/cobol/internal/CobolParserVisitor.java,org.openrewrite.cobol.internal.CobolParserVisitor,visitLibraryAttributeClauseFormat1,FEATURE_ENVY,MEDIUM,"foreign accesses=10, own accesses=1"
src/main/java/org/openrewrite/cobol/internal/CobolParserVisitor.java,org.openrewrite.cobol.internal.CobolParserVisitor,visitLibraryAttributeClauseFormat2,FEATURE_ENVY,MEDIUM,"foreign accesses=12, own accesses=4"
src/main/java/org/openrewrite/cobol/internal/CobolParserVisitor.java,org.openrewrite.cobol.internal.CobolParserVisitor,visitLibraryAttributeFunction,FEATURE_ENVY,LOW,"foreign accesses=7, own accesses=1"
src/main/java/org/openrewrite/cobol/internal/CobolParserVisitor.java,org.openrewrite.cobol.internal.CobolParserVisitor,visitLibraryAttributeParameter,FEATURE_ENVY,LOW,"foreign accesses=7, own accesses=1"
src/main/java/org/openrewrite/cobol/internal/CobolParserVisitor.java,org.openrewrite.cobol.internal.CobolParserVisitor,visitLibraryAttributeTitle,FEATURE_ENVY,LOW,"foreign accesses=7, own accesses=1"
src/main/java/org/openrewrite/cobol/internal/CobolParserVisitor.java,org.openrewrite.cobol.internal.CobolParserVisitor,visitLibraryDescriptionEntryFormat1,FEATURE_ENVY,MEDIUM,"foreign accesses=11, own accesses=2"
src/main/java/org/openrewrite/cobol/internal/CobolParserVisitor.java,org.openrewrite.cobol.internal.CobolParserVisitor,visitLibraryDescriptionEntryFormat2,FEATURE_ENVY,MEDIUM,"foreign accesses=13, own accesses=3"
src/main/java/org/openrewrite/cobol/internal/CobolParserVisitor.java,org.openrewrite.cobol.internal.CobolParserVisitor,visitLibraryEntryProcedureClauseFormat1,FEATURE_ENVY,LOW,"foreign accesses=8, own accesses=1"
src/main/java/org/openrewrite/cobol/internal/CobolParserVisitor.java,org.openrewrite.cobol.internal.CobolParserVisitor,visitLibraryEntryProcedureClauseFormat2,FEATURE_ENVY,MEDIUM,"foreign accesses=11, own accesses=4"
src/main/java/org/openrewrite/cobol/internal/CobolParserVisitor.java,org.openrewrite.cobol.internal.CobolParserVisitor,visitLibraryEntryProcedureForClause,FEATURE_ENVY,LOW,"foreign accesses=7, own accesses=0"
src/main/java/org/openrewrite/cobol/internal/CobolParserVisitor.java,org.openrewrite.cobol.internal.CobolParserVisitor,visitLibraryEntryProcedureGivingClause,FEATURE_ENVY,LOW,"foreign accesses=7, own accesses=0"
src/main/java/org/openrewrite/cobol/internal/CobolParserVisitor.java,org.openrewrite.cobol.internal.CobolParserVisitor,visitLibraryEntryProcedureUsingClause,FEATURE_ENVY,LOW,"foreign accesses=6, own accesses=1"
src/main/java/org/openrewrite/cobol/internal/CobolParserVisitor.java,org.openrewrite.cobol.internal.CobolParserVisitor,visitLibraryEntryProcedureWithClause,FEATURE_ENVY,LOW,"foreign accesses=6, own accesses=1"
src/main/java/org/openrewrite/cobol/internal/CobolParserVisitor.java,org.openrewrite.cobol.internal.CobolParserVisitor,visitLibraryIsCommonClause,FEATURE_ENVY,LOW,"foreign accesses=5, own accesses=1"
src/main/java/org/openrewrite/cobol/internal/CobolParserVisitor.java,org.openrewrite.cobol.internal.CobolParserVisitor,visitLibraryIsGlobalClause,FEATURE_ENVY,LOW,"foreign accesses=5, own accesses=1"
src/main/java/org/openrewrite/cobol/internal/CobolParserVisitor.java,org.openrewrite.cobol.internal.CobolParserVisitor,visitLinageClause,FEATURE_ENVY,LOW,"foreign accesses=9, own accesses=4"
src/main/java/org/openrewrite/cobol/internal/CobolParserVisitor.java,org.openrewrite.cobol.internal.CobolParserVisitor,visitLinageFootingAt,FEATURE_ENVY,LOW,"foreign accesses=8, own accesses=2"
src/main/java/org/openrewrite/cobol/internal/CobolParserVisitor.java,org.openrewrite.cobol.internal.CobolParserVisitor,visitLinageLinesAtBottom,FEATURE_ENVY,LOW,"foreign accesses=8, own accesses=2"
src/main/java/org/openrewrite/cobol/internal/CobolParserVisitor.java,org.openrewrite.cobol.internal.CobolParserVisitor,visitLinageLinesAtTop,FEATURE_ENVY,LOW,"foreign accesses=8, own accesses=2"
src/main/java/org/openrewrite/cobol/internal/CobolParserVisitor.java,org.openrewrite.cobol.internal.CobolParserVisitor,visitLinkageSection,FEATURE_ENVY,LOW,"foreign accesses=8, own accesses=2"
src/main/java/org/openrewrite/cobol/internal/CobolParserVisitor.java,org.openrewrite.cobol.internal.CobolParserVisitor,visitLocalStorageSection,FEATURE_ENVY,HIGH,"foreign accesses=16, own accesses=4"
src/main/java/org/openrewrite/cobol/internal/CobolParserVisitor.java,org.openrewrite.cobol.internal.CobolParserVisitor,visitMemorySizeClause,FEATURE_ENVY,HIGH,"foreign accesses=20, own accesses=1"
src/main/java/org/openrewrite/cobol/internal/CobolParserVisitor.java,org.openrewrite.cobol.internal.CobolParserVisitor,visitMergeCollatingAlphanumeric,FEATURE_ENVY,LOW,"foreign accesses=8, own accesses=1"
src/main/java/org/openrewrite/cobol/internal/CobolParserVisitor.java,org.openrewrite.cobol.internal.CobolParserVisitor,visitMergeCollatingNational,FEATURE_ENVY,LOW,"foreign accesses=8, own accesses=1"
src/main/java/org/openrewrite/cobol/internal/CobolParserVisitor.java,org.openrewrite.cobol.internal.CobolParserVisitor,visitMergeCollatingSequencePhrase,FEATURE_ENVY,LOW,"foreign accesses=9, own accesses=4"
src/main/java/org/openrewrite/cobol/internal/CobolParserVisitor.java,org.openrewrite.cobol.internal.CobolParserVisitor,visitMergeGiving,FEATURE_ENVY,MEDIUM,"foreign accesses=13, own accesses=1"
src/main/java/org/openrewrite/cobol/internal/CobolParserVisitor.java,org.openrewrite.cobol.internal.CobolParserVisitor,visitMergeGivingPhrase,FEATURE_ENVY,LOW,"foreign accesses=6, own accesses=1"
src/main/java/org/openrewrite/cobol/internal/CobolParserVisitor.java,org.openrewrite.cobol.internal.CobolParserVisitor,visitMergeOnKeyClause,FEATURE_ENVY,LOW,"foreign accesses=8, own accesses=2"
src/main/java/org/openrewrite/cobol/internal/CobolParserVisitor.java,org.openrewrite.cobol.internal.CobolParserVisitor,visitMergeOutputProcedurePhrase,FEATURE_ENVY,LOW,"foreign accesses=8, own accesses=3"
src/main/java/org/openrewrite/cobol/internal/CobolParserVisitor.java,org.openrewrite.cobol.internal.CobolParserVisitor,visitMergeOutputThrough,FEATURE_ENVY,LOW,"foreign accesses=6, own accesses=2"
src/main/java/org/openrewrite/cobol/internal/CobolParserVisitor.java,org.openrewrite.cobol.internal.CobolParserVisitor,visitMergeStatement,FEATURE_ENVY,MEDIUM,"foreign accesses=12, own accesses=5"
src/main/java/org/openrewrite/cobol/internal/CobolParserVisitor.java,org.openrewrite.cobol.internal.CobolParserVisitor,visitMergeUsing,FEATURE_ENVY,LOW,"foreign accesses=6, own accesses=1"
src/main/java/org/openrewrite/cobol/internal/CobolParserVisitor.java,org.openrewrite.cobol.internal.CobolParserVisitor,visitMessageCountClause,FEATURE_ENVY,LOW,"foreign accesses=8, own accesses=1"
src/main/java/org/openrewrite/cobol/internal/CobolParserVisitor.java,org.openrewrite.cobol.internal.CobolParserVisitor,visitMessageDateClause,FEATURE_ENVY,LOW,"foreign accesses=8, own accesses=1"
src/main/java/org/openrewrite/cobol/internal/CobolParserVisitor.java,org.openrewrite.cobol.internal.CobolParserVisitor,visitMessageTimeClause,FEATURE_ENVY,LOW,"foreign accesses=8, own accesses=1"
src/main/java/org/openrewrite/cobol/internal/CobolParserVisitor.java,org.openrewrite.cobol.internal.CobolParserVisitor,visitMoveCorrespondingToStatement,FEATURE_ENVY,MEDIUM,"foreign accesses=10, own accesses=2"
src/main/java/org/openrewrite/cobol/internal/CobolParserVisitor.java,org.openrewrite.cobol.internal.CobolParserVisitor,visitMoveStatement,FEATURE_ENVY,LOW,"foreign accesses=7, own accesses=2"
src/main/java/org/openrewrite/cobol/internal/CobolParserVisitor.java,org.openrewrite.cobol.internal.CobolParserVisitor,visitMoveToStatement,FEATURE_ENVY,LOW,"foreign accesses=8, own accesses=1"
src/main/java/org/openrewrite/cobol/internal/CobolParserVisitor.java,org.openrewrite.cobol.internal.CobolParserVisitor,visitMultDiv,FEATURE_ENVY,LOW,"foreign accesses=7, own accesses=1"
src/main/java/org/openrewrite/cobol/internal/CobolParserVisitor.java,org.openrewrite.cobol.internal.CobolParserVisitor,visitMultDivs,FEATURE_ENVY,LOW,"foreign accesses=6, own accesses=1"
src/main/java/org/openrewrite/cobol/internal/CobolParserVisitor.java,org.openrewrite.cobol.internal.CobolParserVisitor,visitMultipleFileClause,FEATURE_ENVY,LOW,"foreign accesses=8, own accesses=2"
src/main/java/org/openrewrite/cobol/internal/CobolParserVisitor.java,org.openrewrite.cobol.internal.CobolParserVisitor,visitMultipleFilePosition,FEATURE_ENVY,LOW,"foreign accesses=7, own accesses=2"
src/main/java/org/openrewrite/cobol/internal/CobolParserVisitor.java,org.openrewrite.cobol.internal.CobolParserVisitor,visitMultiplyGiving,FEATURE_ENVY,LOW,"foreign accesses=8, own accesses=1"
src/main/java/org/openrewrite/cobol/internal/CobolParserVisitor.java,org.openrewrite.cobol.internal.CobolParserVisitor,visitMultiplyStatement,FEATURE_ENVY,MEDIUM,"foreign accesses=14, own accesses=5"
src/main/java/org/openrewrite/cobol/internal/CobolParserVisitor.java,org.openrewrite.cobol.internal.CobolParserVisitor,visitNextSentenceStatement,FEATURE_ENVY,LOW,"foreign accesses=5, own accesses=1"
src/main/java/org/openrewrite/cobol/internal/CobolParserVisitor.java,org.openrewrite.cobol.internal.CobolParserVisitor,visitNotAtEndPhrase,FEATURE_ENVY,LOW,"foreign accesses=7, own accesses=2"
src/main/java/org/openrewrite/cobol/internal/CobolParserVisitor.java,org.openrewrite.cobol.internal.CobolParserVisitor,visitNotInvalidKeyPhrase,FEATURE_ENVY,LOW,"foreign accesses=7, own accesses=2"
src/main/java/org/openrewrite/cobol/internal/CobolParserVisitor.java,org.openrewrite.cobol.internal.CobolParserVisitor,visitNotOnExceptionClause,FEATURE_ENVY,LOW,"foreign accesses=7, own accesses=2"
src/main/java/org/openrewrite/cobol/internal/CobolParserVisitor.java,org.openrewrite.cobol.internal.CobolParserVisitor,visitNotOnOverflowPhrase,FEATURE_ENVY,LOW,"foreign accesses=7, own accesses=2"
src/main/java/org/openrewrite/cobol/internal/CobolParserVisitor.java,org.openrewrite.cobol.internal.CobolParserVisitor,visitNotOnSizeErrorPhrase,FEATURE_ENVY,LOW,"foreign accesses=8, own accesses=2"
src/main/java/org/openrewrite/cobol/internal/CobolParserVisitor.java,org.openrewrite.cobol.internal.CobolParserVisitor,visitObjectComputerParagraph,FEATURE_ENVY,MEDIUM,"foreign accesses=14, own accesses=2"
src/main/java/org/openrewrite/cobol/internal/CobolParserVisitor.java,org.openrewrite.cobol.internal.CobolParserVisitor,visitOdtClause,FEATURE_ENVY,LOW,"foreign accesses=7, own accesses=1"
src/main/java/org/openrewrite/cobol/internal/CobolParserVisitor.java,org.openrewrite.cobol.internal.CobolParserVisitor,visitOnExceptionClause,FEATURE_ENVY,LOW,"foreign accesses=6, own accesses=2"
src/main/java/org/openrewrite/cobol/internal/CobolParserVisitor.java,org.openrewrite.cobol.internal.CobolParserVisitor,visitOnOverflowPhrase,FEATURE_ENVY,LOW,"foreign accesses=6, own accesses=2"
src/main/java/org/openrewrite/cobol/internal/CobolParserVisitor.java,org.openrewrite.cobol.internal.CobolParserVisitor,visitOnSizeErrorPhrase,FEATURE_ENVY,LOW,"foreign accesses=7, own accesses=2"
src/main/java/org/openrewrite/cobol/internal/CobolParserVisitor.java,org.openrewrite.cobol.internal.CobolParserVisitor,visitOpenExtendStatement,FEATURE_ENVY,LOW,"foreign accesses=6, own accesses=1"
src/main/java/org/openrewrite/cobol/internal/CobolParserVisitor.java,org.openrewrite.cobol.internal.CobolParserVisitor,visitOpenIOStatement,FEATURE_ENVY,LOW,"foreign accesses=6, own accesses=1"
src/main/java/org/openrewrite/cobol/internal/CobolParserVisitor.java,org.openrewrite.cobol.internal.CobolParserVisitor,visitOpenInput,FEATURE_ENVY,LOW,"foreign accesses=9, own accesses=1"
src/main/java/org/openrewrite/cobol/internal/CobolParserVisitor.java,org.openrewrite.cobol.internal.CobolParserVisitor,visitOpenInputStatement,FEATURE_ENVY,LOW,"foreign accesses=6, own accesses=1"
src/main/java/org/openrewrite/cobol/internal/CobolParserVisitor.java,org.openrewrite.cobol.internal.CobolParserVisitor,visitOpenOutput,FEATURE_ENVY,LOW,"foreign accesses=8, own accesses=1"
src/main/java/org/openrewrite/cobol/internal/CobolParserVisitor.java,org.openrewrite.cobol.internal.CobolParserVisitor,visitOpenOutputStatement,FEATURE_ENVY,LOW,"foreign accesses=6, own accesses=1"
src/main/java/org/openrewrite/cobol/internal/CobolParserVisitor.java,org.openrewrite.cobol.internal.CobolParserVisitor,visitOpenStatement,FEATURE_ENVY,LOW,"foreign accesses=9, own accesses=1"
src/main/java/org/openrewrite/cobol/internal/CobolParserVisitor.java,org.openrewrite.cobol.internal.CobolParserVisitor,visitOrganizationClause,FEATURE_ENVY,MEDIUM,"foreign accesses=11, own accesses=1"
src/main/java/org/openrewrite/cobol/internal/CobolParserVisitor.java,org.openrewrite.cobol.internal.CobolParserVisitor,visitPaddingCharacterClause,FEATURE_ENVY,LOW,"foreign accesses=8, own accesses=2"
src/main/java/org/openrewrite/cobol/internal/CobolParserVisitor.java,org.openrewrite.cobol.internal.CobolParserVisitor,visitParagraph,FEATURE_ENVY,LOW,"foreign accesses=8, own accesses=3"
src/main/java/org/openrewrite/cobol/internal/CobolParserVisitor.java,org.openrewrite.cobol.internal.CobolParserVisitor,visitParagraphs,FEATURE_ENVY,LOW,"foreign accesses=5, own accesses=2"
src/main/java/org/openrewrite/cobol/internal/CobolParserVisitor.java,org.openrewrite.cobol.internal.CobolParserVisitor,visitPasswordClause,FEATURE_ENVY,LOW,"foreign accesses=7, own accesses=1"
src/main/java/org/openrewrite/cobol/internal/CobolParserVisitor.java,org.openrewrite.cobol.internal.CobolParserVisitor,visitPerformAfter,FEATURE_ENVY,LOW,"foreign accesses=7, own accesses=0"
src/main/java/org/openrewrite/cobol/internal/CobolParserVisitor.java,org.openrewrite.cobol.internal.CobolParserVisitor,visitPerformBy,FEATURE_ENVY,LOW,"foreign accesses=8, own accesses=1"
src/main/java/org/openrewrite/cobol/internal/CobolParserVisitor.java,org.openrewrite.cobol.internal.CobolParserVisitor,visitPerformFrom,FEATURE_ENVY,LOW,"foreign accesses=8, own accesses=1"
src/main/java/org/openrewrite/cobol/internal/CobolParserVisitor.java,org.openrewrite.cobol.internal.CobolParserVisitor,visitPerformInlineStatement,FEATURE_ENVY,LOW,"foreign accesses=7, own accesses=2"
src/main/java/org/openrewrite/cobol/internal/CobolParserVisitor.java,org.openrewrite.cobol.internal.CobolParserVisitor,visitPerformProcedureStatement,FEATURE_ENVY,HIGH,"foreign accesses=16, own accesses=1"
src/main/java/org/openrewrite/cobol/internal/CobolParserVisitor.java,org.openrewrite.cobol.internal.CobolParserVisitor,visitPerformStatement,FEATURE_ENVY,LOW,"foreign accesses=7, own accesses=1"
src/main/java/org/openrewrite/cobol/internal/CobolParserVisitor.java,org.openrewrite.cobol.internal.CobolParserVisitor,visitPerformTestClause,FEATURE_ENVY,LOW,"foreign accesses=7, own accesses=1"
src/main/java/org/openrewrite/cobol/internal/CobolParserVisitor.java,org.openrewrite.cobol.internal.CobolParserVisitor,visitPerformTimes,FEATURE_ENVY,LOW,"foreign accesses=7, own accesses=1"
src/main/java/org/openrewrite/cobol/internal/CobolParserVisitor.java,org.openrewrite.cobol.internal.CobolParserVisitor,visitPerformUntil,FEATURE_ENVY,LOW,"foreign accesses=8, own accesses=1"
src/main/java/org/openrewrite/cobol/internal/CobolParserVisitor.java,org.openrewrite.cobol.internal.CobolParserVisitor,visitPerformVarying,FEATURE_ENVY,LOW,"foreign accesses=7, own accesses=1"
src/main/java/org/openrewrite/cobol/internal/CobolParserVisitor.java,org.openrewrite.cobol.internal.CobolParserVisitor,visitPerformVaryingClause,FEATURE_ENVY,LOW,"foreign accesses=8, own accesses=1"
src/main/java/org/openrewrite/cobol/internal/CobolParserVisitor.java,org.openrewrite.cobol.internal.CobolParserVisitor,visitPerformVaryingPhrase,FEATURE_ENVY,MEDIUM,"foreign accesses=11, own accesses=1"
src/main/java/org/openrewrite/cobol/internal/CobolParserVisitor.java,org.openrewrite.cobol.internal.CobolParserVisitor,visitPicture,FEATURE_ENVY,LOW,"foreign accesses=5, own accesses=2"
src/main/java/org/openrewrite/cobol/internal/CobolParserVisitor.java,org.openrewrite.cobol.internal.CobolParserVisitor,visitPictureCardinality,FEATURE_ENVY,MEDIUM,"foreign accesses=10, own accesses=0"
src/main/java/org/openrewrite/cobol/internal/CobolParserVisitor.java,org.openrewrite.cobol.internal.CobolParserVisitor,visitPlusMinus,FEATURE_ENVY,LOW,"foreign accesses=7, own accesses=1"
src/main/java/org/openrewrite/cobol/internal/CobolParserVisitor.java,org.openrewrite.cobol.internal.CobolParserVisitor,visitPower,FEATURE_ENVY,LOW,"foreign accesses=7, own accesses=0"
src/main/java/org/openrewrite/cobol/internal/CobolParserVisitor.java,org.openrewrite.cobol.internal.CobolParserVisitor,visitPowers,FEATURE_ENVY,MEDIUM,"foreign accesses=12, own accesses=1"
src/main/java/org/openrewrite/cobol/internal/CobolParserVisitor.java,org.openrewrite.cobol.internal.CobolParserVisitor,visitProcedureDeclarative,FEATURE_ENVY,MEDIUM,"foreign accesses=13, own accesses=0"
src/main/java/org/openrewrite/cobol/internal/CobolParserVisitor.java,org.openrewrite.cobol.internal.CobolParserVisitor,visitProcedureDeclaratives,FEATURE_ENVY,MEDIUM,"foreign accesses=12, own accesses=2"
src/main/java/org/openrewrite/cobol/internal/CobolParserVisitor.java,org.openrewrite.cobol.internal.CobolParserVisitor,visitProcedureDivision,FEATURE_ENVY,MEDIUM,"foreign accesses=12, own accesses=4"
src/main/java/org/openrewrite/cobol/internal/CobolParserVisitor.java,org.openrewrite.cobol.internal.CobolParserVisitor,visitProcedureDivisionBody,FEATURE_ENVY,LOW,"foreign accesses=6, own accesses=1"
src/main/java/org/openrewrite/cobol/internal/CobolParserVisitor.java,org.openrewrite.cobol.internal.CobolParserVisitor,visitProcedureDivisionByReference,FEATURE_ENVY,HIGH,"foreign accesses=15, own accesses=1"
src/main/java/org/openrewrite/cobol/internal/CobolParserVisitor.java,org.openrewrite.cobol.internal.CobolParserVisitor,visitProcedureDivisionByReferencePhrase,FEATURE_ENVY,LOW,"foreign accesses=6, own accesses=2"
src/main/java/org/openrewrite/cobol/internal/CobolParserVisitor.java,org.openrewrite.cobol.internal.CobolParserVisitor,visitProcedureDivisionByValuePhrase,FEATURE_ENVY,LOW,"foreign accesses=6, own accesses=2"
src/main/java/org/openrewrite/cobol/internal/CobolParserVisitor.java,org.openrewrite.cobol.internal.CobolParserVisitor,visitProcedureDivisionGivingClause,FEATURE_ENVY,LOW,"foreign accesses=7, own accesses=1"
src/main/java/org/openrewrite/cobol/internal/CobolParserVisitor.java,org.openrewrite.cobol.internal.CobolParserVisitor,visitProcedureDivisionUsingClause,FEATURE_ENVY,LOW,"foreign accesses=6, own accesses=2"
src/main/java/org/openrewrite/cobol/internal/CobolParserVisitor.java,org.openrewrite.cobol.internal.CobolParserVisitor,visitProcedureName,FEATURE_ENVY,LOW,"foreign accesses=7, own accesses=2"
src/main/java/org/openrewrite/cobol/internal/CobolParserVisitor.java,org.openrewrite.cobol.internal.CobolParserVisitor,visitProcedureSection,FEATURE_ENVY,LOW,"foreign accesses=9, own accesses=0"
src/main/java/org/openrewrite/cobol/internal/CobolParserVisitor.java,org.openrewrite.cobol.internal.CobolParserVisitor,visitProcedureSectionHeader,FEATURE_ENVY,LOW,"foreign accesses=8, own accesses=1"
src/main/java/org/openrewrite/cobol/internal/CobolParserVisitor.java,org.openrewrite.cobol.internal.CobolParserVisitor,visitProgramIdParagraph,FEATURE_ENVY,HIGH,"foreign accesses=19, own accesses=4"
src/main/java/org/openrewrite/cobol/internal/CobolParserVisitor.java,org.openrewrite.cobol.internal.CobolParserVisitor,visitProgramLibrarySection,FEATURE_ENVY,LOW,"foreign accesses=7, own accesses=2"
src/main/java/org/openrewrite/cobol/internal/CobolParserVisitor.java,org.openrewrite.cobol.internal.CobolParserVisitor,visitPurgeStatement,FEATURE_ENVY,LOW,"foreign accesses=6, own accesses=1"
src/main/java/org/openrewrite/cobol/internal/CobolParserVisitor.java,org.openrewrite.cobol.internal.CobolParserVisitor,visitQualifiedDataName,FEATURE_ENVY,LOW,"foreign accesses=7, own accesses=1"
src/main/java/org/openrewrite/cobol/internal/CobolParserVisitor.java,org.openrewrite.cobol.internal.CobolParserVisitor,visitQualifiedDataNameFormat1,FEATURE_ENVY,LOW,"foreign accesses=7, own accesses=3"
src/main/java/org/openrewrite/cobol/internal/CobolParserVisitor.java,org.openrewrite.cobol.internal.CobolParserVisitor,visitQualifiedDataNameFormat2,FEATURE_ENVY,LOW,"foreign accesses=7, own accesses=0"
src/main/java/org/openrewrite/cobol/internal/CobolParserVisitor.java,org.openrewrite.cobol.internal.CobolParserVisitor,visitQualifiedDataNameFormat3,FEATURE_ENVY,LOW,"foreign accesses=7, own accesses=0"
src/main/java/org/openrewrite/cobol/internal/CobolParserVisitor.java,org.openrewrite.cobol.internal.CobolParserVisitor,visitQualifiedDataNameFormat4,FEATURE_ENVY,LOW,"foreign accesses=6, own accesses=1"
src/main/java/org/openrewrite/cobol/internal/CobolParserVisitor.java,org.openrewrite.cobol.internal.CobolParserVisitor,visitQualifiedInData,FEATURE_ENVY,LOW,"foreign accesses=5, own accesses=1"
src/main/java/org/openrewrite/cobol/internal/CobolParserVisitor.java,org.openrewrite.cobol.internal.CobolParserVisitor,visitReadInto,FEATURE_ENVY,LOW,"foreign accesses=7, own accesses=0"
src/main/java/org/openrewrite/cobol/internal/CobolParserVisitor.java,org.openrewrite.cobol.internal.CobolParserVisitor,visitReadKey,FEATURE_ENVY,LOW,"foreign accesses=7, own accesses=1"
src/main/java/org/openrewrite/cobol/internal/CobolParserVisitor.java,org.openrewrite.cobol.internal.CobolParserVisitor,visitReadWith,FEATURE_ENVY,LOW,"foreign accesses=8, own accesses=1"
src/main/java/org/openrewrite/cobol/internal/CobolParserVisitor.java,org.openrewrite.cobol.internal.CobolParserVisitor,visitReceiveBefore,FEATURE_ENVY,LOW,"foreign accesses=7, own accesses=2"
src/main/java/org/openrewrite/cobol/internal/CobolParserVisitor.java,org.openrewrite.cobol.internal.CobolParserVisitor,visitReceiveFrom,FEATURE_ENVY,LOW,"foreign accesses=7, own accesses=2"
src/main/java/org/openrewrite/cobol/internal/CobolParserVisitor.java,org.openrewrite.cobol.internal.CobolParserVisitor,visitReceiveFromStatement,FEATURE_ENVY,MEDIUM,"foreign accesses=14, own accesses=1"
src/main/java/org/openrewrite/cobol/internal/CobolParserVisitor.java,org.openrewrite.cobol.internal.CobolParserVisitor,visitReceiveIntoStatement,FEATURE_ENVY,MEDIUM,"foreign accesses=11, own accesses=4"
src/main/java/org/openrewrite/cobol/internal/CobolParserVisitor.java,org.openrewrite.cobol.internal.CobolParserVisitor,visitReceiveNoData,FEATURE_ENVY,LOW,"foreign accesses=6, own accesses=2"
src/main/java/org/openrewrite/cobol/internal/CobolParserVisitor.java,org.openrewrite.cobol.internal.CobolParserVisitor,visitReceiveSize,FEATURE_ENVY,LOW,"foreign accesses=7, own accesses=2"
src/main/java/org/openrewrite/cobol/internal/CobolParserVisitor.java,org.openrewrite.cobol.internal.CobolParserVisitor,visitReceiveStatement,FEATURE_ENVY,MEDIUM,"foreign accesses=10, own accesses=4"
src/main/java/org/openrewrite/cobol/internal/CobolParserVisitor.java,org.openrewrite.cobol.internal.CobolParserVisitor,visitReceiveStatus,FEATURE_ENVY,LOW,"foreign accesses=7, own accesses=1"
src/main/java/org/openrewrite/cobol/internal/CobolParserVisitor.java,org.openrewrite.cobol.internal.CobolParserVisitor,visitReceiveThread,FEATURE_ENVY,LOW,"foreign accesses=7, own accesses=1"
src/main/java/org/openrewrite/cobol/internal/CobolParserVisitor.java,org.openrewrite.cobol.internal.CobolParserVisitor,visitReceiveWith,FEATURE_ENVY,LOW,"foreign accesses=6, own accesses=1"
src/main/java/org/openrewrite/cobol/internal/CobolParserVisitor.java,org.openrewrite.cobol.internal.CobolParserVisitor,visitReceiveWithData,FEATURE_ENVY,LOW,"foreign accesses=6, own accesses=2"
src/main/java/org/openrewrite/cobol/internal/CobolParserVisitor.java,org.openrewrite.cobol.internal.CobolParserVisitor,visitRecordContainsClause,FEATURE_ENVY,LOW,"foreign accesses=8, own accesses=1"
src/main/java/org/openrewrite/cobol/internal/CobolParserVisitor.java,org.openrewrite.cobol.internal.CobolParserVisitor,visitRecordContainsClauseFormat1,FEATURE_ENVY,LOW,"foreign accesses=7, own accesses=2"
src/main/java/org/openrewrite/cobol/internal/CobolParserVisitor.java,org.openrewrite.cobol.internal.CobolParserVisitor,visitRecordContainsClauseFormat2,FEATURE_ENVY,HIGH,"foreign accesses=21, own accesses=3"
src/main/java/org/openrewrite/cobol/internal/CobolParserVisitor.java,org.openrewrite.cobol.internal.CobolParserVisitor,visitRecordContainsClauseFormat3,FEATURE_ENVY,LOW,"foreign accesses=9, own accesses=2"
src/main/java/org/openrewrite/cobol/internal/CobolParserVisitor.java,org.openrewrite.cobol.internal.CobolParserVisitor,visitRecordContainsTo,FEATURE_ENVY,LOW,"foreign accesses=7, own accesses=0"
src/main/java/org/openrewrite/cobol/internal/CobolParserVisitor.java,org.openrewrite.cobol.internal.CobolParserVisitor,visitRecordDelimiterClause,FEATURE_ENVY,LOW,"foreign accesses=9, own accesses=2"
src/main/java/org/openrewrite/cobol/internal/CobolParserVisitor.java,org.openrewrite.cobol.internal.CobolParserVisitor,visitRecordKeyClause,FEATURE_ENVY,MEDIUM,"foreign accesses=11, own accesses=3"
src/main/java/org/openrewrite/cobol/internal/CobolParserVisitor.java,org.openrewrite.cobol.internal.CobolParserVisitor,visitRecordingModeClause,FEATURE_ENVY,LOW,"foreign accesses=7, own accesses=2"
src/main/java/org/openrewrite/cobol/internal/CobolParserVisitor.java,org.openrewrite.cobol.internal.CobolParserVisitor,visitReferenceModifier,FEATURE_ENVY,MEDIUM,"foreign accesses=12, own accesses=1"
src/main/java/org/openrewrite/cobol/internal/CobolParserVisitor.java,org.openrewrite.cobol.internal.CobolParserVisitor,visitRelationArithmeticComparison,FEATURE_ENVY,MEDIUM,"foreign accesses=11, own accesses=0"
src/main/java/org/openrewrite/cobol/internal/CobolParserVisitor.java,org.openrewrite.cobol.internal.CobolParserVisitor,visitRelationCombinedComparison,FEATURE_ENVY,HIGH,"foreign accesses=17, own accesses=0"
src/main/java/org/openrewrite/cobol/internal/CobolParserVisitor.java,org.openrewrite.cobol.internal.CobolParserVisitor,visitRelationCombinedCondition,FEATURE_ENVY,LOW,"foreign accesses=6, own accesses=1"
src/main/java/org/openrewrite/cobol/internal/CobolParserVisitor.java,org.openrewrite.cobol.internal.CobolParserVisitor,visitRelationSignCondition,FEATURE_ENVY,MEDIUM,"foreign accesses=10, own accesses=1"
src/main/java/org/openrewrite/cobol/internal/CobolParserVisitor.java,org.openrewrite.cobol.internal.CobolParserVisitor,visitRelationalOperator,FEATURE_ENVY,HIGH,"foreign accesses=18, own accesses=1"
src/main/java/org/openrewrite/cobol/internal/CobolParserVisitor.java,org.openrewrite.cobol.internal.CobolParserVisitor,visitRelativeKeyClause,FEATURE_ENVY,LOW,"foreign accesses=8, own accesses=1"
src/main/java/org/openrewrite/cobol/internal/CobolParserVisitor.java,org.openrewrite.cobol.internal.CobolParserVisitor,visitReleaseStatement,FEATURE_ENVY,LOW,"foreign accesses=9, own accesses=2"
src/main/java/org/openrewrite/cobol/internal/CobolParserVisitor.java,org.openrewrite.cobol.internal.CobolParserVisitor,visitRemarksParagraph,FEATURE_ENVY,MEDIUM,"foreign accesses=13, own accesses=2"
src/main/java/org/openrewrite/cobol/internal/CobolParserVisitor.java,org.openrewrite.cobol.internal.CobolParserVisitor,visitReportClause,FEATURE_ENVY,LOW,"foreign accesses=8, own accesses=2"
src/main/java/org/openrewrite/cobol/internal/CobolParserVisitor.java,org.openrewrite.cobol.internal.CobolParserVisitor,visitReportDescription,FEATURE_ENVY,LOW,"foreign accesses=6, own accesses=1"
src/main/java/org/openrewrite/cobol/internal/CobolParserVisitor.java,org.openrewrite.cobol.internal.CobolParserVisitor,visitReportDescriptionEntry,FEATURE_ENVY,HIGH,"foreign accesses=15, own accesses=6"
src/main/java/org/openrewrite/cobol/internal/CobolParserVisitor.java,org.openrewrite.cobol.internal.CobolParserVisitor,visitReportDescriptionFirstDetailClause,FEATURE_ENVY,LOW,"foreign accesses=7, own accesses=1"
src/main/java/org/openrewrite/cobol/internal/CobolParserVisitor.java,org.openrewrite.cobol.internal.CobolParserVisitor,visitReportDescriptionFootingClause,FEATURE_ENVY,LOW,"foreign accesses=7, own accesses=0"
src/main/java/org/openrewrite/cobol/internal/CobolParserVisitor.java,org.openrewrite.cobol.internal.CobolParserVisitor,visitReportDescriptionGlobalClause,FEATURE_ENVY,LOW,"foreign accesses=5, own accesses=1"
src/main/java/org/openrewrite/cobol/internal/CobolParserVisitor.java,org.openrewrite.cobol.internal.CobolParserVisitor,visitReportDescriptionHeadingClause,FEATURE_ENVY,LOW,"foreign accesses=7, own accesses=0"
src/main/java/org/openrewrite/cobol/internal/CobolParserVisitor.java,org.openrewrite.cobol.internal.CobolParserVisitor,visitReportDescriptionLastDetailClause,FEATURE_ENVY,LOW,"foreign accesses=7, own accesses=1"
src/main/java/org/openrewrite/cobol/internal/CobolParserVisitor.java,org.openrewrite.cobol.internal.CobolParserVisitor,visitReportDescriptionPageLimitClause,FEATURE_ENVY,HIGH,"foreign accesses=16, own accesses=1"
src/main/java/org/openrewrite/cobol/internal/CobolParserVisitor.java,org.openrewrite.cobol.internal.CobolParserVisitor,visitReportGroupBlankWhenZeroClause,FEATURE_ENVY,LOW,"foreign accesses=6, own accesses=1"
src/main/java/org/openrewrite/cobol/internal/CobolParserVisitor.java,org.openrewrite.cobol.internal.CobolParserVisitor,visitReportGroupColumnNumberClause,FEATURE_ENVY,LOW,"foreign accesses=8, own accesses=1"
src/main/java/org/openrewrite/cobol/internal/CobolParserVisitor.java,org.openrewrite.cobol.internal.CobolParserVisitor,visitReportGroupDescriptionEntryFormat1,FEATURE_ENVY,MEDIUM,"foreign accesses=14, own accesses=3"
src/main/java/org/openrewrite/cobol/internal/CobolParserVisitor.java,org.openrewrite.cobol.internal.CobolParserVisitor,visitReportGroupDescriptionEntryFormat2,FEATURE_ENVY,MEDIUM,"foreign accesses=11, own accesses=2"
src/main/java/org/openrewrite/cobol/internal/CobolParserVisitor.java,org.openrewrite.cobol.internal.CobolParserVisitor,visitReportGroupDescriptionEntryFormat3,FEATURE_ENVY,HIGH,"foreign accesses=20, own accesses=2"
src/main/java/org/openrewrite/cobol/internal/CobolParserVisitor.java,org.openrewrite.cobol.internal.CobolParserVisitor,visitReportGroupIndicateClause,FEATURE_ENVY,LOW,"foreign accesses=5, own accesses=1"
src/main/java/org/openrewrite/cobol/internal/CobolParserVisitor.java,org.openrewrite.cobol.internal.CobolParserVisitor,visitReportGroupJustifiedClause,FEATURE_ENVY,LOW,"foreign accesses=6, own accesses=1"
src/main/java/org/openrewrite/cobol/internal/CobolParserVisitor.java,org.openrewrite.cobol.internal.CobolParserVisitor,visitReportGroupLineNumberClause,FEATURE_ENVY,LOW,"foreign accesses=8, own accesses=2"
src/main/java/org/openrewrite/cobol/internal/CobolParserVisitor.java,org.openrewrite.cobol.internal.CobolParserVisitor,visitReportGroupLineNumberNextPage,FEATURE_ENVY,LOW,"foreign accesses=8, own accesses=1"
src/main/java/org/openrewrite/cobol/internal/CobolParserVisitor.java,org.openrewrite.cobol.internal.CobolParserVisitor,visitReportGroupLineNumberPlus,FEATURE_ENVY,LOW,"foreign accesses=6, own accesses=1"
src/main/java/org/openrewrite/cobol/internal/CobolParserVisitor.java,org.openrewrite.cobol.internal.CobolParserVisitor,visitReportGroupNextGroupClause,FEATURE_ENVY,LOW,"foreign accesses=9, own accesses=2"
src/main/java/org/openrewrite/cobol/internal/CobolParserVisitor.java,org.openrewrite.cobol.internal.CobolParserVisitor,visitReportGroupNextGroupNextPage,FEATURE_ENVY,LOW,"foreign accesses=5, own accesses=1"
src/main/java/org/openrewrite/cobol/internal/CobolParserVisitor.java,org.openrewrite.cobol.internal.CobolParserVisitor,visitReportGroupNextGroupPlus,FEATURE_ENVY,LOW,"foreign accesses=6, own accesses=1"
src/main/java/org/openrewrite/cobol/internal/CobolParserVisitor.java,org.openrewrite.cobol.internal.CobolParserVisitor,visitReportGroupPictureClause,FEATURE_ENVY,LOW,"foreign accesses=8, own accesses=1"
src/main/java/org/openrewrite/cobol/internal/CobolParserVisitor.java,org.openrewrite.cobol.internal.CobolParserVisitor,visitReportGroupResetClause,FEATURE_ENVY,LOW,"foreign accesses=7, own accesses=2"
src/main/java/org/openrewrite/cobol/internal/CobolParserVisitor.java,org.openrewrite.cobol.internal.CobolParserVisitor,visitReportGroupSignClause,FEATURE_ENVY,LOW,"foreign accesses=9, own accesses=1"
src/main/java/org/openrewrite/cobol/internal/CobolParserVisitor.java,org.openrewrite.cobol.internal.CobolParserVisitor,visitReportGroupSourceClause,FEATURE_ENVY,LOW,"foreign accesses=7, own accesses=1"
src/main/java/org/openrewrite/cobol/internal/CobolParserVisitor.java,org.openrewrite.cobol.internal.CobolParserVisitor,visitReportGroupSumClause,FEATURE_ENVY,MEDIUM,"foreign accesses=10, own accesses=1"
src/main/java/org/openrewrite/cobol/internal/CobolParserVisitor.java,org.openrewrite.cobol.internal.CobolParserVisitor,visitReportGroupTypeClause,FEATURE_ENVY,MEDIUM,"foreign accesses=12, own accesses=2"
src/main/java/org/openrewrite/cobol/internal/CobolParserVisitor.java,org.openrewrite.cobol.internal.CobolParserVisitor,visitReportGroupTypeControlFooting,FEATURE_ENVY,LOW,"foreign accesses=8, own accesses=2"
src/main/java/org/openrewrite/cobol/internal/CobolParserVisitor.java,org.openrewrite.cobol.internal.CobolParserVisitor,visitReportGroupTypeControlHeading,FEATURE_ENVY,LOW,"foreign accesses=8, own accesses=2"
src/main/java/org/openrewrite/cobol/internal/CobolParserVisitor.java,org.openrewrite.cobol.internal.CobolParserVisitor,visitReportGroupTypeDetail,FEATURE_ENVY,LOW,"foreign accesses=5, own accesses=1"
src/main/java/org/openrewrite/cobol/internal/CobolParserVisitor.java,org.openrewrite.cobol.internal.CobolParserVisitor,visitReportGroupTypePageFooting,FEATURE_ENVY,LOW,"foreign accesses=6, own accesses=1"
src/main/java/org/openrewrite/cobol/internal/CobolParserVisitor.java,org.openrewrite.cobol.internal.CobolParserVisitor,visitReportGroupTypePageHeading,FEATURE_ENVY,LOW,"foreign accesses=6, own accesses=1"
src/main/java/org/openrewrite/cobol/internal/CobolParserVisitor.java,org.openrewrite.cobol.internal.CobolParserVisitor,visitReportGroupTypeReportFooting,FEATURE_ENVY,LOW,"foreign accesses=6, own accesses=1"
src/main/java/org/openrewrite/cobol/internal/CobolParserVisitor.java,org.openrewrite.cobol.internal.CobolParserVisitor,visitReportGroupTypeReportHeading,FEATURE_ENVY,LOW,"foreign accesses=6, own accesses=1"
src/main/java/org/openrewrite/cobol/internal/CobolParserVisitor.java,org.openrewrite.cobol.internal.CobolParserVisitor,visitReportGroupUsageClause,FEATURE_ENVY,LOW,"foreign accesses=7, own accesses=1"
src/main/java/org/openrewrite/cobol/internal/CobolParserVisitor.java,org.openrewrite.cobol.internal.CobolParserVisitor,visitReportGroupValueClause,FEATURE_ENVY,LOW,"foreign accesses=7, own accesses=1"
src/main/java/org/openrewrite/cobol/internal/CobolParserVisitor.java,org.openrewrite.cobol.internal.CobolParserVisitor,visitReportSection,FEATURE_ENVY,LOW,"foreign accesses=7, own accesses=2"
src/main/java/org/openrewrite/cobol/internal/CobolParserVisitor.java,org.openrewrite.cobol.internal.CobolParserVisitor,visitRerunClause,FEATURE_ENVY,MEDIUM,"foreign accesses=13, own accesses=3"
src/main/java/org/openrewrite/cobol/internal/CobolParserVisitor.java,org.openrewrite.cobol.internal.CobolParserVisitor,visitRerunEveryClock,FEATURE_ENVY,LOW,"foreign accesses=6, own accesses=1"
src/main/java/org/openrewrite/cobol/internal/CobolParserVisitor.java,org.openrewrite.cobol.internal.CobolParserVisitor,visitRerunEveryOf,FEATURE_ENVY,MEDIUM,"foreign accesses=14, own accesses=1"
src/main/java/org/openrewrite/cobol/internal/CobolParserVisitor.java,org.openrewrite.cobol.internal.CobolParserVisitor,visitRerunEveryRecords,FEATURE_ENVY,LOW,"foreign accesses=7, own accesses=0"
src/main/java/org/openrewrite/cobol/internal/CobolParserVisitor.java,org.openrewrite.cobol.internal.CobolParserVisitor,visitReserveClause,FEATURE_ENVY,HIGH,"foreign accesses=16, own accesses=1"
src/main/java/org/openrewrite/cobol/internal/CobolParserVisitor.java,org.openrewrite.cobol.internal.CobolParserVisitor,visitReserveNetworkClause,FEATURE_ENVY,LOW,"foreign accesses=9, own accesses=1"
src/main/java/org/openrewrite/cobol/internal/CobolParserVisitor.java,org.openrewrite.cobol.internal.CobolParserVisitor,visitReturnInto,FEATURE_ENVY,LOW,"foreign accesses=7, own accesses=0"
src/main/java/org/openrewrite/cobol/internal/CobolParserVisitor.java,org.openrewrite.cobol.internal.CobolParserVisitor,visitReturnStatement,FEATURE_ENVY,MEDIUM,"foreign accesses=13, own accesses=4"
src/main/java/org/openrewrite/cobol/internal/CobolParserVisitor.java,org.openrewrite.cobol.internal.CobolParserVisitor,visitRewriteFrom,FEATURE_ENVY,LOW,"foreign accesses=7, own accesses=0"
src/main/java/org/openrewrite/cobol/internal/CobolParserVisitor.java,org.openrewrite.cobol.internal.CobolParserVisitor,visitRewriteStatement,FEATURE_ENVY,MEDIUM,"foreign accesses=11, own accesses=4"
src/main/java/org/openrewrite/cobol/internal/CobolParserVisitor.java,org.openrewrite.cobol.internal.CobolParserVisitor,visitRoundable,FEATURE_ENVY,LOW,"foreign accesses=6, own accesses=1"
src/main/java/org/openrewrite/cobol/internal/CobolParserVisitor.java,org.openrewrite.cobol.internal.CobolParserVisitor,visitSameClause,FEATURE_ENVY,MEDIUM,"foreign accesses=10, own accesses=2"
src/main/java/org/openrewrite/cobol/internal/CobolParserVisitor.java,org.openrewrite.cobol.internal.CobolParserVisitor,visitScreenDescriptionAutoClause,FEATURE_ENVY,LOW,"foreign accesses=5, own accesses=1"
src/main/java/org/openrewrite/cobol/internal/CobolParserVisitor.java,org.openrewrite.cobol.internal.CobolParserVisitor,visitScreenDescriptionBackgroundColorClause,FEATURE_ENVY,LOW,"foreign accesses=8, own accesses=3"
src/main/java/org/openrewrite/cobol/internal/CobolParserVisitor.java,org.openrewrite.cobol.internal.CobolParserVisitor,visitScreenDescriptionBellClause,FEATURE_ENVY,LOW,"foreign accesses=5, own accesses=1"
src/main/java/org/openrewrite/cobol/internal/CobolParserVisitor.java,org.openrewrite.cobol.internal.CobolParserVisitor,visitScreenDescriptionBlankClause,FEATURE_ENVY,LOW,"foreign accesses=6, own accesses=1"
src/main/java/org/openrewrite/cobol/internal/CobolParserVisitor.java,org.openrewrite.cobol.internal.CobolParserVisitor,visitScreenDescriptionBlankWhenZeroClause,FEATURE_ENVY,LOW,"foreign accesses=6, own accesses=1"
src/main/java/org/openrewrite/cobol/internal/CobolParserVisitor.java,org.openrewrite.cobol.internal.CobolParserVisitor,visitScreenDescriptionBlinkClause,FEATURE_ENVY,LOW,"foreign accesses=5, own accesses=0"
src/main/java/org/openrewrite/cobol/internal/CobolParserVisitor.java,org.openrewrite.cobol.internal.CobolParserVisitor,visitScreenDescriptionColumnClause,FEATURE_ENVY,MEDIUM,"foreign accesses=12, own accesses=2"
src/main/java/org/openrewrite/cobol/internal/CobolParserVisitor.java,org.openrewrite.cobol.internal.CobolParserVisitor,visitScreenDescriptionControlClause,FEATURE_ENVY,LOW,"foreign accesses=7, own accesses=1"
src/main/java/org/openrewrite/cobol/internal/CobolParserVisitor.java,org.openrewrite.cobol.internal.CobolParserVisitor,visitScreenDescriptionEntry,FEATURE_ENVY,CRITICAL,"foreign accesses=41, own accesses=1"
src/main/java/org/openrewrite/cobol/internal/CobolParserVisitor.java,org.openrewrite.cobol.internal.CobolParserVisitor,visitScreenDescriptionEraseClause,FEATURE_ENVY,LOW,"foreign accesses=6, own accesses=1"
src/main/java/org/openrewrite/cobol/internal/CobolParserVisitor.java,org.openrewrite.cobol.internal.CobolParserVisitor,visitScreenDescriptionForegroundColorClause,FEATURE_ENVY,LOW,"foreign accesses=8, own accesses=2"
src/main/java/org/openrewrite/cobol/internal/CobolParserVisitor.java,org.openrewrite.cobol.internal.CobolParserVisitor,visitScreenDescriptionFromClause,FEATURE_ENVY,LOW,"foreign accesses=8, own accesses=2"
src/main/java/org/openrewrite/cobol/internal/CobolParserVisitor.java,org.openrewrite.cobol.internal.CobolParserVisitor,visitScreenDescriptionFullClause,FEATURE_ENVY,LOW,"foreign accesses=5, own accesses=1"
src/main/java/org/openrewrite/cobol/internal/CobolParserVisitor.java,org.openrewrite.cobol.internal.CobolParserVisitor,visitScreenDescriptionGridClause,FEATURE_ENVY,LOW,"foreign accesses=6, own accesses=1"
src/main/java/org/openrewrite/cobol/internal/CobolParserVisitor.java,org.openrewrite.cobol.internal.CobolParserVisitor,visitScreenDescriptionJustifiedClause,FEATURE_ENVY,LOW,"foreign accesses=6, own accesses=1"
src/main/java/org/openrewrite/cobol/internal/CobolParserVisitor.java,org.openrewrite.cobol.internal.CobolParserVisitor,visitScreenDescriptionLightClause,FEATURE_ENVY,LOW,"foreign accesses=5, own accesses=1"
src/main/java/org/openrewrite/cobol/internal/CobolParserVisitor.java,org.openrewrite.cobol.internal.CobolParserVisitor,visitScreenDescriptionLineClause,FEATURE_ENVY,MEDIUM,"foreign accesses=11, own accesses=2"
src/main/java/org/openrewrite/cobol/internal/CobolParserVisitor.java,org.openrewrite.cobol.internal.CobolParserVisitor,visitScreenDescriptionPictureClause,FEATURE_ENVY,LOW,"foreign accesses=8, own accesses=1"
src/main/java/org/openrewrite/cobol/internal/CobolParserVisitor.java,org.openrewrite.cobol.internal.CobolParserVisitor,visitScreenDescriptionPromptClause,FEATURE_ENVY,LOW,"foreign accesses=9, own accesses=3"
src/main/java/org/openrewrite/cobol/internal/CobolParserVisitor.java,org.openrewrite.cobol.internal.CobolParserVisitor,visitScreenDescriptionPromptOccursClause,FEATURE_ENVY,LOW,"foreign accesses=8, own accesses=1"
src/main/java/org/openrewrite/cobol/internal/CobolParserVisitor.java,org.openrewrite.cobol.internal.CobolParserVisitor,visitScreenDescriptionRequiredClause,FEATURE_ENVY,LOW,"foreign accesses=5, own accesses=1"
src/main/java/org/openrewrite/cobol/internal/CobolParserVisitor.java,org.openrewrite.cobol.internal.CobolParserVisitor,visitScreenDescriptionReverseVideoClause,FEATURE_ENVY,LOW,"foreign accesses=5, own accesses=0"
src/main/java/org/openrewrite/cobol/internal/CobolParserVisitor.java,org.openrewrite.cobol.internal.CobolParserVisitor,visitScreenDescriptionSecureClause,FEATURE_ENVY,LOW,"foreign accesses=5, own accesses=1"
src/main/java/org/openrewrite/cobol/internal/CobolParserVisitor.java,org.openrewrite.cobol.internal.CobolParserVisitor,visitScreenDescriptionSignClause,FEATURE_ENVY,LOW,"foreign accesses=9, own accesses=1"
src/main/java/org/openrewrite/cobol/internal/CobolParserVisitor.java,org.openrewrite.cobol.internal.CobolParserVisitor,visitScreenDescriptionSizeClause,FEATURE_ENVY,LOW,"foreign accesses=7, own accesses=1"
src/main/java/org/openrewrite/cobol/internal/CobolParserVisitor.java,org.openrewrite.cobol.internal.CobolParserVisitor,visitScreenDescriptionToClause,FEATURE_ENVY,LOW,"foreign accesses=7, own accesses=0"
src/main/java/org/openrewrite/cobol/internal/CobolParserVisitor.java,org.openrewrite.cobol.internal.CobolParserVisitor,visitScreenDescriptionUnderlineClause,FEATURE_ENVY,LOW,"foreign accesses=5, own accesses=0"
src/main/java/org/openrewrite/cobol/internal/CobolParserVisitor.java,org.openrewrite.cobol.internal.CobolParserVisitor,visitScreenDescriptionUsageClause,FEATURE_ENVY,LOW,"foreign accesses=7, own accesses=1"
src/main/java/org/openrewrite/cobol/internal/CobolParserVisitor.java,org.openrewrite.cobol.internal.CobolParserVisitor,visitScreenDescriptionUsingClause,FEATURE_ENVY,LOW,"foreign accesses=7, own accesses=0"
src/main/java/org/openrewrite/cobol/internal/CobolParserVisitor.java,org.openrewrite.cobol.internal.CobolParserVisitor,visitScreenDescriptionValueClause,FEATURE_ENVY,LOW,"foreign accesses=7, own accesses=1"
src/main/java/org/openrewrite/cobol/internal/CobolParserVisitor.java,org.openrewrite.cobol.internal.CobolParserVisitor,visitScreenDescriptionZeroFillClause,FEATURE_ENVY,LOW,"foreign accesses=5, own accesses=0"
src/main/java/org/openrewrite/cobol/internal/CobolParserVisitor.java,org.openrewrite.cobol.internal.CobolParserVisitor,visitScreenSection,FEATURE_ENVY,LOW,"foreign accesses=8, own accesses=2"
src/main/java/org/openrewrite/cobol/internal/CobolParserVisitor.java,org.openrewrite.cobol.internal.CobolParserVisitor,visitSearchStatement,FEATURE_ENVY,MEDIUM,"foreign accesses=11, own accesses=5"
src/main/java/org/openrewrite/cobol/internal/CobolParserVisitor.java,org.openrewrite.cobol.internal.CobolParserVisitor,visitSearchVarying,FEATURE_ENVY,LOW,"foreign accesses=7, own accesses=0"
src/main/java/org/openrewrite/cobol/internal/CobolParserVisitor.java,org.openrewrite.cobol.internal.CobolParserVisitor,visitSearchWhen,FEATURE_ENVY,MEDIUM,"foreign accesses=10, own accesses=2"
src/main/java/org/openrewrite/cobol/internal/CobolParserVisitor.java,org.openrewrite.cobol.internal.CobolParserVisitor,visitSecurityParagraph,FEATURE_ENVY,LOW,"foreign accesses=8, own accesses=1"
src/main/java/org/openrewrite/cobol/internal/CobolParserVisitor.java,org.openrewrite.cobol.internal.CobolParserVisitor,visitSegmentLimitClause,FEATURE_ENVY,LOW,"foreign accesses=9, own accesses=1"
src/main/java/org/openrewrite/cobol/internal/CobolParserVisitor.java,org.openrewrite.cobol.internal.CobolParserVisitor,visitSelectClause,FEATURE_ENVY,LOW,"foreign accesses=7, own accesses=1"
src/main/java/org/openrewrite/cobol/internal/CobolParserVisitor.java,org.openrewrite.cobol.internal.CobolParserVisitor,visitSendAdvancingLines,FEATURE_ENVY,MEDIUM,"foreign accesses=11, own accesses=1"
src/main/java/org/openrewrite/cobol/internal/CobolParserVisitor.java,org.openrewrite.cobol.internal.CobolParserVisitor,visitSendAdvancingPhrase,FEATURE_ENVY,LOW,"foreign accesses=9, own accesses=2"
src/main/java/org/openrewrite/cobol/internal/CobolParserVisitor.java,org.openrewrite.cobol.internal.CobolParserVisitor,visitSendFromPhrase,FEATURE_ENVY,LOW,"foreign accesses=6, own accesses=1"
src/main/java/org/openrewrite/cobol/internal/CobolParserVisitor.java,org.openrewrite.cobol.internal.CobolParserVisitor,visitSendReplacingPhrase,FEATURE_ENVY,LOW,"foreign accesses=5, own accesses=1"
src/main/java/org/openrewrite/cobol/internal/CobolParserVisitor.java,org.openrewrite.cobol.internal.CobolParserVisitor,visitSendStatement,FEATURE_ENVY,LOW,"foreign accesses=9, own accesses=3"
src/main/java/org/openrewrite/cobol/internal/CobolParserVisitor.java,org.openrewrite.cobol.internal.CobolParserVisitor,visitSendStatementAsync,FEATURE_ENVY,LOW,"foreign accesses=8, own accesses=1"
src/main/java/org/openrewrite/cobol/internal/CobolParserVisitor.java,org.openrewrite.cobol.internal.CobolParserVisitor,visitSendWithPhrase,FEATURE_ENVY,LOW,"foreign accesses=8, own accesses=2"
src/main/java/org/openrewrite/cobol/internal/CobolParserVisitor.java,org.openrewrite.cobol.internal.CobolParserVisitor,visitSentence,FEATURE_ENVY,LOW,"foreign accesses=6, own accesses=1"
src/main/java/org/openrewrite/cobol/internal/CobolParserVisitor.java,org.openrewrite.cobol.internal.CobolParserVisitor,visitSetStatement,FEATURE_ENVY,LOW,"foreign accesses=7, own accesses=2"
src/main/java/org/openrewrite/cobol/internal/CobolParserVisitor.java,org.openrewrite.cobol.internal.CobolParserVisitor,visitSetToStatement,FEATURE_ENVY,LOW,"foreign accesses=7, own accesses=2"
src/main/java/org/openrewrite/cobol/internal/CobolParserVisitor.java,org.openrewrite.cobol.internal.CobolParserVisitor,visitSetUpDownByStatement,FEATURE_ENVY,LOW,"foreign accesses=9, own accesses=2"
src/main/java/org/openrewrite/cobol/internal/CobolParserVisitor.java,org.openrewrite.cobol.internal.CobolParserVisitor,visitSimpleCondition,FEATURE_ENVY,MEDIUM,"foreign accesses=14, own accesses=1"
src/main/java/org/openrewrite/cobol/internal/CobolParserVisitor.java,org.openrewrite.cobol.internal.CobolParserVisitor,visitSortCollatingAlphanumeric,FEATURE_ENVY,LOW,"foreign accesses=8, own accesses=1"
src/main/java/org/openrewrite/cobol/internal/CobolParserVisitor.java,org.openrewrite.cobol.internal.CobolParserVisitor,visitSortCollatingNational,FEATURE_ENVY,LOW,"foreign accesses=8, own accesses=1"
src/main/java/org/openrewrite/cobol/internal/CobolParserVisitor.java,org.openrewrite.cobol.internal.CobolParserVisitor,visitSortCollatingSequencePhrase,FEATURE_ENVY,LOW,"foreign accesses=9, own accesses=4"
src/main/java/org/openrewrite/cobol/internal/CobolParserVisitor.java,org.openrewrite.cobol.internal.CobolParserVisitor,visitSortDuplicatesPhrase,FEATURE_ENVY,LOW,"foreign accesses=8, own accesses=1"
src/main/java/org/openrewrite/cobol/internal/CobolParserVisitor.java,org.openrewrite.cobol.internal.CobolParserVisitor,visitSortGiving,FEATURE_ENVY,MEDIUM,"foreign accesses=13, own accesses=1"
src/main/java/org/openrewrite/cobol/internal/CobolParserVisitor.java,org.openrewrite.cobol.internal.CobolParserVisitor,visitSortGivingPhrase,FEATURE_ENVY,LOW,"foreign accesses=5, own accesses=2"
src/main/java/org/openrewrite/cobol/internal/CobolParserVisitor.java,org.openrewrite.cobol.internal.CobolParserVisitor,visitSortInputProcedurePhrase,FEATURE_ENVY,LOW,"foreign accesses=9, own accesses=2"
src/main/java/org/openrewrite/cobol/internal/CobolParserVisitor.java,org.openrewrite.cobol.internal.CobolParserVisitor,visitSortInputThrough,FEATURE_ENVY,LOW,"foreign accesses=7, own accesses=2"
src/main/java/org/openrewrite/cobol/internal/CobolParserVisitor.java,org.openrewrite.cobol.internal.CobolParserVisitor,visitSortOnKeyClause,FEATURE_ENVY,LOW,"foreign accesses=8, own accesses=2"
src/main/java/org/openrewrite/cobol/internal/CobolParserVisitor.java,org.openrewrite.cobol.internal.CobolParserVisitor,visitSortOutputProcedurePhrase,FEATURE_ENVY,LOW,"foreign accesses=8, own accesses=3"
src/main/java/org/openrewrite/cobol/internal/CobolParserVisitor.java,org.openrewrite.cobol.internal.CobolParserVisitor,visitSortOutputThrough,FEATURE_ENVY,LOW,"foreign accesses=7, own accesses=2"
src/main/java/org/openrewrite/cobol/internal/CobolParserVisitor.java,org.openrewrite.cobol.internal.CobolParserVisitor,visitSortUsing,FEATURE_ENVY,LOW,"foreign accesses=5, own accesses=2"
src/main/java/org/openrewrite/cobol/internal/CobolParserVisitor.java,org.openrewrite.cobol.internal.CobolParserVisitor,visitSourceComputerParagraph,FEATURE_ENVY,HIGH,"foreign accesses=16, own accesses=2"
src/main/java/org/openrewrite/cobol/internal/CobolParserVisitor.java,org.openrewrite.cobol.internal.CobolParserVisitor,visitSpecialNamesParagraph,FEATURE_ENVY,MEDIUM,"foreign accesses=12, own accesses=1"
src/main/java/org/openrewrite/cobol/internal/CobolParserVisitor.java,org.openrewrite.cobol.internal.CobolParserVisitor,visitSpecialRegister,FEATURE_ENVY,CRITICAL,"foreign accesses=60, own accesses=2"
src/main/java/org/openrewrite/cobol/internal/CobolParserVisitor.java,org.openrewrite.cobol.internal.CobolParserVisitor,visitStartKey,FEATURE_ENVY,HIGH,"foreign accesses=18, own accesses=1"
src/main/java/org/openrewrite/cobol/internal/CobolParserVisitor.java,org.openrewrite.cobol.internal.CobolParserVisitor,visitStartStatement,FEATURE_ENVY,MEDIUM,"foreign accesses=11, own accesses=4"
src/main/java/org/openrewrite/cobol/internal/CobolParserVisitor.java,org.openrewrite.cobol.internal.CobolParserVisitor,visitStatusKeyClause,FEATURE_ENVY,LOW,"foreign accesses=8, own accesses=1"
src/main/java/org/openrewrite/cobol/internal/CobolParserVisitor.java,org.openrewrite.cobol.internal.CobolParserVisitor,visitStopStatement,FEATURE_ENVY,MEDIUM,"foreign accesses=11, own accesses=1"
src/main/java/org/openrewrite/cobol/internal/CobolParserVisitor.java,org.openrewrite.cobol.internal.CobolParserVisitor,visitStopStatementGiving,FEATURE_ENVY,LOW,"foreign accesses=8, own accesses=2"
src/main/java/org/openrewrite/cobol/internal/CobolParserVisitor.java,org.openrewrite.cobol.internal.CobolParserVisitor,visitStringDelimitedByPhrase,FEATURE_ENVY,LOW,"foreign accesses=8, own accesses=2"
src/main/java/org/openrewrite/cobol/internal/CobolParserVisitor.java,org.openrewrite.cobol.internal.CobolParserVisitor,visitStringForPhrase,FEATURE_ENVY,LOW,"foreign accesses=7, own accesses=1"
src/main/java/org/openrewrite/cobol/internal/CobolParserVisitor.java,org.openrewrite.cobol.internal.CobolParserVisitor,visitStringIntoPhrase,FEATURE_ENVY,LOW,"foreign accesses=7, own accesses=0"
src/main/java/org/openrewrite/cobol/internal/CobolParserVisitor.java,org.openrewrite.cobol.internal.CobolParserVisitor,visitStringSendingPhrase,FEATURE_ENVY,LOW,"foreign accesses=7, own accesses=2"
src/main/java/org/openrewrite/cobol/internal/CobolParserVisitor.java,org.openrewrite.cobol.internal.CobolParserVisitor,visitStringStatement,FEATURE_ENVY,MEDIUM,"foreign accesses=12, own accesses=5"
src/main/java/org/openrewrite/cobol/internal/CobolParserVisitor.java,org.openrewrite.cobol.internal.CobolParserVisitor,visitStringWithPointerPhrase,FEATURE_ENVY,LOW,"foreign accesses=7, own accesses=1"
src/main/java/org/openrewrite/cobol/internal/CobolParserVisitor.java,org.openrewrite.cobol.internal.CobolParserVisitor,visitSubscript,FEATURE_ENVY,MEDIUM,"foreign accesses=12, own accesses=2"
src/main/java/org/openrewrite/cobol/internal/CobolParserVisitor.java,org.openrewrite.cobol.internal.CobolParserVisitor,visitSubtractCorrespondingStatement,FEATURE_ENVY,MEDIUM,"foreign accesses=11, own accesses=1"
src/main/java/org/openrewrite/cobol/internal/CobolParserVisitor.java,org.openrewrite.cobol.internal.CobolParserVisitor,visitSubtractFromGivingStatement,FEATURE_ENVY,MEDIUM,"foreign accesses=11, own accesses=2"
src/main/java/org/openrewrite/cobol/internal/CobolParserVisitor.java,org.openrewrite.cobol.internal.CobolParserVisitor,visitSubtractFromStatement,FEATURE_ENVY,LOW,"foreign accesses=7, own accesses=2"
src/main/java/org/openrewrite/cobol/internal/CobolParserVisitor.java,org.openrewrite.cobol.internal.CobolParserVisitor,visitSubtractMinuendCorresponding,FEATURE_ENVY,LOW,"foreign accesses=6, own accesses=1"
src/main/java/org/openrewrite/cobol/internal/CobolParserVisitor.java,org.openrewrite.cobol.internal.CobolParserVisitor,visitSubtractStatement,FEATURE_ENVY,MEDIUM,"foreign accesses=11, own accesses=4"
src/main/java/org/openrewrite/cobol/internal/CobolParserVisitor.java,org.openrewrite.cobol.internal.CobolParserVisitor,visitSymbolicCharacters,FEATURE_ENVY,MEDIUM,"foreign accesses=11, own accesses=2"
src/main/java/org/openrewrite/cobol/internal/CobolParserVisitor.java,org.openrewrite.cobol.internal.CobolParserVisitor,visitSymbolicCharactersClause,FEATURE_ENVY,MEDIUM,"foreign accesses=11, own accesses=4"
src/main/java/org/openrewrite/cobol/internal/CobolParserVisitor.java,org.openrewrite.cobol.internal.CobolParserVisitor,visitSymbolicDestinationClause,FEATURE_ENVY,LOW,"foreign accesses=7, own accesses=2"
src/main/java/org/openrewrite/cobol/internal/CobolParserVisitor.java,org.openrewrite.cobol.internal.CobolParserVisitor,visitSymbolicQueueClause,FEATURE_ENVY,LOW,"foreign accesses=8, own accesses=1"
src/main/java/org/openrewrite/cobol/internal/CobolParserVisitor.java,org.openrewrite.cobol.internal.CobolParserVisitor,visitSymbolicSourceClause,FEATURE_ENVY,LOW,"foreign accesses=8, own accesses=1"
src/main/java/org/openrewrite/cobol/internal/CobolParserVisitor.java,org.openrewrite.cobol.internal.CobolParserVisitor,visitSymbolicSubQueueClause,FEATURE_ENVY,MEDIUM,"foreign accesses=10, own accesses=1"
src/main/java/org/openrewrite/cobol/internal/CobolParserVisitor.java,org.openrewrite.cobol.internal.CobolParserVisitor,visitSymbolicTerminalClause,FEATURE_ENVY,LOW,"foreign accesses=8, own accesses=1"
src/main/java/org/openrewrite/cobol/internal/CobolParserVisitor.java,org.openrewrite.cobol.internal.CobolParserVisitor,visitTableCall,FEATURE_ENVY,LOW,"foreign accesses=7, own accesses=2"
src/main/java/org/openrewrite/cobol/internal/CobolParserVisitor.java,org.openrewrite.cobol.internal.CobolParserVisitor,visitTableCallSubscripts,FEATURE_ENVY,LOW,"foreign accesses=9, own accesses=1"
src/main/java/org/openrewrite/cobol/internal/CobolParserVisitor.java,org.openrewrite.cobol.internal.CobolParserVisitor,visitTerminal,FEATURE_ENVY,HIGH,"foreign accesses=28, own accesses=4"
src/main/java/org/openrewrite/cobol/internal/CobolParserVisitor.java,org.openrewrite.cobol.internal.CobolParserVisitor,visitTerminateStatement,FEATURE_ENVY,LOW,"foreign accesses=7, own accesses=0"
src/main/java/org/openrewrite/cobol/internal/CobolParserVisitor.java,org.openrewrite.cobol.internal.CobolParserVisitor,visitTextLengthClause,FEATURE_ENVY,LOW,"foreign accesses=8, own accesses=1"
src/main/java/org/openrewrite/cobol/internal/CobolParserVisitor.java,org.openrewrite.cobol.internal.CobolParserVisitor,visitUnstringCountIn,FEATURE_ENVY,LOW,"foreign accesses=7, own accesses=1"
src/main/java/org/openrewrite/cobol/internal/CobolParserVisitor.java,org.openrewrite.cobol.internal.CobolParserVisitor,visitUnstringDelimitedByPhrase,FEATURE_ENVY,LOW,"foreign accesses=8, own accesses=2"
src/main/java/org/openrewrite/cobol/internal/CobolParserVisitor.java,org.openrewrite.cobol.internal.CobolParserVisitor,visitUnstringDelimiterIn,FEATURE_ENVY,LOW,"foreign accesses=7, own accesses=1"
src/main/java/org/openrewrite/cobol/internal/CobolParserVisitor.java,org.openrewrite.cobol.internal.CobolParserVisitor,visitUnstringInto,FEATURE_ENVY,LOW,"foreign accesses=7, own accesses=2"
src/main/java/org/openrewrite/cobol/internal/CobolParserVisitor.java,org.openrewrite.cobol.internal.CobolParserVisitor,visitUnstringIntoPhrase,FEATURE_ENVY,LOW,"foreign accesses=6, own accesses=1"
src/main/java/org/openrewrite/cobol/internal/CobolParserVisitor.java,org.openrewrite.cobol.internal.CobolParserVisitor,visitUnstringOrAllPhrase,FEATURE_ENVY,LOW,"foreign accesses=7, own accesses=2"
src/main/java/org/openrewrite/cobol/internal/CobolParserVisitor.java,org.openrewrite.cobol.internal.CobolParserVisitor,visitUnstringSendingPhrase,FEATURE_ENVY,LOW,"foreign accesses=7, own accesses=2"
src/main/java/org/openrewrite/cobol/internal/CobolParserVisitor.java,org.openrewrite.cobol.internal.CobolParserVisitor,visitUnstringStatement,FEATURE_ENVY,MEDIUM,"foreign accesses=14, own accesses=5"
src/main/java/org/openrewrite/cobol/internal/CobolParserVisitor.java,org.openrewrite.cobol.internal.CobolParserVisitor,visitUnstringTallyingPhrase,FEATURE_ENVY,LOW,"foreign accesses=7, own accesses=1"
src/main/java/org/openrewrite/cobol/internal/CobolParserVisitor.java,org.openrewrite.cobol.internal.CobolParserVisitor,visitUnstringWithPointerPhrase,FEATURE_ENVY,LOW,"foreign accesses=7, own accesses=1"
src/main/java/org/openrewrite/cobol/internal/CobolParserVisitor.java,org.openrewrite.cobol.internal.CobolParserVisitor,visitUseAfterClause,FEATURE_ENVY,MEDIUM,"foreign accesses=12, own accesses=1"
src/main/java/org/openrewrite/cobol/internal/CobolParserVisitor.java,org.openrewrite.cobol.internal.CobolParserVisitor,visitUseAfterOn,FEATURE_ENVY,LOW,"foreign accesses=8, own accesses=2"
src/main/java/org/openrewrite/cobol/internal/CobolParserVisitor.java,org.openrewrite.cobol.internal.CobolParserVisitor,visitUseDebugClause,FEATURE_ENVY,LOW,"foreign accesses=7, own accesses=2"
src/main/java/org/openrewrite/cobol/internal/CobolParserVisitor.java,org.openrewrite.cobol.internal.CobolParserVisitor,visitUseDebugOn,FEATURE_ENVY,MEDIUM,"foreign accesses=11, own accesses=2"
src/main/java/org/openrewrite/cobol/internal/CobolParserVisitor.java,org.openrewrite.cobol.internal.CobolParserVisitor,visitUseStatement,FEATURE_ENVY,LOW,"foreign accesses=7, own accesses=1"
src/main/java/org/openrewrite/cobol/internal/CobolParserVisitor.java,org.openrewrite.cobol.internal.CobolParserVisitor,visitValueOfClause,FEATURE_ENVY,LOW,"foreign accesses=6, own accesses=2"
src/main/java/org/openrewrite/cobol/internal/CobolParserVisitor.java,org.openrewrite.cobol.internal.CobolParserVisitor,visitValuePair,FEATURE_ENVY,LOW,"foreign accesses=8, own accesses=2"
src/main/java/org/openrewrite/cobol/internal/CobolParserVisitor.java,org.openrewrite.cobol.internal.CobolParserVisitor,visitWorkingStorageSection,FEATURE_ENVY,LOW,"foreign accesses=8, own accesses=2"
src/main/java/org/openrewrite/cobol/internal/CobolParserVisitor.java,org.openrewrite.cobol.internal.CobolParserVisitor,visitWriteAdvancingLines,FEATURE_ENVY,MEDIUM,"foreign accesses=11, own accesses=1"
src/main/java/org/openrewrite/cobol/internal/CobolParserVisitor.java,org.openrewrite.cobol.internal.CobolParserVisitor,visitWriteAdvancingMnemonic,FEATURE_ENVY,LOW,"foreign accesses=5, own accesses=0"
src/main/java/org/openrewrite/cobol/internal/CobolParserVisitor.java,org.openrewrite.cobol.internal.CobolParserVisitor,visitWriteAdvancingPage,FEATURE_ENVY,LOW,"foreign accesses=5, own accesses=0"
src/main/java/org/openrewrite/cobol/internal/CobolParserVisitor.java,org.openrewrite.cobol.internal.CobolParserVisitor,visitWriteAdvancingPhrase,FEATURE_ENVY,LOW,"foreign accesses=9, own accesses=2"
src/main/java/org/openrewrite/cobol/internal/CobolParserVisitor.java,org.openrewrite.cobol.internal.CobolParserVisitor,visitWriteAtEndOfPagePhrase,FEATURE_ENVY,LOW,"foreign accesses=7, own accesses=2"
src/main/java/org/openrewrite/cobol/internal/CobolParserVisitor.java,org.openrewrite.cobol.internal.CobolParserVisitor,visitWriteFromPhrase,FEATURE_ENVY,LOW,"foreign accesses=6, own accesses=2"
src/main/java/org/openrewrite/cobol/internal/CobolParserVisitor.java,org.openrewrite.cobol.internal.CobolParserVisitor,visitWriteNotAtEndOfPagePhrase,FEATURE_ENVY,LOW,"foreign accesses=8, own accesses=2"
src/main/java/org/openrewrite/cobol/internal/CobolParserVisitor.java,org.openrewrite.cobol.internal.CobolParserVisitor,wordsList,FEATURE_ENVY,LOW,"foreign accesses=5, own accesses=0"
src/main/java/org/openrewrite/cobol/internal/CobolPreprocessorOutputSourcePrinter.java,org.openrewrite.cobol.internal.CobolPreprocessorOutputSourcePrinter,,GOD_CLASS,HIGH,"WMC=162, TCC=0.08, ATFD=39"
src/main/java/org/openrewrite/cobol/internal/CobolPreprocessorOutputSourcePrinter.java,org.openrewrite.cobol.internal.CobolPreprocessorOutputSourcePrinter,addStartKey,FEATURE_ENVY,LOW,"foreign accesses=8, own accesses=1"
src/main/java/org/openrewrite/cobol/internal/CobolPreprocessorOutputSourcePrinter.java,org.openrewrite.cobol.internal.CobolPreprocessorOutputSourcePrinter,addStopComment,FEATURE_ENVY,MEDIUM,"foreign accesses=13, own accesses=5"
src/main/java/org/openrewrite/cobol/internal/CobolPreprocessorOutputSourcePrinter.java,org.openrewrite.cobol.internal.CobolPreprocessorOutputSourcePrinter,printCopybookSource,FEATURE_ENVY,HIGH,"foreign accesses=27, own accesses=8"
src/main/java/org/openrewrite/cobol/internal/CobolPreprocessorOutputSourcePrinter.java,org.openrewrite.cobol.internal.CobolPreprocessorOutputSourcePrinter,replaceTemplate,FEATURE_ENVY,CRITICAL,"foreign accesses=97, own accesses=26"
src/main/java/org/openrewrite/cobol/internal/CobolPreprocessorOutputSourcePrinter.java,org.openrewrite.cobol.internal.CobolPreprocessorOutputSourcePrinter,visitCommentEntry,FEATURE_ENVY,MEDIUM,"foreign accesses=10, own accesses=2"
src/main/java/org/openrewrite/cobol/internal/CobolPreprocessorOutputSourcePrinter.java,org.openrewrite.cobol.internal.CobolPreprocessorOutputSourcePrinter,visitCopyStatement,FEATURE_ENVY,LOW,"foreign accesses=6, own accesses=1"
src/main/java/org/openrewrite/cobol/internal/CobolPreprocessorOutputSourcePrinter.java,org.openrewrite.cobol.internal.CobolPreprocessorOutputSourcePrinter,visitCopybook,FEATURE_ENVY,LOW,"foreign accesses=7, own accesses=0"
src/main/java/org/openrewrite/cobol/internal/CobolPreprocessorOutputSourcePrinter.java,org.openrewrite.cobol.internal.CobolPreprocessorOutputSourcePrinter,visitExecSqlIncludeStatement,FEATURE_ENVY,LOW,"foreign accesses=6, own accesses=1"
src/main/java/org/openrewrite/cobol/internal/CobolPreprocessorParserVisitor.java,org.openrewrite.cobol.internal.CobolPreprocessorParserVisitor,,GOD_CLASS,HIGH,"WMC=180, TCC=0.04, ATFD=123"
src/main/java/org/openrewrite/cobol/internal/CobolPreprocessorParserVisitor.java,org.openrewrite.cobol.internal.CobolPreprocessorParserVisitor,convertAll,FEATURE_ENVY,LOW,"foreign accesses=6, own accesses=1"
src/main/java/org/openrewrite/cobol/internal/CobolPreprocessorParserVisitor.java,org.openrewrite.cobol.internal.CobolPreprocessorParserVisitor,convertAll,FEATURE_ENVY,LOW,"foreign accesses=5, own accesses=0"
src/main/java/org/openrewrite/cobol/internal/CobolPreprocessorParserVisitor.java,org.openrewrite.cobol.internal.CobolPreprocessorParserVisitor,convertAllList,FEATURE_ENVY,MEDIUM,"foreign accesses=11, own accesses=0"
src/main/java/org/openrewrite/cobol/internal/CobolPreprocessorParserVisitor.java,org.openrewrite.cobol.internal.CobolPreprocessorParserVisitor,indexOfNextNonWhitespace,FEATURE_ENVY,LOW,"foreign accesses=8, own accesses=3"
src/main/java/org/openrewrite/cobol/internal/CobolPreprocessorParserVisitor.java,org.openrewrite.cobol.internal.CobolPreprocessorParserVisitor,init,FEATURE_ENVY,CRITICAL,"foreign accesses=31, own accesses=10"
src/main/java/org/openrewrite/cobol/internal/CobolPreprocessorParserVisitor.java,org.openrewrite.cobol.internal.CobolPreprocessorParserVisitor,processContinuedText,FEATURE_ENVY,HIGH,"foreign accesses=30, own accesses=11"
src/main/java/org/openrewrite/cobol/internal/CobolPreprocessorParserVisitor.java,org.openrewrite.cobol.internal.CobolPreprocessorParserVisitor,processLiteral,FEATURE_ENVY,HIGH,"foreign accesses=23, own accesses=11"
src/main/java/org/openrewrite/cobol/internal/CobolPreprocessorParserVisitor.java,org.openrewrite.cobol.internal.CobolPreprocessorParserVisitor,processText,FEATURE_ENVY,MEDIUM,"foreign accesses=12, own accesses=5"
src/main/java/org/openrewrite/cobol/internal/CobolPreprocessorParserVisitor.java,org.openrewrite.cobol.internal.CobolPreprocessorParserVisitor,visitCharDataLine,FEATURE_ENVY,MEDIUM,"foreign accesses=11, own accesses=1"
src/main/java/org/openrewrite/cobol/internal/CobolPreprocessorParserVisitor.java,org.openrewrite.cobol.internal.CobolPreprocessorParserVisitor,visitCharDataLineNoDot,FEATURE_ENVY,MEDIUM,"foreign accesses=10, own accesses=1"
src/main/java/org/openrewrite/cobol/internal/CobolPreprocessorParserVisitor.java,org.openrewrite.cobol.internal.CobolPreprocessorParserVisitor,visitCompilationUnit,FEATURE_ENVY,HIGH,"foreign accesses=18, own accesses=6"
src/main/java/org/openrewrite/cobol/internal/CobolPreprocessorParserVisitor.java,org.openrewrite.cobol.internal.CobolPreprocessorParserVisitor,visitCompilerOption,FEATURE_ENVY,CRITICAL,"foreign accesses=516, own accesses=1"
src/main/java/org/openrewrite/cobol/internal/CobolPreprocessorParserVisitor.java,org.openrewrite.cobol.internal.CobolPreprocessorParserVisitor,visitCompilerOptions,FEATURE_ENVY,LOW,"foreign accesses=9, own accesses=2"
src/main/java/org/openrewrite/cobol/internal/CobolPreprocessorParserVisitor.java,org.openrewrite.cobol.internal.CobolPreprocessorParserVisitor,visitCompilerXOpts,FEATURE_ENVY,MEDIUM,"foreign accesses=11, own accesses=1"
src/main/java/org/openrewrite/cobol/internal/CobolPreprocessorParserVisitor.java,org.openrewrite.cobol.internal.CobolPreprocessorParserVisitor,visitCopySource,FEATURE_ENVY,MEDIUM,"foreign accesses=11, own accesses=3"
src/main/java/org/openrewrite/cobol/internal/CobolPreprocessorParserVisitor.java,org.openrewrite.cobol.internal.CobolPreprocessorParserVisitor,visitCopyStatement,FEATURE_ENVY,MEDIUM,"foreign accesses=14, own accesses=1"
src/main/java/org/openrewrite/cobol/internal/CobolPreprocessorParserVisitor.java,org.openrewrite.cobol.internal.CobolPreprocessorParserVisitor,visitDirectoryPhrase,FEATURE_ENVY,LOW,"foreign accesses=8, own accesses=2"
src/main/java/org/openrewrite/cobol/internal/CobolPreprocessorParserVisitor.java,org.openrewrite.cobol.internal.CobolPreprocessorParserVisitor,visitEjectStatement,FEATURE_ENVY,LOW,"foreign accesses=7, own accesses=1"
src/main/java/org/openrewrite/cobol/internal/CobolPreprocessorParserVisitor.java,org.openrewrite.cobol.internal.CobolPreprocessorParserVisitor,visitExecCicsStatement,FEATURE_ENVY,MEDIUM,"foreign accesses=11, own accesses=2"
src/main/java/org/openrewrite/cobol/internal/CobolPreprocessorParserVisitor.java,org.openrewrite.cobol.internal.CobolPreprocessorParserVisitor,visitExecSqlImsStatement,FEATURE_ENVY,MEDIUM,"foreign accesses=11, own accesses=2"
src/main/java/org/openrewrite/cobol/internal/CobolPreprocessorParserVisitor.java,org.openrewrite.cobol.internal.CobolPreprocessorParserVisitor,visitExecSqlIncludeStatement,FEATURE_ENVY,HIGH,"foreign accesses=18, own accesses=2"
src/main/java/org/openrewrite/cobol/internal/CobolPreprocessorParserVisitor.java,org.openrewrite.cobol.internal.CobolPreprocessorParserVisitor,visitExecSqlStatement,FEATURE_ENVY,MEDIUM,"foreign accesses=11, own accesses=2"
src/main/java/org/openrewrite/cobol/internal/CobolPreprocessorParserVisitor.java,org.openrewrite.cobol.internal.CobolPreprocessorParserVisitor,visitFamilyPhrase,FEATURE_ENVY,LOW,"foreign accesses=8, own accesses=1"
src/main/java/org/openrewrite/cobol/internal/CobolPreprocessorParserVisitor.java,org.openrewrite.cobol.internal.CobolPreprocessorParserVisitor,visitPseudoText,FEATURE_ENVY,MEDIUM,"foreign accesses=10, own accesses=1"
src/main/java/org/openrewrite/cobol/internal/CobolPreprocessorParserVisitor.java,org.openrewrite.cobol.internal.CobolPreprocessorParserVisitor,visitReplaceArea,FEATURE_ENVY,LOW,"foreign accesses=9, own accesses=2"
src/main/java/org/openrewrite/cobol/internal/CobolPreprocessorParserVisitor.java,org.openrewrite.cobol.internal.CobolPreprocessorParserVisitor,visitReplaceByStatement,FEATURE_ENVY,LOW,"foreign accesses=9, own accesses=1"
src/main/java/org/openrewrite/cobol/internal/CobolPreprocessorParserVisitor.java,org.openrewrite.cobol.internal.CobolPreprocessorParserVisitor,visitReplaceClause,FEATURE_ENVY,MEDIUM,"foreign accesses=13, own accesses=3"
src/main/java/org/openrewrite/cobol/internal/CobolPreprocessorParserVisitor.java,org.openrewrite.cobol.internal.CobolPreprocessorParserVisitor,visitReplaceOffStatement,FEATURE_ENVY,LOW,"foreign accesses=8, own accesses=1"
src/main/java/org/openrewrite/cobol/internal/CobolPreprocessorParserVisitor.java,org.openrewrite.cobol.internal.CobolPreprocessorParserVisitor,visitReplacingPhrase,FEATURE_ENVY,LOW,"foreign accesses=7, own accesses=1"
src/main/java/org/openrewrite/cobol/internal/CobolPreprocessorParserVisitor.java,org.openrewrite.cobol.internal.CobolPreprocessorParserVisitor,visitSkipStatement,FEATURE_ENVY,LOW,"foreign accesses=8, own accesses=2"
src/main/java/org/openrewrite/cobol/internal/CobolPreprocessorParserVisitor.java,org.openrewrite.cobol.internal.CobolPreprocessorParserVisitor,visitSubscript,FEATURE_ENVY,LOW,"foreign accesses=7, own accesses=1"
src/main/java/org/openrewrite/cobol/internal/CobolPreprocessorParserVisitor.java,org.openrewrite.cobol.internal.CobolPreprocessorParserVisitor,visitTerminal,FEATURE_ENVY,HIGH,"foreign accesses=18, own accesses=1"
src/main/java/org/openrewrite/cobol/internal/CobolPreprocessorParserVisitor.java,org.openrewrite.cobol.internal.CobolPreprocessorParserVisitor,visitTitleStatement,FEATURE_ENVY,LOW,"foreign accesses=9, own accesses=1"
src/main/java/org/openrewrite/cobol/internal/CobolPreprocessorParserVisitor.java,org.openrewrite.cobol.internal.CobolPreprocessorParserVisitor,wordsList,FEATURE_ENVY,LOW,"foreign accesses=5, own accesses=0"
src/main/java/org/openrewrite/cobol/internal/CobolPreprocessorPrinter.java,org.openrewrite.cobol.internal.CobolPreprocessorPrinter,visitCopyStatement,FEATURE_ENVY,LOW,"foreign accesses=8, own accesses=2"
src/main/java/org/openrewrite/cobol/internal/CobolPreprocessorPrinter.java,org.openrewrite.cobol.internal.CobolPreprocessorPrinter,visitExecSqlIncludeStatement,FEATURE_ENVY,LOW,"foreign accesses=8, own accesses=2"
src/main/java/org/openrewrite/cobol/internal/CobolPreprocessorSourcePrinter.java,org.openrewrite.cobol.internal.CobolPreprocessorSourcePrinter,,GOD_CLASS,HIGH,"WMC=59, TCC=0.00, ATFD=64"
src/main/java/org/openrewrite/cobol/internal/CobolPreprocessorSourcePrinter.java,org.openrewrite.cobol.internal.CobolPreprocessorSourcePrinter,afterSyntax,FEATURE_ENVY,LOW,"foreign accesses=7, own accesses=1"
src/main/java/org/openrewrite/cobol/internal/CobolPreprocessorSourcePrinter.java,org.openrewrite.cobol.internal.CobolPreprocessorSourcePrinter,beforeSyntax,FEATURE_ENVY,HIGH,"foreign accesses=15, own accesses=3"
src/main/java/org/openrewrite/cobol/internal/CobolSourcePrinter.java,org.openrewrite.cobol.internal.CobolSourcePrinter,,GOD_CLASS,CRITICAL,"WMC=497, TCC=0.00, ATFD=932"
src/main/java/org/openrewrite/cobol/internal/CobolSourcePrinter.java,org.openrewrite.cobol.internal.CobolSourcePrinter,afterSyntax,FEATURE_ENVY,LOW,"foreign accesses=7, own accesses=1"
src/main/java/org/openrewrite/cobol/internal/CobolSourcePrinter.java,org.openrewrite.cobol.internal.CobolSourcePrinter,beforeSyntax,FEATURE_ENVY,HIGH,"foreign accesses=15, own accesses=3"
src/main/java/org/openrewrite/cobol/internal/CobolSourcePrinter.java,org.openrewrite.cobol.internal.CobolSourcePrinter,visitWord,FEATURE_ENVY,CRITICAL,"foreign accesses=59, own accesses=24"
src/main/java/org/openrewrite/cobol/internal/HpTandem.java,org.openrewrite.cobol.internal.HpTandem,,DATA_CLASS,LOW,"fields=4, getter/setter ratio=75%, behavioral methods=1"
src/main/java/org/openrewrite/cobol/internal/IbmAnsi85.java,org.openrewrite.cobol.internal.IbmAnsi85,,DATA_CLASS,LOW,"fields=4, getter/setter ratio=75%, behavioral methods=1"
src/main/java/org/openrewrite/cobol/internal/grammar/CobolParser.java,org.openrewrite.cobol.internal.grammar.CobolParser,,GOD_CLASS,CRITICAL,"WMC=8189, TCC=0.07, ATFD=6754"
src/main/java/org/openrewrite/cobol/internal/grammar/CobolParser.java,org.openrewrite.cobol.internal.grammar.CobolParser,abbreviation,FEATURE_ENVY,CRITICAL,"foreign accesses=40, own accesses=16"
src/main/java/org/openrewrite/cobol/internal/grammar/CobolParser.java,org.openrewrite.cobol.internal.grammar.CobolParser,acceptFromDateStatement,FEATURE_ENVY,CRITICAL,"foreign accesses=65, own accesses=32"
src/main/java/org/openrewrite/cobol/internal/grammar/CobolParser.java,org.openrewrite.cobol.internal.grammar.CobolParser,acceptFromEscapeKeyStatement,FEATURE_ENVY,HIGH,"foreign accesses=17, own accesses=6"
src/main/java/org/openrewrite/cobol/internal/grammar/CobolParser.java,org.openrewrite.cobol.internal.grammar.CobolParser,acceptFromMnemonicStatement,FEATURE_ENVY,MEDIUM,"foreign accesses=14, own accesses=5"
src/main/java/org/openrewrite/cobol/internal/grammar/CobolParser.java,org.openrewrite.cobol.internal.grammar.CobolParser,acceptMessageCountStatement,FEATURE_ENVY,HIGH,"foreign accesses=20, own accesses=7"
src/main/java/org/openrewrite/cobol/internal/grammar/CobolParser.java,org.openrewrite.cobol.internal.grammar.CobolParser,acceptStatement,FEATURE_ENVY,CRITICAL,"foreign accesses=50, own accesses=16"
src/main/java/org/openrewrite/cobol/internal/grammar/CobolParser.java,org.openrewrite.cobol.internal.grammar.CobolParser,accessModeClause,FEATURE_ENVY,CRITICAL,"foreign accesses=40, own accesses=16"
src/main/java/org/openrewrite/cobol/internal/grammar/CobolParser.java,org.openrewrite.cobol.internal.grammar.CobolParser,addCorrespondingStatement,FEATURE_ENVY,HIGH,"foreign accesses=28, own accesses=10"
src/main/java/org/openrewrite/cobol/internal/grammar/CobolParser.java,org.openrewrite.cobol.internal.grammar.CobolParser,addFrom,FEATURE_ENVY,HIGH,"foreign accesses=21, own accesses=6"
src/main/java/org/openrewrite/cobol/internal/grammar/CobolParser.java,org.openrewrite.cobol.internal.grammar.CobolParser,addGiving,FEATURE_ENVY,MEDIUM,"foreign accesses=12, own accesses=4"
src/main/java/org/openrewrite/cobol/internal/grammar/CobolParser.java,org.openrewrite.cobol.internal.grammar.CobolParser,addStatement,FEATURE_ENVY,CRITICAL,"foreign accesses=48, own accesses=14"
src/main/java/org/openrewrite/cobol/internal/grammar/CobolParser.java,org.openrewrite.cobol.internal.grammar.CobolParser,addTo,FEATURE_ENVY,MEDIUM,"foreign accesses=12, own accesses=4"
src/main/java/org/openrewrite/cobol/internal/grammar/CobolParser.java,org.openrewrite.cobol.internal.grammar.CobolParser,addToGiving,FEATURE_ENVY,HIGH,"foreign accesses=21, own accesses=6"
src/main/java/org/openrewrite/cobol/internal/grammar/CobolParser.java,org.openrewrite.cobol.internal.grammar.CobolParser,addToGivingStatement,FEATURE_ENVY,CRITICAL,"foreign accesses=55, own accesses=17"
src/main/java/org/openrewrite/cobol/internal/grammar/CobolParser.java,org.openrewrite.cobol.internal.grammar.CobolParser,addToStatement,FEATURE_ENVY,CRITICAL,"foreign accesses=37, own accesses=11"
src/main/java/org/openrewrite/cobol/internal/grammar/CobolParser.java,org.openrewrite.cobol.internal.grammar.CobolParser,alphabetAlso,FEATURE_ENVY,HIGH,"foreign accesses=26, own accesses=8"
src/main/java/org/openrewrite/cobol/internal/grammar/CobolParser.java,org.openrewrite.cobol.internal.grammar.CobolParser,alphabetClause,FEATURE_ENVY,HIGH,"foreign accesses=21, own accesses=6"
src/main/java/org/openrewrite/cobol/internal/grammar/CobolParser.java,org.openrewrite.cobol.internal.grammar.CobolParser,alphabetClauseFormat1,FEATURE_ENVY,CRITICAL,"foreign accesses=61, own accesses=23"
src/main/java/org/openrewrite/cobol/internal/grammar/CobolParser.java,org.openrewrite.cobol.internal.grammar.CobolParser,alphabetClauseFormat2,FEATURE_ENVY,CRITICAL,"foreign accesses=40, own accesses=19"
src/main/java/org/openrewrite/cobol/internal/grammar/CobolParser.java,org.openrewrite.cobol.internal.grammar.CobolParser,alphabetName,FEATURE_ENVY,MEDIUM,"foreign accesses=12, own accesses=4"
src/main/java/org/openrewrite/cobol/internal/grammar/CobolParser.java,org.openrewrite.cobol.internal.grammar.CobolParser,alphabetThrough,FEATURE_ENVY,HIGH,"foreign accesses=25, own accesses=8"
src/main/java/org/openrewrite/cobol/internal/grammar/CobolParser.java,org.openrewrite.cobol.internal.grammar.CobolParser,alterProceedTo,FEATURE_ENVY,HIGH,"foreign accesses=24, own accesses=10"
src/main/java/org/openrewrite/cobol/internal/grammar/CobolParser.java,org.openrewrite.cobol.internal.grammar.CobolParser,alterStatement,FEATURE_ENVY,HIGH,"foreign accesses=26, own accesses=8"
src/main/java/org/openrewrite/cobol/internal/grammar/CobolParser.java,org.openrewrite.cobol.internal.grammar.CobolParser,alteredGoTo,FEATURE_ENVY,HIGH,"foreign accesses=22, own accesses=8"
src/main/java/org/openrewrite/cobol/internal/grammar/CobolParser.java,org.openrewrite.cobol.internal.grammar.CobolParser,alternateRecordKeyClause,FEATURE_ENVY,CRITICAL,"foreign accesses=52, own accesses=21"
src/main/java/org/openrewrite/cobol/internal/grammar/CobolParser.java,org.openrewrite.cobol.internal.grammar.CobolParser,andOrCondition,FEATURE_ENVY,CRITICAL,"foreign accesses=45, own accesses=13"
src/main/java/org/openrewrite/cobol/internal/grammar/CobolParser.java,org.openrewrite.cobol.internal.grammar.CobolParser,argument,FEATURE_ENVY,CRITICAL,"foreign accesses=43, own accesses=13"
src/main/java/org/openrewrite/cobol/internal/grammar/CobolParser.java,org.openrewrite.cobol.internal.grammar.CobolParser,arithmeticExpression,FEATURE_ENVY,HIGH,"foreign accesses=29, own accesses=7"
src/main/java/org/openrewrite/cobol/internal/grammar/CobolParser.java,org.openrewrite.cobol.internal.grammar.CobolParser,assignClause,FEATURE_ENVY,CRITICAL,"foreign accesses=65, own accesses=26"
src/main/java/org/openrewrite/cobol/internal/grammar/CobolParser.java,org.openrewrite.cobol.internal.grammar.CobolParser,assignmentName,FEATURE_ENVY,MEDIUM,"foreign accesses=12, own accesses=4"
src/main/java/org/openrewrite/cobol/internal/grammar/CobolParser.java,org.openrewrite.cobol.internal.grammar.CobolParser,atEndPhrase,FEATURE_ENVY,CRITICAL,"foreign accesses=37, own accesses=10"
src/main/java/org/openrewrite/cobol/internal/grammar/CobolParser.java,org.openrewrite.cobol.internal.grammar.CobolParser,authorParagraph,FEATURE_ENVY,HIGH,"foreign accesses=21, own accesses=8"
src/main/java/org/openrewrite/cobol/internal/grammar/CobolParser.java,org.openrewrite.cobol.internal.grammar.CobolParser,basis,FEATURE_ENVY,HIGH,"foreign accesses=27, own accesses=9"
src/main/java/org/openrewrite/cobol/internal/grammar/CobolParser.java,org.openrewrite.cobol.internal.grammar.CobolParser,basisName,FEATURE_ENVY,MEDIUM,"foreign accesses=12, own accesses=4"
src/main/java/org/openrewrite/cobol/internal/grammar/CobolParser.java,org.openrewrite.cobol.internal.grammar.CobolParser,blockContainsClause,FEATURE_ENVY,CRITICAL,"foreign accesses=45, own accesses=18"
src/main/java/org/openrewrite/cobol/internal/grammar/CobolParser.java,org.openrewrite.cobol.internal.grammar.CobolParser,blockContainsTo,FEATURE_ENVY,MEDIUM,"foreign accesses=14, own accesses=5"
src/main/java/org/openrewrite/cobol/internal/grammar/CobolParser.java,org.openrewrite.cobol.internal.grammar.CobolParser,booleanLiteral,FEATURE_ENVY,HIGH,"foreign accesses=24, own accesses=7"
src/main/java/org/openrewrite/cobol/internal/grammar/CobolParser.java,org.openrewrite.cobol.internal.grammar.CobolParser,callByContent,FEATURE_ENVY,CRITICAL,"foreign accesses=44, own accesses=14"
src/main/java/org/openrewrite/cobol/internal/grammar/CobolParser.java,org.openrewrite.cobol.internal.grammar.CobolParser,callByContentPhrase,FEATURE_ENVY,CRITICAL,"foreign accesses=33, own accesses=11"
src/main/java/org/openrewrite/cobol/internal/grammar/CobolParser.java,org.openrewrite.cobol.internal.grammar.CobolParser,callByReferencePhrase,FEATURE_ENVY,CRITICAL,"foreign accesses=38, own accesses=14"
src/main/java/org/openrewrite/cobol/internal/grammar/CobolParser.java,org.openrewrite.cobol.internal.grammar.CobolParser,callByValue,FEATURE_ENVY,CRITICAL,"foreign accesses=40, own accesses=13"
src/main/java/org/openrewrite/cobol/internal/grammar/CobolParser.java,org.openrewrite.cobol.internal.grammar.CobolParser,callByValuePhrase,FEATURE_ENVY,CRITICAL,"foreign accesses=33, own accesses=11"
src/main/java/org/openrewrite/cobol/internal/grammar/CobolParser.java,org.openrewrite.cobol.internal.grammar.CobolParser,callGivingPhrase,FEATURE_ENVY,HIGH,"foreign accesses=25, own accesses=8"
src/main/java/org/openrewrite/cobol/internal/grammar/CobolParser.java,org.openrewrite.cobol.internal.grammar.CobolParser,callStatement,FEATURE_ENVY,CRITICAL,"foreign accesses=67, own accesses=22"
src/main/java/org/openrewrite/cobol/internal/grammar/CobolParser.java,org.openrewrite.cobol.internal.grammar.CobolParser,callUsingParameter,FEATURE_ENVY,HIGH,"foreign accesses=23, own accesses=7"
src/main/java/org/openrewrite/cobol/internal/grammar/CobolParser.java,org.openrewrite.cobol.internal.grammar.CobolParser,callUsingPhrase,FEATURE_ENVY,HIGH,"foreign accesses=26, own accesses=8"
src/main/java/org/openrewrite/cobol/internal/grammar/CobolParser.java,org.openrewrite.cobol.internal.grammar.CobolParser,cancelCall,FEATURE_ENVY,CRITICAL,"foreign accesses=36, own accesses=11"
src/main/java/org/openrewrite/cobol/internal/grammar/CobolParser.java,org.openrewrite.cobol.internal.grammar.CobolParser,cancelStatement,FEATURE_ENVY,HIGH,"foreign accesses=26, own accesses=8"
src/main/java/org/openrewrite/cobol/internal/grammar/CobolParser.java,org.openrewrite.cobol.internal.grammar.CobolParser,cdName,FEATURE_ENVY,MEDIUM,"foreign accesses=12, own accesses=4"
src/main/java/org/openrewrite/cobol/internal/grammar/CobolParser.java,org.openrewrite.cobol.internal.grammar.CobolParser,channelClause,FEATURE_ENVY,HIGH,"foreign accesses=22, own accesses=9"
src/main/java/org/openrewrite/cobol/internal/grammar/CobolParser.java,org.openrewrite.cobol.internal.grammar.CobolParser,characterPosition,FEATURE_ENVY,MEDIUM,"foreign accesses=12, own accesses=4"
src/main/java/org/openrewrite/cobol/internal/grammar/CobolParser.java,org.openrewrite.cobol.internal.grammar.CobolParser,characterSetClause,FEATURE_ENVY,HIGH,"foreign accesses=17, own accesses=6"
src/main/java/org/openrewrite/cobol/internal/grammar/CobolParser.java,org.openrewrite.cobol.internal.grammar.CobolParser,cicsDfhRespLiteral,FEATURE_ENVY,HIGH,"foreign accesses=26, own accesses=9"
src/main/java/org/openrewrite/cobol/internal/grammar/CobolParser.java,org.openrewrite.cobol.internal.grammar.CobolParser,cicsDfhValueLiteral,FEATURE_ENVY,HIGH,"foreign accesses=26, own accesses=9"
src/main/java/org/openrewrite/cobol/internal/grammar/CobolParser.java,org.openrewrite.cobol.internal.grammar.CobolParser,classClause,FEATURE_ENVY,CRITICAL,"foreign accesses=61, own accesses=20"
src/main/java/org/openrewrite/cobol/internal/grammar/CobolParser.java,org.openrewrite.cobol.internal.grammar.CobolParser,classClauseFrom,FEATURE_ENVY,HIGH,"foreign accesses=21, own accesses=6"
src/main/java/org/openrewrite/cobol/internal/grammar/CobolParser.java,org.openrewrite.cobol.internal.grammar.CobolParser,classClauseThrough,FEATURE_ENVY,CRITICAL,"foreign accesses=31, own accesses=12"
src/main/java/org/openrewrite/cobol/internal/grammar/CobolParser.java,org.openrewrite.cobol.internal.grammar.CobolParser,classClauseTo,FEATURE_ENVY,HIGH,"foreign accesses=21, own accesses=6"
src/main/java/org/openrewrite/cobol/internal/grammar/CobolParser.java,org.openrewrite.cobol.internal.grammar.CobolParser,className,FEATURE_ENVY,MEDIUM,"foreign accesses=12, own accesses=4"
src/main/java/org/openrewrite/cobol/internal/grammar/CobolParser.java,org.openrewrite.cobol.internal.grammar.CobolParser,closeFile,FEATURE_ENVY,HIGH,"foreign accesses=22, own accesses=8"
src/main/java/org/openrewrite/cobol/internal/grammar/CobolParser.java,org.openrewrite.cobol.internal.grammar.CobolParser,closePortFileIOStatement,FEATURE_ENVY,CRITICAL,"foreign accesses=53, own accesses=18"
src/main/java/org/openrewrite/cobol/internal/grammar/CobolParser.java,org.openrewrite.cobol.internal.grammar.CobolParser,closePortFileIOUsingAssociatedData,FEATURE_ENVY,HIGH,"foreign accesses=22, own accesses=7"
src/main/java/org/openrewrite/cobol/internal/grammar/CobolParser.java,org.openrewrite.cobol.internal.grammar.CobolParser,closePortFileIOUsingAssociatedDataLength,FEATURE_ENVY,HIGH,"foreign accesses=29, own accesses=10"
src/main/java/org/openrewrite/cobol/internal/grammar/CobolParser.java,org.openrewrite.cobol.internal.grammar.CobolParser,closePortFileIOUsingCloseDisposition,FEATURE_ENVY,CRITICAL,"foreign accesses=33, own accesses=11"
src/main/java/org/openrewrite/cobol/internal/grammar/CobolParser.java,org.openrewrite.cobol.internal.grammar.CobolParser,closeReelUnitStatement,FEATURE_ENVY,CRITICAL,"foreign accesses=63, own accesses=25"
src/main/java/org/openrewrite/cobol/internal/grammar/CobolParser.java,org.openrewrite.cobol.internal.grammar.CobolParser,closeRelativeStatement,FEATURE_ENVY,HIGH,"foreign accesses=29, own accesses=13"
src/main/java/org/openrewrite/cobol/internal/grammar/CobolParser.java,org.openrewrite.cobol.internal.grammar.CobolParser,closeStatement,FEATURE_ENVY,HIGH,"foreign accesses=26, own accesses=8"
src/main/java/org/openrewrite/cobol/internal/grammar/CobolParser.java,org.openrewrite.cobol.internal.grammar.CobolParser,cobolWord,FEATURE_ENVY,HIGH,"foreign accesses=24, own accesses=6"
src/main/java/org/openrewrite/cobol/internal/grammar/CobolParser.java,org.openrewrite.cobol.internal.grammar.CobolParser,codeSetClause,FEATURE_ENVY,HIGH,"foreign accesses=21, own accesses=8"
src/main/java/org/openrewrite/cobol/internal/grammar/CobolParser.java,org.openrewrite.cobol.internal.grammar.CobolParser,collatingSequenceClause,FEATURE_ENVY,CRITICAL,"foreign accesses=61, own accesses=23"
src/main/java/org/openrewrite/cobol/internal/grammar/CobolParser.java,org.openrewrite.cobol.internal.grammar.CobolParser,collatingSequenceClauseAlphanumeric,FEATURE_ENVY,HIGH,"foreign accesses=28, own accesses=11"
src/main/java/org/openrewrite/cobol/internal/grammar/CobolParser.java,org.openrewrite.cobol.internal.grammar.CobolParser,collatingSequenceClauseNational,FEATURE_ENVY,HIGH,"foreign accesses=28, own accesses=11"
src/main/java/org/openrewrite/cobol/internal/grammar/CobolParser.java,org.openrewrite.cobol.internal.grammar.CobolParser,combinableCondition,FEATURE_ENVY,HIGH,"foreign accesses=19, own accesses=7"
src/main/java/org/openrewrite/cobol/internal/grammar/CobolParser.java,org.openrewrite.cobol.internal.grammar.CobolParser,commentEntry,FEATURE_ENVY,HIGH,"foreign accesses=23, own accesses=7"
src/main/java/org/openrewrite/cobol/internal/grammar/CobolParser.java,org.openrewrite.cobol.internal.grammar.CobolParser,commitmentControlClause,FEATURE_ENVY,HIGH,"foreign accesses=23, own accesses=9"
src/main/java/org/openrewrite/cobol/internal/grammar/CobolParser.java,org.openrewrite.cobol.internal.grammar.CobolParser,communicationDescriptionEntry,FEATURE_ENVY,HIGH,"foreign accesses=23, own accesses=7"
src/main/java/org/openrewrite/cobol/internal/grammar/CobolParser.java,org.openrewrite.cobol.internal.grammar.CobolParser,communicationDescriptionEntryFormat2,FEATURE_ENVY,CRITICAL,"foreign accesses=48, own accesses=21"
src/main/java/org/openrewrite/cobol/internal/grammar/CobolParser.java,org.openrewrite.cobol.internal.grammar.CobolParser,compilationUnit,FEATURE_ENVY,HIGH,"foreign accesses=25, own accesses=8"
src/main/java/org/openrewrite/cobol/internal/grammar/CobolParser.java,org.openrewrite.cobol.internal.grammar.CobolParser,computeStatement,FEATURE_ENVY,CRITICAL,"foreign accesses=63, own accesses=18"
src/main/java/org/openrewrite/cobol/internal/grammar/CobolParser.java,org.openrewrite.cobol.internal.grammar.CobolParser,computeStore,FEATURE_ENVY,MEDIUM,"foreign accesses=12, own accesses=4"
src/main/java/org/openrewrite/cobol/internal/grammar/CobolParser.java,org.openrewrite.cobol.internal.grammar.CobolParser,computerName,FEATURE_ENVY,MEDIUM,"foreign accesses=12, own accesses=4"
src/main/java/org/openrewrite/cobol/internal/grammar/CobolParser.java,org.openrewrite.cobol.internal.grammar.CobolParser,condition,FEATURE_ENVY,HIGH,"foreign accesses=23, own accesses=9"
src/main/java/org/openrewrite/cobol/internal/grammar/CobolParser.java,org.openrewrite.cobol.internal.grammar.CobolParser,conditionName,FEATURE_ENVY,MEDIUM,"foreign accesses=12, own accesses=4"
src/main/java/org/openrewrite/cobol/internal/grammar/CobolParser.java,org.openrewrite.cobol.internal.grammar.CobolParser,conditionNameReference,FEATURE_ENVY,CRITICAL,"foreign accesses=64, own accesses=21"
src/main/java/org/openrewrite/cobol/internal/grammar/CobolParser.java,org.openrewrite.cobol.internal.grammar.CobolParser,conditionNameSubscriptReference,FEATURE_ENVY,CRITICAL,"foreign accesses=33, own accesses=11"
src/main/java/org/openrewrite/cobol/internal/grammar/CobolParser.java,org.openrewrite.cobol.internal.grammar.CobolParser,configurationSection,FEATURE_ENVY,CRITICAL,"foreign accesses=34, own accesses=9"
src/main/java/org/openrewrite/cobol/internal/grammar/CobolParser.java,org.openrewrite.cobol.internal.grammar.CobolParser,continueStatement,FEATURE_ENVY,MEDIUM,"foreign accesses=13, own accesses=4"
src/main/java/org/openrewrite/cobol/internal/grammar/CobolParser.java,org.openrewrite.cobol.internal.grammar.CobolParser,currencySignClause,FEATURE_ENVY,CRITICAL,"foreign accesses=45, own accesses=20"
src/main/java/org/openrewrite/cobol/internal/grammar/CobolParser.java,org.openrewrite.cobol.internal.grammar.CobolParser,dataAlignedClause,FEATURE_ENVY,MEDIUM,"foreign accesses=13, own accesses=4"
src/main/java/org/openrewrite/cobol/internal/grammar/CobolParser.java,org.openrewrite.cobol.internal.grammar.CobolParser,dataBaseSection,FEATURE_ENVY,HIGH,"foreign accesses=28, own accesses=9"
src/main/java/org/openrewrite/cobol/internal/grammar/CobolParser.java,org.openrewrite.cobol.internal.grammar.CobolParser,dataBaseSectionEntry,FEATURE_ENVY,HIGH,"foreign accesses=16, own accesses=7"
src/main/java/org/openrewrite/cobol/internal/grammar/CobolParser.java,org.openrewrite.cobol.internal.grammar.CobolParser,dataBlankWhenZeroClause,FEATURE_ENVY,CRITICAL,"foreign accesses=33, own accesses=9"
src/main/java/org/openrewrite/cobol/internal/grammar/CobolParser.java,org.openrewrite.cobol.internal.grammar.CobolParser,dataCommonOwnLocalClause,FEATURE_ENVY,HIGH,"foreign accesses=24, own accesses=8"
src/main/java/org/openrewrite/cobol/internal/grammar/CobolParser.java,org.openrewrite.cobol.internal.grammar.CobolParser,dataDescName,FEATURE_ENVY,HIGH,"foreign accesses=25, own accesses=7"
src/main/java/org/openrewrite/cobol/internal/grammar/CobolParser.java,org.openrewrite.cobol.internal.grammar.CobolParser,dataDescriptionEntryExecSql,FEATURE_ENVY,CRITICAL,"foreign accesses=32, own accesses=10"
src/main/java/org/openrewrite/cobol/internal/grammar/CobolParser.java,org.openrewrite.cobol.internal.grammar.CobolParser,dataDescriptionEntryFormat1,FEATURE_ENVY,CRITICAL,"foreign accesses=47, own accesses=14"
src/main/java/org/openrewrite/cobol/internal/grammar/CobolParser.java,org.openrewrite.cobol.internal.grammar.CobolParser,dataDescriptionEntryFormat1Clause,FEATURE_ENVY,CRITICAL,"foreign accesses=59, own accesses=25"
src/main/java/org/openrewrite/cobol/internal/grammar/CobolParser.java,org.openrewrite.cobol.internal.grammar.CobolParser,dataDescriptionEntryFormat2,FEATURE_ENVY,HIGH,"foreign accesses=17, own accesses=7"
src/main/java/org/openrewrite/cobol/internal/grammar/CobolParser.java,org.openrewrite.cobol.internal.grammar.CobolParser,dataDescriptionEntryFormat3,FEATURE_ENVY,HIGH,"foreign accesses=17, own accesses=7"
src/main/java/org/openrewrite/cobol/internal/grammar/CobolParser.java,org.openrewrite.cobol.internal.grammar.CobolParser,dataExternalClause,FEATURE_ENVY,HIGH,"foreign accesses=30, own accesses=10"
src/main/java/org/openrewrite/cobol/internal/grammar/CobolParser.java,org.openrewrite.cobol.internal.grammar.CobolParser,dataGlobalClause,FEATURE_ENVY,HIGH,"foreign accesses=20, own accesses=7"
src/main/java/org/openrewrite/cobol/internal/grammar/CobolParser.java,org.openrewrite.cobol.internal.grammar.CobolParser,dataIntegerStringClause,FEATURE_ENVY,HIGH,"foreign accesses=24, own accesses=7"
src/main/java/org/openrewrite/cobol/internal/grammar/CobolParser.java,org.openrewrite.cobol.internal.grammar.CobolParser,dataJustifiedClause,FEATURE_ENVY,CRITICAL,"foreign accesses=31, own accesses=10"
src/main/java/org/openrewrite/cobol/internal/grammar/CobolParser.java,org.openrewrite.cobol.internal.grammar.CobolParser,dataName,FEATURE_ENVY,MEDIUM,"foreign accesses=12, own accesses=4"
src/main/java/org/openrewrite/cobol/internal/grammar/CobolParser.java,org.openrewrite.cobol.internal.grammar.CobolParser,dataOccursClause,FEATURE_ENVY,CRITICAL,"foreign accesses=58, own accesses=28"
src/main/java/org/openrewrite/cobol/internal/grammar/CobolParser.java,org.openrewrite.cobol.internal.grammar.CobolParser,dataOccursDepending,FEATURE_ENVY,HIGH,"foreign accesses=21, own accesses=8"
src/main/java/org/openrewrite/cobol/internal/grammar/CobolParser.java,org.openrewrite.cobol.internal.grammar.CobolParser,dataOccursIndexed,FEATURE_ENVY,CRITICAL,"foreign accesses=42, own accesses=13"
src/main/java/org/openrewrite/cobol/internal/grammar/CobolParser.java,org.openrewrite.cobol.internal.grammar.CobolParser,dataOccursSort,FEATURE_ENVY,CRITICAL,"foreign accesses=51, own accesses=17"
src/main/java/org/openrewrite/cobol/internal/grammar/CobolParser.java,org.openrewrite.cobol.internal.grammar.CobolParser,dataOccursTo,FEATURE_ENVY,MEDIUM,"foreign accesses=14, own accesses=5"
src/main/java/org/openrewrite/cobol/internal/grammar/CobolParser.java,org.openrewrite.cobol.internal.grammar.CobolParser,dataPictureClause,FEATURE_ENVY,CRITICAL,"foreign accesses=32, own accesses=11"
src/main/java/org/openrewrite/cobol/internal/grammar/CobolParser.java,org.openrewrite.cobol.internal.grammar.CobolParser,dataReceivedByClause,FEATURE_ENVY,CRITICAL,"foreign accesses=38, own accesses=14"
src/main/java/org/openrewrite/cobol/internal/grammar/CobolParser.java,org.openrewrite.cobol.internal.grammar.CobolParser,dataRecordAreaClause,FEATURE_ENVY,HIGH,"foreign accesses=15, own accesses=5"
src/main/java/org/openrewrite/cobol/internal/grammar/CobolParser.java,org.openrewrite.cobol.internal.grammar.CobolParser,dataRecordsClause,FEATURE_ENVY,CRITICAL,"foreign accesses=55, own accesses=19"
src/main/java/org/openrewrite/cobol/internal/grammar/CobolParser.java,org.openrewrite.cobol.internal.grammar.CobolParser,dataRedefinesClause,FEATURE_ENVY,MEDIUM,"foreign accesses=14, own accesses=5"
src/main/java/org/openrewrite/cobol/internal/grammar/CobolParser.java,org.openrewrite.cobol.internal.grammar.CobolParser,dataRenamesClause,FEATURE_ENVY,CRITICAL,"foreign accesses=33, own accesses=13"
src/main/java/org/openrewrite/cobol/internal/grammar/CobolParser.java,org.openrewrite.cobol.internal.grammar.CobolParser,dataSignClause,FEATURE_ENVY,CRITICAL,"foreign accesses=52, own accesses=19"
src/main/java/org/openrewrite/cobol/internal/grammar/CobolParser.java,org.openrewrite.cobol.internal.grammar.CobolParser,dataSynchronizedClause,FEATURE_ENVY,CRITICAL,"foreign accesses=42, own accesses=14"
src/main/java/org/openrewrite/cobol/internal/grammar/CobolParser.java,org.openrewrite.cobol.internal.grammar.CobolParser,dataThreadLocalClause,FEATURE_ENVY,HIGH,"foreign accesses=20, own accesses=7"
src/main/java/org/openrewrite/cobol/internal/grammar/CobolParser.java,org.openrewrite.cobol.internal.grammar.CobolParser,dataTypeDefClause,FEATURE_ENVY,HIGH,"foreign accesses=20, own accesses=7"
src/main/java/org/openrewrite/cobol/internal/grammar/CobolParser.java,org.openrewrite.cobol.internal.grammar.CobolParser,dataUsingClause,FEATURE_ENVY,CRITICAL,"foreign accesses=42, own accesses=14"
src/main/java/org/openrewrite/cobol/internal/grammar/CobolParser.java,org.openrewrite.cobol.internal.grammar.CobolParser,dataValueClause,FEATURE_ENVY,CRITICAL,"foreign accesses=67, own accesses=24"
src/main/java/org/openrewrite/cobol/internal/grammar/CobolParser.java,org.openrewrite.cobol.internal.grammar.CobolParser,dataValueInterval,FEATURE_ENVY,HIGH,"foreign accesses=18, own accesses=8"
src/main/java/org/openrewrite/cobol/internal/grammar/CobolParser.java,org.openrewrite.cobol.internal.grammar.CobolParser,dataValueIntervalFrom,FEATURE_ENVY,HIGH,"foreign accesses=21, own accesses=6"
src/main/java/org/openrewrite/cobol/internal/grammar/CobolParser.java,org.openrewrite.cobol.internal.grammar.CobolParser,dataValueIntervalTo,FEATURE_ENVY,HIGH,"foreign accesses=25, own accesses=8"
src/main/java/org/openrewrite/cobol/internal/grammar/CobolParser.java,org.openrewrite.cobol.internal.grammar.CobolParser,dataWithLowerBoundsClause,FEATURE_ENVY,HIGH,"foreign accesses=22, own accesses=8"
src/main/java/org/openrewrite/cobol/internal/grammar/CobolParser.java,org.openrewrite.cobol.internal.grammar.CobolParser,dateCompiledParagraph,FEATURE_ENVY,HIGH,"foreign accesses=21, own accesses=8"
src/main/java/org/openrewrite/cobol/internal/grammar/CobolParser.java,org.openrewrite.cobol.internal.grammar.CobolParser,dateWrittenParagraph,FEATURE_ENVY,HIGH,"foreign accesses=21, own accesses=8"
src/main/java/org/openrewrite/cobol/internal/grammar/CobolParser.java,org.openrewrite.cobol.internal.grammar.CobolParser,decimalPointClause,FEATURE_ENVY,HIGH,"foreign accesses=22, own accesses=8"
src/main/java/org/openrewrite/cobol/internal/grammar/CobolParser.java,org.openrewrite.cobol.internal.grammar.CobolParser,defaultComputationalSignClause,FEATURE_ENVY,CRITICAL,"foreign accesses=72, own accesses=28"
src/main/java/org/openrewrite/cobol/internal/grammar/CobolParser.java,org.openrewrite.cobol.internal.grammar.CobolParser,defaultDisplaySignClause,FEATURE_ENVY,CRITICAL,"foreign accesses=54, own accesses=20"
src/main/java/org/openrewrite/cobol/internal/grammar/CobolParser.java,org.openrewrite.cobol.internal.grammar.CobolParser,deleteStatement,FEATURE_ENVY,CRITICAL,"foreign accesses=46, own accesses=14"
src/main/java/org/openrewrite/cobol/internal/grammar/CobolParser.java,org.openrewrite.cobol.internal.grammar.CobolParser,destinationCountClause,FEATURE_ENVY,HIGH,"foreign accesses=23, own accesses=9"
src/main/java/org/openrewrite/cobol/internal/grammar/CobolParser.java,org.openrewrite.cobol.internal.grammar.CobolParser,destinationTableClause,FEATURE_ENVY,CRITICAL,"foreign accesses=40, own accesses=16"
src/main/java/org/openrewrite/cobol/internal/grammar/CobolParser.java,org.openrewrite.cobol.internal.grammar.CobolParser,disableStatement,FEATURE_ENVY,CRITICAL,"foreign accesses=52, own accesses=24"
src/main/java/org/openrewrite/cobol/internal/grammar/CobolParser.java,org.openrewrite.cobol.internal.grammar.CobolParser,displayAt,FEATURE_ENVY,HIGH,"foreign accesses=22, own accesses=7"
src/main/java/org/openrewrite/cobol/internal/grammar/CobolParser.java,org.openrewrite.cobol.internal.grammar.CobolParser,displayOperand,FEATURE_ENVY,HIGH,"foreign accesses=21, own accesses=6"
src/main/java/org/openrewrite/cobol/internal/grammar/CobolParser.java,org.openrewrite.cobol.internal.grammar.CobolParser,displayStatement,FEATURE_ENVY,CRITICAL,"foreign accesses=80, own accesses=24"
src/main/java/org/openrewrite/cobol/internal/grammar/CobolParser.java,org.openrewrite.cobol.internal.grammar.CobolParser,displayUpon,FEATURE_ENVY,HIGH,"foreign accesses=22, own accesses=7"
src/main/java/org/openrewrite/cobol/internal/grammar/CobolParser.java,org.openrewrite.cobol.internal.grammar.CobolParser,displayWith,FEATURE_ENVY,HIGH,"foreign accesses=22, own accesses=8"
src/main/java/org/openrewrite/cobol/internal/grammar/CobolParser.java,org.openrewrite.cobol.internal.grammar.CobolParser,divideByGivingStatement,FEATURE_ENVY,HIGH,"foreign accesses=28, own accesses=10"
src/main/java/org/openrewrite/cobol/internal/grammar/CobolParser.java,org.openrewrite.cobol.internal.grammar.CobolParser,divideGiving,FEATURE_ENVY,MEDIUM,"foreign accesses=12, own accesses=4"
src/main/java/org/openrewrite/cobol/internal/grammar/CobolParser.java,org.openrewrite.cobol.internal.grammar.CobolParser,divideGivingPhrase,FEATURE_ENVY,HIGH,"foreign accesses=26, own accesses=8"
src/main/java/org/openrewrite/cobol/internal/grammar/CobolParser.java,org.openrewrite.cobol.internal.grammar.CobolParser,divideInto,FEATURE_ENVY,MEDIUM,"foreign accesses=12, own accesses=4"
src/main/java/org/openrewrite/cobol/internal/grammar/CobolParser.java,org.openrewrite.cobol.internal.grammar.CobolParser,divideIntoGivingStatement,FEATURE_ENVY,HIGH,"foreign accesses=28, own accesses=10"
src/main/java/org/openrewrite/cobol/internal/grammar/CobolParser.java,org.openrewrite.cobol.internal.grammar.CobolParser,divideIntoStatement,FEATURE_ENVY,HIGH,"foreign accesses=26, own accesses=8"
src/main/java/org/openrewrite/cobol/internal/grammar/CobolParser.java,org.openrewrite.cobol.internal.grammar.CobolParser,divideRemainder,FEATURE_ENVY,MEDIUM,"foreign accesses=14, own accesses=5"
src/main/java/org/openrewrite/cobol/internal/grammar/CobolParser.java,org.openrewrite.cobol.internal.grammar.CobolParser,divideStatement,FEATURE_ENVY,CRITICAL,"foreign accesses=63, own accesses=20"
src/main/java/org/openrewrite/cobol/internal/grammar/CobolParser.java,org.openrewrite.cobol.internal.grammar.CobolParser,enableStatement,FEATURE_ENVY,CRITICAL,"foreign accesses=52, own accesses=24"
src/main/java/org/openrewrite/cobol/internal/grammar/CobolParser.java,org.openrewrite.cobol.internal.grammar.CobolParser,endKeyClause,FEATURE_ENVY,HIGH,"foreign accesses=23, own accesses=9"
src/main/java/org/openrewrite/cobol/internal/grammar/CobolParser.java,org.openrewrite.cobol.internal.grammar.CobolParser,endProgramStatement,FEATURE_ENVY,HIGH,"foreign accesses=18, own accesses=7"
src/main/java/org/openrewrite/cobol/internal/grammar/CobolParser.java,org.openrewrite.cobol.internal.grammar.CobolParser,entryStatement,FEATURE_ENVY,CRITICAL,"foreign accesses=34, own accesses=12"
src/main/java/org/openrewrite/cobol/internal/grammar/CobolParser.java,org.openrewrite.cobol.internal.grammar.CobolParser,environmentDivision,FEATURE_ENVY,HIGH,"foreign accesses=28, own accesses=12"
src/main/java/org/openrewrite/cobol/internal/grammar/CobolParser.java,org.openrewrite.cobol.internal.grammar.CobolParser,environmentName,FEATURE_ENVY,MEDIUM,"foreign accesses=12, own accesses=4"
src/main/java/org/openrewrite/cobol/internal/grammar/CobolParser.java,org.openrewrite.cobol.internal.grammar.CobolParser,environmentSwitchNameSpecialNamesStatusPhrase,FEATURE_ENVY,CRITICAL,"foreign accesses=99, own accesses=41"
src/main/java/org/openrewrite/cobol/internal/grammar/CobolParser.java,org.openrewrite.cobol.internal.grammar.CobolParser,errorKeyClause,FEATURE_ENVY,HIGH,"foreign accesses=23, own accesses=9"
src/main/java/org/openrewrite/cobol/internal/grammar/CobolParser.java,org.openrewrite.cobol.internal.grammar.CobolParser,evaluateAlsoCondition,FEATURE_ENVY,MEDIUM,"foreign accesses=14, own accesses=5"
src/main/java/org/openrewrite/cobol/internal/grammar/CobolParser.java,org.openrewrite.cobol.internal.grammar.CobolParser,evaluateAlsoSelect,FEATURE_ENVY,MEDIUM,"foreign accesses=14, own accesses=5"
src/main/java/org/openrewrite/cobol/internal/grammar/CobolParser.java,org.openrewrite.cobol.internal.grammar.CobolParser,evaluateCondition,FEATURE_ENVY,CRITICAL,"foreign accesses=39, own accesses=15"
src/main/java/org/openrewrite/cobol/internal/grammar/CobolParser.java,org.openrewrite.cobol.internal.grammar.CobolParser,evaluateSelect,FEATURE_ENVY,HIGH,"foreign accesses=25, own accesses=8"
src/main/java/org/openrewrite/cobol/internal/grammar/CobolParser.java,org.openrewrite.cobol.internal.grammar.CobolParser,evaluateStatement,FEATURE_ENVY,CRITICAL,"foreign accesses=59, own accesses=16"
src/main/java/org/openrewrite/cobol/internal/grammar/CobolParser.java,org.openrewrite.cobol.internal.grammar.CobolParser,evaluateThrough,FEATURE_ENVY,HIGH,"foreign accesses=25, own accesses=8"
src/main/java/org/openrewrite/cobol/internal/grammar/CobolParser.java,org.openrewrite.cobol.internal.grammar.CobolParser,evaluateValue,FEATURE_ENVY,HIGH,"foreign accesses=23, own accesses=7"
src/main/java/org/openrewrite/cobol/internal/grammar/CobolParser.java,org.openrewrite.cobol.internal.grammar.CobolParser,evaluateWhen,FEATURE_ENVY,HIGH,"foreign accesses=25, own accesses=9"
src/main/java/org/openrewrite/cobol/internal/grammar/CobolParser.java,org.openrewrite.cobol.internal.grammar.CobolParser,evaluateWhenOther,FEATURE_ENVY,CRITICAL,"foreign accesses=32, own accesses=8"
src/main/java/org/openrewrite/cobol/internal/grammar/CobolParser.java,org.openrewrite.cobol.internal.grammar.CobolParser,evaluateWhenPhrase,FEATURE_ENVY,CRITICAL,"foreign accesses=41, own accesses=10"
src/main/java/org/openrewrite/cobol/internal/grammar/CobolParser.java,org.openrewrite.cobol.internal.grammar.CobolParser,execCicsStatement,FEATURE_ENVY,HIGH,"foreign accesses=25, own accesses=7"
src/main/java/org/openrewrite/cobol/internal/grammar/CobolParser.java,org.openrewrite.cobol.internal.grammar.CobolParser,execSqlImsStatement,FEATURE_ENVY,HIGH,"foreign accesses=25, own accesses=7"
src/main/java/org/openrewrite/cobol/internal/grammar/CobolParser.java,org.openrewrite.cobol.internal.grammar.CobolParser,execSqlStatement,FEATURE_ENVY,HIGH,"foreign accesses=25, own accesses=7"
src/main/java/org/openrewrite/cobol/internal/grammar/CobolParser.java,org.openrewrite.cobol.internal.grammar.CobolParser,exhibitOperand,FEATURE_ENVY,HIGH,"foreign accesses=21, own accesses=6"
src/main/java/org/openrewrite/cobol/internal/grammar/CobolParser.java,org.openrewrite.cobol.internal.grammar.CobolParser,exhibitStatement,FEATURE_ENVY,CRITICAL,"foreign accesses=44, own accesses=12"
src/main/java/org/openrewrite/cobol/internal/grammar/CobolParser.java,org.openrewrite.cobol.internal.grammar.CobolParser,externalClause,FEATURE_ENVY,HIGH,"foreign accesses=20, own accesses=7"
src/main/java/org/openrewrite/cobol/internal/grammar/CobolParser.java,org.openrewrite.cobol.internal.grammar.CobolParser,fileControlClause,FEATURE_ENVY,CRITICAL,"foreign accesses=39, own accesses=15"
src/main/java/org/openrewrite/cobol/internal/grammar/CobolParser.java,org.openrewrite.cobol.internal.grammar.CobolParser,fileControlEntry,FEATURE_ENVY,HIGH,"foreign accesses=23, own accesses=11"
src/main/java/org/openrewrite/cobol/internal/grammar/CobolParser.java,org.openrewrite.cobol.internal.grammar.CobolParser,fileControlParagraph,FEATURE_ENVY,CRITICAL,"foreign accesses=44, own accesses=13"
src/main/java/org/openrewrite/cobol/internal/grammar/CobolParser.java,org.openrewrite.cobol.internal.grammar.CobolParser,fileDescriptionEntry,FEATURE_ENVY,CRITICAL,"foreign accesses=73, own accesses=22"
src/main/java/org/openrewrite/cobol/internal/grammar/CobolParser.java,org.openrewrite.cobol.internal.grammar.CobolParser,fileDescriptionEntryClause,FEATURE_ENVY,CRITICAL,"foreign accesses=39, own accesses=15"
src/main/java/org/openrewrite/cobol/internal/grammar/CobolParser.java,org.openrewrite.cobol.internal.grammar.CobolParser,fileName,FEATURE_ENVY,MEDIUM,"foreign accesses=12, own accesses=4"
src/main/java/org/openrewrite/cobol/internal/grammar/CobolParser.java,org.openrewrite.cobol.internal.grammar.CobolParser,fileSection,FEATURE_ENVY,HIGH,"foreign accesses=28, own accesses=11"
src/main/java/org/openrewrite/cobol/internal/grammar/CobolParser.java,org.openrewrite.cobol.internal.grammar.CobolParser,fileStatusClause,FEATURE_ENVY,CRITICAL,"foreign accesses=36, own accesses=13"
src/main/java/org/openrewrite/cobol/internal/grammar/CobolParser.java,org.openrewrite.cobol.internal.grammar.CobolParser,functionCall,FEATURE_ENVY,CRITICAL,"foreign accesses=39, own accesses=10"
src/main/java/org/openrewrite/cobol/internal/grammar/CobolParser.java,org.openrewrite.cobol.internal.grammar.CobolParser,functionCallArguments,FEATURE_ENVY,CRITICAL,"foreign accesses=33, own accesses=11"
src/main/java/org/openrewrite/cobol/internal/grammar/CobolParser.java,org.openrewrite.cobol.internal.grammar.CobolParser,functionName,FEATURE_ENVY,CRITICAL,"foreign accesses=34, own accesses=10"
src/main/java/org/openrewrite/cobol/internal/grammar/CobolParser.java,org.openrewrite.cobol.internal.grammar.CobolParser,generateStatement,FEATURE_ENVY,MEDIUM,"foreign accesses=14, own accesses=5"
src/main/java/org/openrewrite/cobol/internal/grammar/CobolParser.java,org.openrewrite.cobol.internal.grammar.CobolParser,globalClause,FEATURE_ENVY,HIGH,"foreign accesses=20, own accesses=7"
src/main/java/org/openrewrite/cobol/internal/grammar/CobolParser.java,org.openrewrite.cobol.internal.grammar.CobolParser,goToStatement,FEATURE_ENVY,HIGH,"foreign accesses=29, own accesses=10"
src/main/java/org/openrewrite/cobol/internal/grammar/CobolParser.java,org.openrewrite.cobol.internal.grammar.CobolParser,goToStatementSimple,FEATURE_ENVY,MEDIUM,"foreign accesses=12, own accesses=4"
src/main/java/org/openrewrite/cobol/internal/grammar/CobolParser.java,org.openrewrite.cobol.internal.grammar.CobolParser,gobackStatement,FEATURE_ENVY,MEDIUM,"foreign accesses=13, own accesses=4"
src/main/java/org/openrewrite/cobol/internal/grammar/CobolParser.java,org.openrewrite.cobol.internal.grammar.CobolParser,identificationDivision,FEATURE_ENVY,CRITICAL,"foreign accesses=40, own accesses=19"
src/main/java/org/openrewrite/cobol/internal/grammar/CobolParser.java,org.openrewrite.cobol.internal.grammar.CobolParser,identifier,FEATURE_ENVY,HIGH,"foreign accesses=25, own accesses=8"
src/main/java/org/openrewrite/cobol/internal/grammar/CobolParser.java,org.openrewrite.cobol.internal.grammar.CobolParser,ifElse,FEATURE_ENVY,CRITICAL,"foreign accesses=41, own accesses=10"
src/main/java/org/openrewrite/cobol/internal/grammar/CobolParser.java,org.openrewrite.cobol.internal.grammar.CobolParser,ifStatement,FEATURE_ENVY,CRITICAL,"foreign accesses=32, own accesses=10"
src/main/java/org/openrewrite/cobol/internal/grammar/CobolParser.java,org.openrewrite.cobol.internal.grammar.CobolParser,ifThen,FEATURE_ENVY,CRITICAL,"foreign accesses=46, own accesses=12"
src/main/java/org/openrewrite/cobol/internal/grammar/CobolParser.java,org.openrewrite.cobol.internal.grammar.CobolParser,inData,FEATURE_ENVY,HIGH,"foreign accesses=25, own accesses=8"
src/main/java/org/openrewrite/cobol/internal/grammar/CobolParser.java,org.openrewrite.cobol.internal.grammar.CobolParser,inFile,FEATURE_ENVY,HIGH,"foreign accesses=25, own accesses=8"
src/main/java/org/openrewrite/cobol/internal/grammar/CobolParser.java,org.openrewrite.cobol.internal.grammar.CobolParser,inLibrary,FEATURE_ENVY,HIGH,"foreign accesses=25, own accesses=8"
src/main/java/org/openrewrite/cobol/internal/grammar/CobolParser.java,org.openrewrite.cobol.internal.grammar.CobolParser,inMnemonic,FEATURE_ENVY,HIGH,"foreign accesses=25, own accesses=8"
src/main/java/org/openrewrite/cobol/internal/grammar/CobolParser.java,org.openrewrite.cobol.internal.grammar.CobolParser,inSection,FEATURE_ENVY,HIGH,"foreign accesses=25, own accesses=8"
src/main/java/org/openrewrite/cobol/internal/grammar/CobolParser.java,org.openrewrite.cobol.internal.grammar.CobolParser,inTable,FEATURE_ENVY,HIGH,"foreign accesses=25, own accesses=8"
src/main/java/org/openrewrite/cobol/internal/grammar/CobolParser.java,org.openrewrite.cobol.internal.grammar.CobolParser,indexName,FEATURE_ENVY,MEDIUM,"foreign accesses=12, own accesses=4"
src/main/java/org/openrewrite/cobol/internal/grammar/CobolParser.java,org.openrewrite.cobol.internal.grammar.CobolParser,initializeReplacingBy,FEATURE_ENVY,CRITICAL,"foreign accesses=42, own accesses=14"
src/main/java/org/openrewrite/cobol/internal/grammar/CobolParser.java,org.openrewrite.cobol.internal.grammar.CobolParser,initializeReplacingPhrase,FEATURE_ENVY,HIGH,"foreign accesses=26, own accesses=8"
src/main/java/org/openrewrite/cobol/internal/grammar/CobolParser.java,org.openrewrite.cobol.internal.grammar.CobolParser,initializeStatement,FEATURE_ENVY,CRITICAL,"foreign accesses=32, own accesses=11"
src/main/java/org/openrewrite/cobol/internal/grammar/CobolParser.java,org.openrewrite.cobol.internal.grammar.CobolParser,initiateStatement,FEATURE_ENVY,HIGH,"foreign accesses=26, own accesses=8"
src/main/java/org/openrewrite/cobol/internal/grammar/CobolParser.java,org.openrewrite.cobol.internal.grammar.CobolParser,inputOutputSection,FEATURE_ENVY,HIGH,"foreign accesses=28, own accesses=13"
src/main/java/org/openrewrite/cobol/internal/grammar/CobolParser.java,org.openrewrite.cobol.internal.grammar.CobolParser,inspectAllLeading,FEATURE_ENVY,CRITICAL,"foreign accesses=31, own accesses=11"
src/main/java/org/openrewrite/cobol/internal/grammar/CobolParser.java,org.openrewrite.cobol.internal.grammar.CobolParser,inspectAllLeadings,FEATURE_ENVY,CRITICAL,"foreign accesses=37, own accesses=11"
src/main/java/org/openrewrite/cobol/internal/grammar/CobolParser.java,org.openrewrite.cobol.internal.grammar.CobolParser,inspectBeforeAfter,FEATURE_ENVY,CRITICAL,"foreign accesses=40, own accesses=13"
src/main/java/org/openrewrite/cobol/internal/grammar/CobolParser.java,org.openrewrite.cobol.internal.grammar.CobolParser,inspectBy,FEATURE_ENVY,HIGH,"foreign accesses=22, own accesses=7"
src/main/java/org/openrewrite/cobol/internal/grammar/CobolParser.java,org.openrewrite.cobol.internal.grammar.CobolParser,inspectCharacters,FEATURE_ENVY,CRITICAL,"foreign accesses=35, own accesses=12"
src/main/java/org/openrewrite/cobol/internal/grammar/CobolParser.java,org.openrewrite.cobol.internal.grammar.CobolParser,inspectConvertingPhrase,FEATURE_ENVY,CRITICAL,"foreign accesses=34, own accesses=13"
src/main/java/org/openrewrite/cobol/internal/grammar/CobolParser.java,org.openrewrite.cobol.internal.grammar.CobolParser,inspectReplacingAllLeading,FEATURE_ENVY,CRITICAL,"foreign accesses=32, own accesses=12"
src/main/java/org/openrewrite/cobol/internal/grammar/CobolParser.java,org.openrewrite.cobol.internal.grammar.CobolParser,inspectReplacingAllLeadings,FEATURE_ENVY,CRITICAL,"foreign accesses=37, own accesses=12"
src/main/java/org/openrewrite/cobol/internal/grammar/CobolParser.java,org.openrewrite.cobol.internal.grammar.CobolParser,inspectReplacingCharacters,FEATURE_ENVY,CRITICAL,"foreign accesses=36, own accesses=13"
src/main/java/org/openrewrite/cobol/internal/grammar/CobolParser.java,org.openrewrite.cobol.internal.grammar.CobolParser,inspectStatement,FEATURE_ENVY,HIGH,"foreign accesses=25, own accesses=10"
src/main/java/org/openrewrite/cobol/internal/grammar/CobolParser.java,org.openrewrite.cobol.internal.grammar.CobolParser,inspectTallyingPhrase,FEATURE_ENVY,HIGH,"foreign accesses=26, own accesses=8"
src/main/java/org/openrewrite/cobol/internal/grammar/CobolParser.java,org.openrewrite.cobol.internal.grammar.CobolParser,inspectTallyingReplacingPhrase,FEATURE_ENVY,CRITICAL,"foreign accesses=35, own accesses=11"
src/main/java/org/openrewrite/cobol/internal/grammar/CobolParser.java,org.openrewrite.cobol.internal.grammar.CobolParser,inspectTo,FEATURE_ENVY,HIGH,"foreign accesses=22, own accesses=7"
src/main/java/org/openrewrite/cobol/internal/grammar/CobolParser.java,org.openrewrite.cobol.internal.grammar.CobolParser,installationParagraph,FEATURE_ENVY,HIGH,"foreign accesses=21, own accesses=8"
src/main/java/org/openrewrite/cobol/internal/grammar/CobolParser.java,org.openrewrite.cobol.internal.grammar.CobolParser,integerLiteral,FEATURE_ENVY,HIGH,"foreign accesses=24, own accesses=5"
src/main/java/org/openrewrite/cobol/internal/grammar/CobolParser.java,org.openrewrite.cobol.internal.grammar.CobolParser,invalidKeyPhrase,FEATURE_ENVY,CRITICAL,"foreign accesses=37, own accesses=10"
src/main/java/org/openrewrite/cobol/internal/grammar/CobolParser.java,org.openrewrite.cobol.internal.grammar.CobolParser,ioControlParagraph,FEATURE_ENVY,CRITICAL,"foreign accesses=45, own accesses=17"
src/main/java/org/openrewrite/cobol/internal/grammar/CobolParser.java,org.openrewrite.cobol.internal.grammar.CobolParser,languageName,FEATURE_ENVY,MEDIUM,"foreign accesses=12, own accesses=4"
src/main/java/org/openrewrite/cobol/internal/grammar/CobolParser.java,org.openrewrite.cobol.internal.grammar.CobolParser,length,FEATURE_ENVY,MEDIUM,"foreign accesses=12, own accesses=4"
src/main/java/org/openrewrite/cobol/internal/grammar/CobolParser.java,org.openrewrite.cobol.internal.grammar.CobolParser,libraryAttributeClauseFormat1,FEATURE_ENVY,CRITICAL,"foreign accesses=40, own accesses=16"
src/main/java/org/openrewrite/cobol/internal/grammar/CobolParser.java,org.openrewrite.cobol.internal.grammar.CobolParser,libraryAttributeClauseFormat2,FEATURE_ENVY,CRITICAL,"foreign accesses=58, own accesses=23"
src/main/java/org/openrewrite/cobol/internal/grammar/CobolParser.java,org.openrewrite.cobol.internal.grammar.CobolParser,libraryAttributeFunction,FEATURE_ENVY,HIGH,"foreign accesses=16, own accesses=6"
src/main/java/org/openrewrite/cobol/internal/grammar/CobolParser.java,org.openrewrite.cobol.internal.grammar.CobolParser,libraryAttributeParameter,FEATURE_ENVY,HIGH,"foreign accesses=21, own accesses=8"
src/main/java/org/openrewrite/cobol/internal/grammar/CobolParser.java,org.openrewrite.cobol.internal.grammar.CobolParser,libraryAttributeTitle,FEATURE_ENVY,HIGH,"foreign accesses=21, own accesses=8"
src/main/java/org/openrewrite/cobol/internal/grammar/CobolParser.java,org.openrewrite.cobol.internal.grammar.CobolParser,libraryDescriptionEntry,FEATURE_ENVY,HIGH,"foreign accesses=19, own accesses=9"
src/main/java/org/openrewrite/cobol/internal/grammar/CobolParser.java,org.openrewrite.cobol.internal.grammar.CobolParser,libraryDescriptionEntryFormat1,FEATURE_ENVY,HIGH,"foreign accesses=28, own accesses=12"
src/main/java/org/openrewrite/cobol/internal/grammar/CobolParser.java,org.openrewrite.cobol.internal.grammar.CobolParser,libraryDescriptionEntryFormat2,FEATURE_ENVY,CRITICAL,"foreign accesses=47, own accesses=22"
src/main/java/org/openrewrite/cobol/internal/grammar/CobolParser.java,org.openrewrite.cobol.internal.grammar.CobolParser,libraryEntryProcedureClauseFormat1,FEATURE_ENVY,HIGH,"foreign accesses=20, own accesses=8"
src/main/java/org/openrewrite/cobol/internal/grammar/CobolParser.java,org.openrewrite.cobol.internal.grammar.CobolParser,libraryEntryProcedureClauseFormat2,FEATURE_ENVY,CRITICAL,"foreign accesses=38, own accesses=17"
src/main/java/org/openrewrite/cobol/internal/grammar/CobolParser.java,org.openrewrite.cobol.internal.grammar.CobolParser,libraryEntryProcedureForClause,FEATURE_ENVY,MEDIUM,"foreign accesses=14, own accesses=5"
src/main/java/org/openrewrite/cobol/internal/grammar/CobolParser.java,org.openrewrite.cobol.internal.grammar.CobolParser,libraryEntryProcedureGivingClause,FEATURE_ENVY,MEDIUM,"foreign accesses=14, own accesses=5"
src/main/java/org/openrewrite/cobol/internal/grammar/CobolParser.java,org.openrewrite.cobol.internal.grammar.CobolParser,libraryEntryProcedureUsingClause,FEATURE_ENVY,HIGH,"foreign accesses=26, own accesses=8"
src/main/java/org/openrewrite/cobol/internal/grammar/CobolParser.java,org.openrewrite.cobol.internal.grammar.CobolParser,libraryEntryProcedureUsingName,FEATURE_ENVY,HIGH,"foreign accesses=21, own accesses=6"
src/main/java/org/openrewrite/cobol/internal/grammar/CobolParser.java,org.openrewrite.cobol.internal.grammar.CobolParser,libraryEntryProcedureWithClause,FEATURE_ENVY,HIGH,"foreign accesses=26, own accesses=8"
src/main/java/org/openrewrite/cobol/internal/grammar/CobolParser.java,org.openrewrite.cobol.internal.grammar.CobolParser,libraryEntryProcedureWithName,FEATURE_ENVY,HIGH,"foreign accesses=21, own accesses=6"
src/main/java/org/openrewrite/cobol/internal/grammar/CobolParser.java,org.openrewrite.cobol.internal.grammar.CobolParser,libraryIsCommonClause,FEATURE_ENVY,HIGH,"foreign accesses=20, own accesses=7"
src/main/java/org/openrewrite/cobol/internal/grammar/CobolParser.java,org.openrewrite.cobol.internal.grammar.CobolParser,libraryIsGlobalClause,FEATURE_ENVY,HIGH,"foreign accesses=20, own accesses=7"
src/main/java/org/openrewrite/cobol/internal/grammar/CobolParser.java,org.openrewrite.cobol.internal.grammar.CobolParser,libraryName,FEATURE_ENVY,MEDIUM,"foreign accesses=12, own accesses=4"
src/main/java/org/openrewrite/cobol/internal/grammar/CobolParser.java,org.openrewrite.cobol.internal.grammar.CobolParser,linageAt,FEATURE_ENVY,HIGH,"foreign accesses=23, own accesses=7"
src/main/java/org/openrewrite/cobol/internal/grammar/CobolParser.java,org.openrewrite.cobol.internal.grammar.CobolParser,linkageSection,FEATURE_ENVY,HIGH,"foreign accesses=28, own accesses=9"
src/main/java/org/openrewrite/cobol/internal/grammar/CobolParser.java,org.openrewrite.cobol.internal.grammar.CobolParser,literal,FEATURE_ENVY,HIGH,"foreign accesses=30, own accesses=10"
src/main/java/org/openrewrite/cobol/internal/grammar/CobolParser.java,org.openrewrite.cobol.internal.grammar.CobolParser,localName,FEATURE_ENVY,MEDIUM,"foreign accesses=12, own accesses=4"
src/main/java/org/openrewrite/cobol/internal/grammar/CobolParser.java,org.openrewrite.cobol.internal.grammar.CobolParser,localStorageSection,FEATURE_ENVY,CRITICAL,"foreign accesses=38, own accesses=14"
src/main/java/org/openrewrite/cobol/internal/grammar/CobolParser.java,org.openrewrite.cobol.internal.grammar.CobolParser,mergeCollatingAlphanumeric,FEATURE_ENVY,HIGH,"foreign accesses=23, own accesses=9"
src/main/java/org/openrewrite/cobol/internal/grammar/CobolParser.java,org.openrewrite.cobol.internal.grammar.CobolParser,mergeCollatingNational,FEATURE_ENVY,HIGH,"foreign accesses=28, own accesses=11"
src/main/java/org/openrewrite/cobol/internal/grammar/CobolParser.java,org.openrewrite.cobol.internal.grammar.CobolParser,mergeCollatingSequencePhrase,FEATURE_ENVY,CRITICAL,"foreign accesses=56, own accesses=18"
src/main/java/org/openrewrite/cobol/internal/grammar/CobolParser.java,org.openrewrite.cobol.internal.grammar.CobolParser,mergeGiving,FEATURE_ENVY,CRITICAL,"foreign accesses=37, own accesses=14"
src/main/java/org/openrewrite/cobol/internal/grammar/CobolParser.java,org.openrewrite.cobol.internal.grammar.CobolParser,mergeGivingPhrase,FEATURE_ENVY,HIGH,"foreign accesses=26, own accesses=8"
src/main/java/org/openrewrite/cobol/internal/grammar/CobolParser.java,org.openrewrite.cobol.internal.grammar.CobolParser,mergeOnKeyClause,FEATURE_ENVY,CRITICAL,"foreign accesses=51, own accesses=17"
src/main/java/org/openrewrite/cobol/internal/grammar/CobolParser.java,org.openrewrite.cobol.internal.grammar.CobolParser,mergeOutputProcedurePhrase,FEATURE_ENVY,HIGH,"foreign accesses=29, own accesses=13"
src/main/java/org/openrewrite/cobol/internal/grammar/CobolParser.java,org.openrewrite.cobol.internal.grammar.CobolParser,mergeOutputThrough,FEATURE_ENVY,HIGH,"foreign accesses=25, own accesses=8"
src/main/java/org/openrewrite/cobol/internal/grammar/CobolParser.java,org.openrewrite.cobol.internal.grammar.CobolParser,mergeStatement,FEATURE_ENVY,CRITICAL,"foreign accesses=61, own accesses=24"
src/main/java/org/openrewrite/cobol/internal/grammar/CobolParser.java,org.openrewrite.cobol.internal.grammar.CobolParser,mergeUsing,FEATURE_ENVY,HIGH,"foreign accesses=26, own accesses=8"
src/main/java/org/openrewrite/cobol/internal/grammar/CobolParser.java,org.openrewrite.cobol.internal.grammar.CobolParser,messageCountClause,FEATURE_ENVY,HIGH,"foreign accesses=28, own accesses=11"
src/main/java/org/openrewrite/cobol/internal/grammar/CobolParser.java,org.openrewrite.cobol.internal.grammar.CobolParser,messageDateClause,FEATURE_ENVY,HIGH,"foreign accesses=23, own accesses=9"
src/main/java/org/openrewrite/cobol/internal/grammar/CobolParser.java,org.openrewrite.cobol.internal.grammar.CobolParser,messageTimeClause,FEATURE_ENVY,HIGH,"foreign accesses=23, own accesses=9"
src/main/java/org/openrewrite/cobol/internal/grammar/CobolParser.java,org.openrewrite.cobol.internal.grammar.CobolParser,mnemonicName,FEATURE_ENVY,MEDIUM,"foreign accesses=12, own accesses=4"
src/main/java/org/openrewrite/cobol/internal/grammar/CobolParser.java,org.openrewrite.cobol.internal.grammar.CobolParser,modeStatement,FEATURE_ENVY,MEDIUM,"foreign accesses=12, own accesses=4"
src/main/java/org/openrewrite/cobol/internal/grammar/CobolParser.java,org.openrewrite.cobol.internal.grammar.CobolParser,moveCorrespondingToSendingArea,FEATURE_ENVY,MEDIUM,"foreign accesses=12, own accesses=4"
src/main/java/org/openrewrite/cobol/internal/grammar/CobolParser.java,org.openrewrite.cobol.internal.grammar.CobolParser,moveCorrespondingToStatement,FEATURE_ENVY,CRITICAL,"foreign accesses=40, own accesses=13"
src/main/java/org/openrewrite/cobol/internal/grammar/CobolParser.java,org.openrewrite.cobol.internal.grammar.CobolParser,moveToSendingArea,FEATURE_ENVY,HIGH,"foreign accesses=21, own accesses=6"
src/main/java/org/openrewrite/cobol/internal/grammar/CobolParser.java,org.openrewrite.cobol.internal.grammar.CobolParser,moveToStatement,FEATURE_ENVY,HIGH,"foreign accesses=27, own accesses=9"
src/main/java/org/openrewrite/cobol/internal/grammar/CobolParser.java,org.openrewrite.cobol.internal.grammar.CobolParser,multDiv,FEATURE_ENVY,HIGH,"foreign accesses=25, own accesses=8"
src/main/java/org/openrewrite/cobol/internal/grammar/CobolParser.java,org.openrewrite.cobol.internal.grammar.CobolParser,multDivs,FEATURE_ENVY,HIGH,"foreign accesses=23, own accesses=9"
src/main/java/org/openrewrite/cobol/internal/grammar/CobolParser.java,org.openrewrite.cobol.internal.grammar.CobolParser,multipleFileClause,FEATURE_ENVY,CRITICAL,"foreign accesses=42, own accesses=15"
src/main/java/org/openrewrite/cobol/internal/grammar/CobolParser.java,org.openrewrite.cobol.internal.grammar.CobolParser,multipleFilePosition,FEATURE_ENVY,HIGH,"foreign accesses=20, own accesses=8"
src/main/java/org/openrewrite/cobol/internal/grammar/CobolParser.java,org.openrewrite.cobol.internal.grammar.CobolParser,multiplyGiving,FEATURE_ENVY,HIGH,"foreign accesses=27, own accesses=9"
src/main/java/org/openrewrite/cobol/internal/grammar/CobolParser.java,org.openrewrite.cobol.internal.grammar.CobolParser,multiplyGivingOperand,FEATURE_ENVY,HIGH,"foreign accesses=21, own accesses=6"
src/main/java/org/openrewrite/cobol/internal/grammar/CobolParser.java,org.openrewrite.cobol.internal.grammar.CobolParser,multiplyGivingResult,FEATURE_ENVY,MEDIUM,"foreign accesses=12, own accesses=4"
src/main/java/org/openrewrite/cobol/internal/grammar/CobolParser.java,org.openrewrite.cobol.internal.grammar.CobolParser,multiplyRegular,FEATURE_ENVY,HIGH,"foreign accesses=24, own accesses=7"
src/main/java/org/openrewrite/cobol/internal/grammar/CobolParser.java,org.openrewrite.cobol.internal.grammar.CobolParser,multiplyRegularOperand,FEATURE_ENVY,MEDIUM,"foreign accesses=12, own accesses=4"
src/main/java/org/openrewrite/cobol/internal/grammar/CobolParser.java,org.openrewrite.cobol.internal.grammar.CobolParser,multiplyStatement,FEATURE_ENVY,CRITICAL,"foreign accesses=58, own accesses=17"
src/main/java/org/openrewrite/cobol/internal/grammar/CobolParser.java,org.openrewrite.cobol.internal.grammar.CobolParser,nextSentenceStatement,FEATURE_ENVY,HIGH,"foreign accesses=15, own accesses=5"
src/main/java/org/openrewrite/cobol/internal/grammar/CobolParser.java,org.openrewrite.cobol.internal.grammar.CobolParser,notAtEndPhrase,FEATURE_ENVY,CRITICAL,"foreign accesses=39, own accesses=11"
src/main/java/org/openrewrite/cobol/internal/grammar/CobolParser.java,org.openrewrite.cobol.internal.grammar.CobolParser,notInvalidKeyPhrase,FEATURE_ENVY,CRITICAL,"foreign accesses=39, own accesses=11"
src/main/java/org/openrewrite/cobol/internal/grammar/CobolParser.java,org.openrewrite.cobol.internal.grammar.CobolParser,notOnExceptionClause,FEATURE_ENVY,CRITICAL,"foreign accesses=39, own accesses=11"
src/main/java/org/openrewrite/cobol/internal/grammar/CobolParser.java,org.openrewrite.cobol.internal.grammar.CobolParser,notOnOverflowPhrase,FEATURE_ENVY,CRITICAL,"foreign accesses=39, own accesses=11"
src/main/java/org/openrewrite/cobol/internal/grammar/CobolParser.java,org.openrewrite.cobol.internal.grammar.CobolParser,notOnSizeErrorPhrase,FEATURE_ENVY,CRITICAL,"foreign accesses=41, own accesses=12"
src/main/java/org/openrewrite/cobol/internal/grammar/CobolParser.java,org.openrewrite.cobol.internal.grammar.CobolParser,odtClause,FEATURE_ENVY,HIGH,"foreign accesses=21, own accesses=8"
src/main/java/org/openrewrite/cobol/internal/grammar/CobolParser.java,org.openrewrite.cobol.internal.grammar.CobolParser,onExceptionClause,FEATURE_ENVY,CRITICAL,"foreign accesses=37, own accesses=10"
src/main/java/org/openrewrite/cobol/internal/grammar/CobolParser.java,org.openrewrite.cobol.internal.grammar.CobolParser,onOverflowPhrase,FEATURE_ENVY,CRITICAL,"foreign accesses=37, own accesses=10"
src/main/java/org/openrewrite/cobol/internal/grammar/CobolParser.java,org.openrewrite.cobol.internal.grammar.CobolParser,onSizeErrorPhrase,FEATURE_ENVY,CRITICAL,"foreign accesses=39, own accesses=11"
src/main/java/org/openrewrite/cobol/internal/grammar/CobolParser.java,org.openrewrite.cobol.internal.grammar.CobolParser,openExtendStatement,FEATURE_ENVY,HIGH,"foreign accesses=26, own accesses=8"
src/main/java/org/openrewrite/cobol/internal/grammar/CobolParser.java,org.openrewrite.cobol.internal.grammar.CobolParser,openIOStatement,FEATURE_ENVY,HIGH,"foreign accesses=26, own accesses=8"
src/main/java/org/openrewrite/cobol/internal/grammar/CobolParser.java,org.openrewrite.cobol.internal.grammar.CobolParser,openInput,FEATURE_ENVY,CRITICAL,"foreign accesses=32, own accesses=11"
src/main/java/org/openrewrite/cobol/internal/grammar/CobolParser.java,org.openrewrite.cobol.internal.grammar.CobolParser,openInputStatement,FEATURE_ENVY,HIGH,"foreign accesses=26, own accesses=8"
src/main/java/org/openrewrite/cobol/internal/grammar/CobolParser.java,org.openrewrite.cobol.internal.grammar.CobolParser,openOutput,FEATURE_ENVY,HIGH,"foreign accesses=30, own accesses=10"
src/main/java/org/openrewrite/cobol/internal/grammar/CobolParser.java,org.openrewrite.cobol.internal.grammar.CobolParser,openOutputStatement,FEATURE_ENVY,HIGH,"foreign accesses=26, own accesses=8"
src/main/java/org/openrewrite/cobol/internal/grammar/CobolParser.java,org.openrewrite.cobol.internal.grammar.CobolParser,organizationClause,FEATURE_ENVY,CRITICAL,"foreign accesses=55, own accesses=20"
src/main/java/org/openrewrite/cobol/internal/grammar/CobolParser.java,org.openrewrite.cobol.internal.grammar.CobolParser,paddingCharacterClause,FEATURE_ENVY,CRITICAL,"foreign accesses=36, own accesses=13"
src/main/java/org/openrewrite/cobol/internal/grammar/CobolParser.java,org.openrewrite.cobol.internal.grammar.CobolParser,paragraph,FEATURE_ENVY,CRITICAL,"foreign accesses=46, own accesses=11"
src/main/java/org/openrewrite/cobol/internal/grammar/CobolParser.java,org.openrewrite.cobol.internal.grammar.CobolParser,paragraphs,FEATURE_ENVY,CRITICAL,"foreign accesses=45, own accesses=9"
src/main/java/org/openrewrite/cobol/internal/grammar/CobolParser.java,org.openrewrite.cobol.internal.grammar.CobolParser,passwordClause,FEATURE_ENVY,HIGH,"foreign accesses=21, own accesses=8"
src/main/java/org/openrewrite/cobol/internal/grammar/CobolParser.java,org.openrewrite.cobol.internal.grammar.CobolParser,performAfter,FEATURE_ENVY,MEDIUM,"foreign accesses=14, own accesses=5"
src/main/java/org/openrewrite/cobol/internal/grammar/CobolParser.java,org.openrewrite.cobol.internal.grammar.CobolParser,performBy,FEATURE_ENVY,HIGH,"foreign accesses=23, own accesses=8"
src/main/java/org/openrewrite/cobol/internal/grammar/CobolParser.java,org.openrewrite.cobol.internal.grammar.CobolParser,performFrom,FEATURE_ENVY,HIGH,"foreign accesses=23, own accesses=8"
src/main/java/org/openrewrite/cobol/internal/grammar/CobolParser.java,org.openrewrite.cobol.internal.grammar.CobolParser,performInlineStatement,FEATURE_ENVY,CRITICAL,"foreign accesses=32, own accesses=9"
src/main/java/org/openrewrite/cobol/internal/grammar/CobolParser.java,org.openrewrite.cobol.internal.grammar.CobolParser,performProcedureStatement,FEATURE_ENVY,CRITICAL,"foreign accesses=39, own accesses=14"
src/main/java/org/openrewrite/cobol/internal/grammar/CobolParser.java,org.openrewrite.cobol.internal.grammar.CobolParser,performStatement,FEATURE_ENVY,HIGH,"foreign accesses=22, own accesses=7"
src/main/java/org/openrewrite/cobol/internal/grammar/CobolParser.java,org.openrewrite.cobol.internal.grammar.CobolParser,performTestClause,FEATURE_ENVY,CRITICAL,"foreign accesses=33, own accesses=11"
src/main/java/org/openrewrite/cobol/internal/grammar/CobolParser.java,org.openrewrite.cobol.internal.grammar.CobolParser,performTimes,FEATURE_ENVY,HIGH,"foreign accesses=22, own accesses=7"
src/main/java/org/openrewrite/cobol/internal/grammar/CobolParser.java,org.openrewrite.cobol.internal.grammar.CobolParser,performType,FEATURE_ENVY,HIGH,"foreign accesses=23, own accesses=7"
src/main/java/org/openrewrite/cobol/internal/grammar/CobolParser.java,org.openrewrite.cobol.internal.grammar.CobolParser,performUntil,FEATURE_ENVY,HIGH,"foreign accesses=20, own accesses=9"
src/main/java/org/openrewrite/cobol/internal/grammar/CobolParser.java,org.openrewrite.cobol.internal.grammar.CobolParser,performVarying,FEATURE_ENVY,HIGH,"foreign accesses=28, own accesses=13"
src/main/java/org/openrewrite/cobol/internal/grammar/CobolParser.java,org.openrewrite.cobol.internal.grammar.CobolParser,performVaryingClause,FEATURE_ENVY,HIGH,"foreign accesses=25, own accesses=9"
src/main/java/org/openrewrite/cobol/internal/grammar/CobolParser.java,org.openrewrite.cobol.internal.grammar.CobolParser,performVaryingPhrase,FEATURE_ENVY,HIGH,"foreign accesses=23, own accesses=9"
src/main/java/org/openrewrite/cobol/internal/grammar/CobolParser.java,org.openrewrite.cobol.internal.grammar.CobolParser,picture,FEATURE_ENVY,CRITICAL,"foreign accesses=32, own accesses=9"
src/main/java/org/openrewrite/cobol/internal/grammar/CobolParser.java,org.openrewrite.cobol.internal.grammar.CobolParser,pictureCardinality,FEATURE_ENVY,HIGH,"foreign accesses=16, own accesses=6"
src/main/java/org/openrewrite/cobol/internal/grammar/CobolParser.java,org.openrewrite.cobol.internal.grammar.CobolParser,pictureString,FEATURE_ENVY,HIGH,"foreign accesses=24, own accesses=7"
src/main/java/org/openrewrite/cobol/internal/grammar/CobolParser.java,org.openrewrite.cobol.internal.grammar.CobolParser,plusMinus,FEATURE_ENVY,HIGH,"foreign accesses=25, own accesses=8"
src/main/java/org/openrewrite/cobol/internal/grammar/CobolParser.java,org.openrewrite.cobol.internal.grammar.CobolParser,power,FEATURE_ENVY,MEDIUM,"foreign accesses=14, own accesses=5"
src/main/java/org/openrewrite/cobol/internal/grammar/CobolParser.java,org.openrewrite.cobol.internal.grammar.CobolParser,powers,FEATURE_ENVY,CRITICAL,"foreign accesses=41, own accesses=15"
src/main/java/org/openrewrite/cobol/internal/grammar/CobolParser.java,org.openrewrite.cobol.internal.grammar.CobolParser,procedureDeclarative,FEATURE_ENVY,HIGH,"foreign accesses=18, own accesses=8"
src/main/java/org/openrewrite/cobol/internal/grammar/CobolParser.java,org.openrewrite.cobol.internal.grammar.CobolParser,procedureDeclaratives,FEATURE_ENVY,CRITICAL,"foreign accesses=32, own accesses=11"
src/main/java/org/openrewrite/cobol/internal/grammar/CobolParser.java,org.openrewrite.cobol.internal.grammar.CobolParser,procedureDivisionBody,FEATURE_ENVY,HIGH,"foreign accesses=23, own accesses=7"
src/main/java/org/openrewrite/cobol/internal/grammar/CobolParser.java,org.openrewrite.cobol.internal.grammar.CobolParser,procedureDivisionByReferencePhrase,FEATURE_ENVY,CRITICAL,"foreign accesses=38, own accesses=14"
src/main/java/org/openrewrite/cobol/internal/grammar/CobolParser.java,org.openrewrite.cobol.internal.grammar.CobolParser,procedureDivisionByValue,FEATURE_ENVY,HIGH,"foreign accesses=24, own accesses=7"
src/main/java/org/openrewrite/cobol/internal/grammar/CobolParser.java,org.openrewrite.cobol.internal.grammar.CobolParser,procedureDivisionByValuePhrase,FEATURE_ENVY,CRITICAL,"foreign accesses=33, own accesses=11"
src/main/java/org/openrewrite/cobol/internal/grammar/CobolParser.java,org.openrewrite.cobol.internal.grammar.CobolParser,procedureDivisionGivingClause,FEATURE_ENVY,HIGH,"foreign accesses=25, own accesses=8"
src/main/java/org/openrewrite/cobol/internal/grammar/CobolParser.java,org.openrewrite.cobol.internal.grammar.CobolParser,procedureDivisionUsingClause,FEATURE_ENVY,CRITICAL,"foreign accesses=35, own accesses=10"
src/main/java/org/openrewrite/cobol/internal/grammar/CobolParser.java,org.openrewrite.cobol.internal.grammar.CobolParser,procedureDivisionUsingParameter,FEATURE_ENVY,HIGH,"foreign accesses=21, own accesses=6"
src/main/java/org/openrewrite/cobol/internal/grammar/CobolParser.java,org.openrewrite.cobol.internal.grammar.CobolParser,procedureName,FEATURE_ENVY,HIGH,"foreign accesses=27, own accesses=10"
src/main/java/org/openrewrite/cobol/internal/grammar/CobolParser.java,org.openrewrite.cobol.internal.grammar.CobolParser,procedureSection,FEATURE_ENVY,HIGH,"foreign accesses=15, own accesses=6"
src/main/java/org/openrewrite/cobol/internal/grammar/CobolParser.java,org.openrewrite.cobol.internal.grammar.CobolParser,procedureSectionHeader,FEATURE_ENVY,HIGH,"foreign accesses=20, own accesses=7"
src/main/java/org/openrewrite/cobol/internal/grammar/CobolParser.java,org.openrewrite.cobol.internal.grammar.CobolParser,programIdParagraph,FEATURE_ENVY,CRITICAL,"foreign accesses=61, own accesses=29"
src/main/java/org/openrewrite/cobol/internal/grammar/CobolParser.java,org.openrewrite.cobol.internal.grammar.CobolParser,programLibrarySection,FEATURE_ENVY,HIGH,"foreign accesses=28, own accesses=11"
src/main/java/org/openrewrite/cobol/internal/grammar/CobolParser.java,org.openrewrite.cobol.internal.grammar.CobolParser,programUnit,FEATURE_ENVY,CRITICAL,"foreign accesses=55, own accesses=18"
src/main/java/org/openrewrite/cobol/internal/grammar/CobolParser.java,org.openrewrite.cobol.internal.grammar.CobolParser,purgeStatement,FEATURE_ENVY,HIGH,"foreign accesses=26, own accesses=8"
src/main/java/org/openrewrite/cobol/internal/grammar/CobolParser.java,org.openrewrite.cobol.internal.grammar.CobolParser,qualifiedDataName,FEATURE_ENVY,HIGH,"foreign accesses=25, own accesses=8"
src/main/java/org/openrewrite/cobol/internal/grammar/CobolParser.java,org.openrewrite.cobol.internal.grammar.CobolParser,qualifiedDataNameFormat1,FEATURE_ENVY,CRITICAL,"foreign accesses=49, own accesses=14"
src/main/java/org/openrewrite/cobol/internal/grammar/CobolParser.java,org.openrewrite.cobol.internal.grammar.CobolParser,qualifiedDataNameFormat2,FEATURE_ENVY,MEDIUM,"foreign accesses=13, own accesses=5"
src/main/java/org/openrewrite/cobol/internal/grammar/CobolParser.java,org.openrewrite.cobol.internal.grammar.CobolParser,qualifiedDataNameFormat3,FEATURE_ENVY,MEDIUM,"foreign accesses=13, own accesses=5"
src/main/java/org/openrewrite/cobol/internal/grammar/CobolParser.java,org.openrewrite.cobol.internal.grammar.CobolParser,qualifiedDataNameFormat4,FEATURE_ENVY,MEDIUM,"foreign accesses=14, own accesses=5"
src/main/java/org/openrewrite/cobol/internal/grammar/CobolParser.java,org.openrewrite.cobol.internal.grammar.CobolParser,qualifiedInData,FEATURE_ENVY,HIGH,"foreign accesses=21, own accesses=6"
src/main/java/org/openrewrite/cobol/internal/grammar/CobolParser.java,org.openrewrite.cobol.internal.grammar.CobolParser,readInto,FEATURE_ENVY,MEDIUM,"foreign accesses=14, own accesses=5"
src/main/java/org/openrewrite/cobol/internal/grammar/CobolParser.java,org.openrewrite.cobol.internal.grammar.CobolParser,readKey,FEATURE_ENVY,HIGH,"foreign accesses=21, own accesses=8"
src/main/java/org/openrewrite/cobol/internal/grammar/CobolParser.java,org.openrewrite.cobol.internal.grammar.CobolParser,readStatement,FEATURE_ENVY,CRITICAL,"foreign accesses=91, own accesses=28"
src/main/java/org/openrewrite/cobol/internal/grammar/CobolParser.java,org.openrewrite.cobol.internal.grammar.CobolParser,readWith,FEATURE_ENVY,CRITICAL,"foreign accesses=40, own accesses=17"
src/main/java/org/openrewrite/cobol/internal/grammar/CobolParser.java,org.openrewrite.cobol.internal.grammar.CobolParser,receiveBefore,FEATURE_ENVY,CRITICAL,"foreign accesses=31, own accesses=9"
src/main/java/org/openrewrite/cobol/internal/grammar/CobolParser.java,org.openrewrite.cobol.internal.grammar.CobolParser,receiveFrom,FEATURE_ENVY,HIGH,"foreign accesses=29, own accesses=14"
src/main/java/org/openrewrite/cobol/internal/grammar/CobolParser.java,org.openrewrite.cobol.internal.grammar.CobolParser,receiveIntoStatement,FEATURE_ENVY,CRITICAL,"foreign accesses=47, own accesses=17"
src/main/java/org/openrewrite/cobol/internal/grammar/CobolParser.java,org.openrewrite.cobol.internal.grammar.CobolParser,receiveNoData,FEATURE_ENVY,CRITICAL,"foreign accesses=32, own accesses=8"
src/main/java/org/openrewrite/cobol/internal/grammar/CobolParser.java,org.openrewrite.cobol.internal.grammar.CobolParser,receiveSize,FEATURE_ENVY,HIGH,"foreign accesses=29, own accesses=10"
src/main/java/org/openrewrite/cobol/internal/grammar/CobolParser.java,org.openrewrite.cobol.internal.grammar.CobolParser,receiveStatement,FEATURE_ENVY,CRITICAL,"foreign accesses=47, own accesses=13"
src/main/java/org/openrewrite/cobol/internal/grammar/CobolParser.java,org.openrewrite.cobol.internal.grammar.CobolParser,receiveStatus,FEATURE_ENVY,HIGH,"foreign accesses=21, own accesses=8"
src/main/java/org/openrewrite/cobol/internal/grammar/CobolParser.java,org.openrewrite.cobol.internal.grammar.CobolParser,receiveThread,FEATURE_ENVY,HIGH,"foreign accesses=21, own accesses=8"
src/main/java/org/openrewrite/cobol/internal/grammar/CobolParser.java,org.openrewrite.cobol.internal.grammar.CobolParser,receiveWith,FEATURE_ENVY,HIGH,"foreign accesses=22, own accesses=8"
src/main/java/org/openrewrite/cobol/internal/grammar/CobolParser.java,org.openrewrite.cobol.internal.grammar.CobolParser,receiveWithData,FEATURE_ENVY,CRITICAL,"foreign accesses=32, own accesses=8"
src/main/java/org/openrewrite/cobol/internal/grammar/CobolParser.java,org.openrewrite.cobol.internal.grammar.CobolParser,recordContainsClause,FEATURE_ENVY,HIGH,"foreign accesses=23, own accesses=8"
src/main/java/org/openrewrite/cobol/internal/grammar/CobolParser.java,org.openrewrite.cobol.internal.grammar.CobolParser,recordContainsClauseFormat1,FEATURE_ENVY,HIGH,"foreign accesses=26, own accesses=10"
src/main/java/org/openrewrite/cobol/internal/grammar/CobolParser.java,org.openrewrite.cobol.internal.grammar.CobolParser,recordContainsClauseFormat2,FEATURE_ENVY,CRITICAL,"foreign accesses=75, own accesses=32"
src/main/java/org/openrewrite/cobol/internal/grammar/CobolParser.java,org.openrewrite.cobol.internal.grammar.CobolParser,recordContainsClauseFormat3,FEATURE_ENVY,HIGH,"foreign accesses=27, own accesses=11"
src/main/java/org/openrewrite/cobol/internal/grammar/CobolParser.java,org.openrewrite.cobol.internal.grammar.CobolParser,recordContainsTo,FEATURE_ENVY,MEDIUM,"foreign accesses=14, own accesses=5"
src/main/java/org/openrewrite/cobol/internal/grammar/CobolParser.java,org.openrewrite.cobol.internal.grammar.CobolParser,recordDelimiterClause,FEATURE_ENVY,CRITICAL,"foreign accesses=34, own accesses=12"
src/main/java/org/openrewrite/cobol/internal/grammar/CobolParser.java,org.openrewrite.cobol.internal.grammar.CobolParser,recordKeyClause,FEATURE_ENVY,CRITICAL,"foreign accesses=50, own accesses=20"
src/main/java/org/openrewrite/cobol/internal/grammar/CobolParser.java,org.openrewrite.cobol.internal.grammar.CobolParser,recordName,FEATURE_ENVY,MEDIUM,"foreign accesses=12, own accesses=4"
src/main/java/org/openrewrite/cobol/internal/grammar/CobolParser.java,org.openrewrite.cobol.internal.grammar.CobolParser,recordingModeClause,FEATURE_ENVY,HIGH,"foreign accesses=28, own accesses=11"
src/main/java/org/openrewrite/cobol/internal/grammar/CobolParser.java,org.openrewrite.cobol.internal.grammar.CobolParser,referenceModifier,FEATURE_ENVY,HIGH,"foreign accesses=24, own accesses=9"
src/main/java/org/openrewrite/cobol/internal/grammar/CobolParser.java,org.openrewrite.cobol.internal.grammar.CobolParser,relationArithmeticComparison,FEATURE_ENVY,MEDIUM,"foreign accesses=14, own accesses=6"
src/main/java/org/openrewrite/cobol/internal/grammar/CobolParser.java,org.openrewrite.cobol.internal.grammar.CobolParser,relationCombinedComparison,FEATURE_ENVY,HIGH,"foreign accesses=18, own accesses=8"
src/main/java/org/openrewrite/cobol/internal/grammar/CobolParser.java,org.openrewrite.cobol.internal.grammar.CobolParser,relationCombinedCondition,FEATURE_ENVY,CRITICAL,"foreign accesses=36, own accesses=13"
src/main/java/org/openrewrite/cobol/internal/grammar/CobolParser.java,org.openrewrite.cobol.internal.grammar.CobolParser,relationCondition,FEATURE_ENVY,HIGH,"foreign accesses=23, own accesses=7"
src/main/java/org/openrewrite/cobol/internal/grammar/CobolParser.java,org.openrewrite.cobol.internal.grammar.CobolParser,relationSignCondition,FEATURE_ENVY,CRITICAL,"foreign accesses=39, own accesses=15"
src/main/java/org/openrewrite/cobol/internal/grammar/CobolParser.java,org.openrewrite.cobol.internal.grammar.CobolParser,relationalOperator,FEATURE_ENVY,CRITICAL,"foreign accesses=127, own accesses=58"
src/main/java/org/openrewrite/cobol/internal/grammar/CobolParser.java,org.openrewrite.cobol.internal.grammar.CobolParser,relativeKeyClause,FEATURE_ENVY,HIGH,"foreign accesses=28, own accesses=11"
src/main/java/org/openrewrite/cobol/internal/grammar/CobolParser.java,org.openrewrite.cobol.internal.grammar.CobolParser,releaseStatement,FEATURE_ENVY,HIGH,"foreign accesses=22, own accesses=9"
src/main/java/org/openrewrite/cobol/internal/grammar/CobolParser.java,org.openrewrite.cobol.internal.grammar.CobolParser,remarksParagraph,FEATURE_ENVY,CRITICAL,"foreign accesses=35, own accesses=14"
src/main/java/org/openrewrite/cobol/internal/grammar/CobolParser.java,org.openrewrite.cobol.internal.grammar.CobolParser,reportClause,FEATURE_ENVY,CRITICAL,"foreign accesses=53, own accesses=17"
src/main/java/org/openrewrite/cobol/internal/grammar/CobolParser.java,org.openrewrite.cobol.internal.grammar.CobolParser,reportDescription,FEATURE_ENVY,HIGH,"foreign accesses=23, own accesses=7"
src/main/java/org/openrewrite/cobol/internal/grammar/CobolParser.java,org.openrewrite.cobol.internal.grammar.CobolParser,reportDescriptionEntry,FEATURE_ENVY,CRITICAL,"foreign accesses=52, own accesses=25"
src/main/java/org/openrewrite/cobol/internal/grammar/CobolParser.java,org.openrewrite.cobol.internal.grammar.CobolParser,reportDescriptionFirstDetailClause,FEATURE_ENVY,HIGH,"foreign accesses=16, own accesses=6"
src/main/java/org/openrewrite/cobol/internal/grammar/CobolParser.java,org.openrewrite.cobol.internal.grammar.CobolParser,reportDescriptionFootingClause,FEATURE_ENVY,MEDIUM,"foreign accesses=14, own accesses=5"
src/main/java/org/openrewrite/cobol/internal/grammar/CobolParser.java,org.openrewrite.cobol.internal.grammar.CobolParser,reportDescriptionGlobalClause,FEATURE_ENVY,HIGH,"foreign accesses=20, own accesses=7"
src/main/java/org/openrewrite/cobol/internal/grammar/CobolParser.java,org.openrewrite.cobol.internal.grammar.CobolParser,reportDescriptionHeadingClause,FEATURE_ENVY,MEDIUM,"foreign accesses=14, own accesses=5"
src/main/java/org/openrewrite/cobol/internal/grammar/CobolParser.java,org.openrewrite.cobol.internal.grammar.CobolParser,reportDescriptionLastDetailClause,FEATURE_ENVY,HIGH,"foreign accesses=16, own accesses=6"
src/main/java/org/openrewrite/cobol/internal/grammar/CobolParser.java,org.openrewrite.cobol.internal.grammar.CobolParser,reportDescriptionPageLimitClause,FEATURE_ENVY,CRITICAL,"foreign accesses=63, own accesses=23"
src/main/java/org/openrewrite/cobol/internal/grammar/CobolParser.java,org.openrewrite.cobol.internal.grammar.CobolParser,reportGroupBlankWhenZeroClause,FEATURE_ENVY,HIGH,"foreign accesses=22, own accesses=8"
src/main/java/org/openrewrite/cobol/internal/grammar/CobolParser.java,org.openrewrite.cobol.internal.grammar.CobolParser,reportGroupColumnNumberClause,FEATURE_ENVY,HIGH,"foreign accesses=28, own accesses=11"
src/main/java/org/openrewrite/cobol/internal/grammar/CobolParser.java,org.openrewrite.cobol.internal.grammar.CobolParser,reportGroupDescriptionEntry,FEATURE_ENVY,HIGH,"foreign accesses=23, own accesses=7"
src/main/java/org/openrewrite/cobol/internal/grammar/CobolParser.java,org.openrewrite.cobol.internal.grammar.CobolParser,reportGroupDescriptionEntryFormat2,FEATURE_ENVY,HIGH,"foreign accesses=27, own accesses=12"
src/main/java/org/openrewrite/cobol/internal/grammar/CobolParser.java,org.openrewrite.cobol.internal.grammar.CobolParser,reportGroupIndicateClause,FEATURE_ENVY,HIGH,"foreign accesses=20, own accesses=7"
src/main/java/org/openrewrite/cobol/internal/grammar/CobolParser.java,org.openrewrite.cobol.internal.grammar.CobolParser,reportGroupJustifiedClause,FEATURE_ENVY,CRITICAL,"foreign accesses=31, own accesses=10"
src/main/java/org/openrewrite/cobol/internal/grammar/CobolParser.java,org.openrewrite.cobol.internal.grammar.CobolParser,reportGroupLineNumberNextPage,FEATURE_ENVY,HIGH,"foreign accesses=30, own accesses=10"
src/main/java/org/openrewrite/cobol/internal/grammar/CobolParser.java,org.openrewrite.cobol.internal.grammar.CobolParser,reportGroupLineNumberPlus,FEATURE_ENVY,MEDIUM,"foreign accesses=14, own accesses=5"
src/main/java/org/openrewrite/cobol/internal/grammar/CobolParser.java,org.openrewrite.cobol.internal.grammar.CobolParser,reportGroupNextGroupNextPage,FEATURE_ENVY,HIGH,"foreign accesses=15, own accesses=5"
src/main/java/org/openrewrite/cobol/internal/grammar/CobolParser.java,org.openrewrite.cobol.internal.grammar.CobolParser,reportGroupNextGroupPlus,FEATURE_ENVY,MEDIUM,"foreign accesses=14, own accesses=5"
src/main/java/org/openrewrite/cobol/internal/grammar/CobolParser.java,org.openrewrite.cobol.internal.grammar.CobolParser,reportGroupPictureClause,FEATURE_ENVY,CRITICAL,"foreign accesses=32, own accesses=11"
src/main/java/org/openrewrite/cobol/internal/grammar/CobolParser.java,org.openrewrite.cobol.internal.grammar.CobolParser,reportGroupSignClause,FEATURE_ENVY,CRITICAL,"foreign accesses=42, own accesses=15"
src/main/java/org/openrewrite/cobol/internal/grammar/CobolParser.java,org.openrewrite.cobol.internal.grammar.CobolParser,reportGroupSourceClause,FEATURE_ENVY,HIGH,"foreign accesses=21, own accesses=8"
src/main/java/org/openrewrite/cobol/internal/grammar/CobolParser.java,org.openrewrite.cobol.internal.grammar.CobolParser,reportGroupSumClause,FEATURE_ENVY,CRITICAL,"foreign accesses=58, own accesses=21"
src/main/java/org/openrewrite/cobol/internal/grammar/CobolParser.java,org.openrewrite.cobol.internal.grammar.CobolParser,reportGroupTypeClause,FEATURE_ENVY,CRITICAL,"foreign accesses=34, own accesses=15"
src/main/java/org/openrewrite/cobol/internal/grammar/CobolParser.java,org.openrewrite.cobol.internal.grammar.CobolParser,reportGroupTypeDetail,FEATURE_ENVY,HIGH,"foreign accesses=24, own accesses=7"
src/main/java/org/openrewrite/cobol/internal/grammar/CobolParser.java,org.openrewrite.cobol.internal.grammar.CobolParser,reportGroupTypePageFooting,FEATURE_ENVY,HIGH,"foreign accesses=23, own accesses=10"
src/main/java/org/openrewrite/cobol/internal/grammar/CobolParser.java,org.openrewrite.cobol.internal.grammar.CobolParser,reportGroupTypePageHeading,FEATURE_ENVY,HIGH,"foreign accesses=23, own accesses=10"
src/main/java/org/openrewrite/cobol/internal/grammar/CobolParser.java,org.openrewrite.cobol.internal.grammar.CobolParser,reportGroupTypeReportFooting,FEATURE_ENVY,HIGH,"foreign accesses=23, own accesses=10"
src/main/java/org/openrewrite/cobol/internal/grammar/CobolParser.java,org.openrewrite.cobol.internal.grammar.CobolParser,reportGroupTypeReportHeading,FEATURE_ENVY,HIGH,"foreign accesses=23, own accesses=10"
src/main/java/org/openrewrite/cobol/internal/grammar/CobolParser.java,org.openrewrite.cobol.internal.grammar.CobolParser,reportGroupUsageClause,FEATURE_ENVY,CRITICAL,"foreign accesses=38, own accesses=13"
src/main/java/org/openrewrite/cobol/internal/grammar/CobolParser.java,org.openrewrite.cobol.internal.grammar.CobolParser,reportGroupValueClause,FEATURE_ENVY,HIGH,"foreign accesses=21, own accesses=8"
src/main/java/org/openrewrite/cobol/internal/grammar/CobolParser.java,org.openrewrite.cobol.internal.grammar.CobolParser,reportName,FEATURE_ENVY,MEDIUM,"foreign accesses=12, own accesses=4"
src/main/java/org/openrewrite/cobol/internal/grammar/CobolParser.java,org.openrewrite.cobol.internal.grammar.CobolParser,reportSection,FEATURE_ENVY,HIGH,"foreign accesses=28, own accesses=10"
src/main/java/org/openrewrite/cobol/internal/grammar/CobolParser.java,org.openrewrite.cobol.internal.grammar.CobolParser,rerunClause,FEATURE_ENVY,CRITICAL,"foreign accesses=41, own accesses=15"
src/main/java/org/openrewrite/cobol/internal/grammar/CobolParser.java,org.openrewrite.cobol.internal.grammar.CobolParser,rerunEveryClock,FEATURE_ENVY,HIGH,"foreign accesses=19, own accesses=7"
src/main/java/org/openrewrite/cobol/internal/grammar/CobolParser.java,org.openrewrite.cobol.internal.grammar.CobolParser,rerunEveryOf,FEATURE_ENVY,CRITICAL,"foreign accesses=41, own accesses=15"
src/main/java/org/openrewrite/cobol/internal/grammar/CobolParser.java,org.openrewrite.cobol.internal.grammar.CobolParser,rerunEveryRecords,FEATURE_ENVY,MEDIUM,"foreign accesses=14, own accesses=5"
src/main/java/org/openrewrite/cobol/internal/grammar/CobolParser.java,org.openrewrite.cobol.internal.grammar.CobolParser,reserveClause,FEATURE_ENVY,CRITICAL,"foreign accesses=48, own accesses=22"
src/main/java/org/openrewrite/cobol/internal/grammar/CobolParser.java,org.openrewrite.cobol.internal.grammar.CobolParser,reserveNetworkClause,FEATURE_ENVY,CRITICAL,"foreign accesses=45, own accesses=16"
src/main/java/org/openrewrite/cobol/internal/grammar/CobolParser.java,org.openrewrite.cobol.internal.grammar.CobolParser,returnInto,FEATURE_ENVY,MEDIUM,"foreign accesses=14, own accesses=5"
src/main/java/org/openrewrite/cobol/internal/grammar/CobolParser.java,org.openrewrite.cobol.internal.grammar.CobolParser,returnStatement,FEATURE_ENVY,CRITICAL,"foreign accesses=45, own accesses=16"
src/main/java/org/openrewrite/cobol/internal/grammar/CobolParser.java,org.openrewrite.cobol.internal.grammar.CobolParser,rewriteFrom,FEATURE_ENVY,MEDIUM,"foreign accesses=14, own accesses=5"
src/main/java/org/openrewrite/cobol/internal/grammar/CobolParser.java,org.openrewrite.cobol.internal.grammar.CobolParser,rewriteStatement,FEATURE_ENVY,CRITICAL,"foreign accesses=45, own accesses=14"
src/main/java/org/openrewrite/cobol/internal/grammar/CobolParser.java,org.openrewrite.cobol.internal.grammar.CobolParser,roundable,FEATURE_ENVY,HIGH,"foreign accesses=19, own accesses=7"
src/main/java/org/openrewrite/cobol/internal/grammar/CobolParser.java,org.openrewrite.cobol.internal.grammar.CobolParser,routineName,FEATURE_ENVY,MEDIUM,"foreign accesses=12, own accesses=4"
src/main/java/org/openrewrite/cobol/internal/grammar/CobolParser.java,org.openrewrite.cobol.internal.grammar.CobolParser,sameClause,FEATURE_ENVY,CRITICAL,"foreign accesses=58, own accesses=23"
src/main/java/org/openrewrite/cobol/internal/grammar/CobolParser.java,org.openrewrite.cobol.internal.grammar.CobolParser,screenDescriptionAutoClause,FEATURE_ENVY,HIGH,"foreign accesses=24, own accesses=7"
src/main/java/org/openrewrite/cobol/internal/grammar/CobolParser.java,org.openrewrite.cobol.internal.grammar.CobolParser,screenDescriptionBackgroundColorClause,FEATURE_ENVY,CRITICAL,"foreign accesses=40, own accesses=13"
src/main/java/org/openrewrite/cobol/internal/grammar/CobolParser.java,org.openrewrite.cobol.internal.grammar.CobolParser,screenDescriptionBellClause,FEATURE_ENVY,HIGH,"foreign accesses=24, own accesses=7"
src/main/java/org/openrewrite/cobol/internal/grammar/CobolParser.java,org.openrewrite.cobol.internal.grammar.CobolParser,screenDescriptionBlankClause,FEATURE_ENVY,HIGH,"foreign accesses=26, own accesses=8"
src/main/java/org/openrewrite/cobol/internal/grammar/CobolParser.java,org.openrewrite.cobol.internal.grammar.CobolParser,screenDescriptionBlankWhenZeroClause,FEATURE_ENVY,HIGH,"foreign accesses=22, own accesses=8"
src/main/java/org/openrewrite/cobol/internal/grammar/CobolParser.java,org.openrewrite.cobol.internal.grammar.CobolParser,screenDescriptionBlinkClause,FEATURE_ENVY,MEDIUM,"foreign accesses=13, own accesses=4"
src/main/java/org/openrewrite/cobol/internal/grammar/CobolParser.java,org.openrewrite.cobol.internal.grammar.CobolParser,screenDescriptionColumnClause,FEATURE_ENVY,CRITICAL,"foreign accesses=65, own accesses=27"
src/main/java/org/openrewrite/cobol/internal/grammar/CobolParser.java,org.openrewrite.cobol.internal.grammar.CobolParser,screenDescriptionControlClause,FEATURE_ENVY,HIGH,"foreign accesses=21, own accesses=8"
src/main/java/org/openrewrite/cobol/internal/grammar/CobolParser.java,org.openrewrite.cobol.internal.grammar.CobolParser,screenDescriptionEraseClause,FEATURE_ENVY,HIGH,"foreign accesses=26, own accesses=8"
src/main/java/org/openrewrite/cobol/internal/grammar/CobolParser.java,org.openrewrite.cobol.internal.grammar.CobolParser,screenDescriptionForegroundColorClause,FEATURE_ENVY,CRITICAL,"foreign accesses=40, own accesses=13"
src/main/java/org/openrewrite/cobol/internal/grammar/CobolParser.java,org.openrewrite.cobol.internal.grammar.CobolParser,screenDescriptionFromClause,FEATURE_ENVY,HIGH,"foreign accesses=28, own accesses=10"
src/main/java/org/openrewrite/cobol/internal/grammar/CobolParser.java,org.openrewrite.cobol.internal.grammar.CobolParser,screenDescriptionFullClause,FEATURE_ENVY,HIGH,"foreign accesses=24, own accesses=7"
src/main/java/org/openrewrite/cobol/internal/grammar/CobolParser.java,org.openrewrite.cobol.internal.grammar.CobolParser,screenDescriptionGridClause,FEATURE_ENVY,HIGH,"foreign accesses=24, own accesses=8"
src/main/java/org/openrewrite/cobol/internal/grammar/CobolParser.java,org.openrewrite.cobol.internal.grammar.CobolParser,screenDescriptionJustifiedClause,FEATURE_ENVY,CRITICAL,"foreign accesses=31, own accesses=10"
src/main/java/org/openrewrite/cobol/internal/grammar/CobolParser.java,org.openrewrite.cobol.internal.grammar.CobolParser,screenDescriptionLightClause,FEATURE_ENVY,HIGH,"foreign accesses=24, own accesses=7"
src/main/java/org/openrewrite/cobol/internal/grammar/CobolParser.java,org.openrewrite.cobol.internal.grammar.CobolParser,screenDescriptionLineClause,FEATURE_ENVY,CRITICAL,"foreign accesses=54, own accesses=24"
src/main/java/org/openrewrite/cobol/internal/grammar/CobolParser.java,org.openrewrite.cobol.internal.grammar.CobolParser,screenDescriptionPictureClause,FEATURE_ENVY,CRITICAL,"foreign accesses=32, own accesses=11"
src/main/java/org/openrewrite/cobol/internal/grammar/CobolParser.java,org.openrewrite.cobol.internal.grammar.CobolParser,screenDescriptionPromptClause,FEATURE_ENVY,CRITICAL,"foreign accesses=42, own accesses=16"
src/main/java/org/openrewrite/cobol/internal/grammar/CobolParser.java,org.openrewrite.cobol.internal.grammar.CobolParser,screenDescriptionPromptOccursClause,FEATURE_ENVY,HIGH,"foreign accesses=21, own accesses=8"
src/main/java/org/openrewrite/cobol/internal/grammar/CobolParser.java,org.openrewrite.cobol.internal.grammar.CobolParser,screenDescriptionRequiredClause,FEATURE_ENVY,HIGH,"foreign accesses=24, own accesses=7"
src/main/java/org/openrewrite/cobol/internal/grammar/CobolParser.java,org.openrewrite.cobol.internal.grammar.CobolParser,screenDescriptionReverseVideoClause,FEATURE_ENVY,MEDIUM,"foreign accesses=13, own accesses=4"
src/main/java/org/openrewrite/cobol/internal/grammar/CobolParser.java,org.openrewrite.cobol.internal.grammar.CobolParser,screenDescriptionSecureClause,FEATURE_ENVY,HIGH,"foreign accesses=24, own accesses=7"
src/main/java/org/openrewrite/cobol/internal/grammar/CobolParser.java,org.openrewrite.cobol.internal.grammar.CobolParser,screenDescriptionSignClause,FEATURE_ENVY,CRITICAL,"foreign accesses=52, own accesses=19"
src/main/java/org/openrewrite/cobol/internal/grammar/CobolParser.java,org.openrewrite.cobol.internal.grammar.CobolParser,screenDescriptionSizeClause,FEATURE_ENVY,HIGH,"foreign accesses=29, own accesses=10"
src/main/java/org/openrewrite/cobol/internal/grammar/CobolParser.java,org.openrewrite.cobol.internal.grammar.CobolParser,screenDescriptionToClause,FEATURE_ENVY,MEDIUM,"foreign accesses=14, own accesses=5"
src/main/java/org/openrewrite/cobol/internal/grammar/CobolParser.java,org.openrewrite.cobol.internal.grammar.CobolParser,screenDescriptionUnderlineClause,FEATURE_ENVY,MEDIUM,"foreign accesses=13, own accesses=4"
src/main/java/org/openrewrite/cobol/internal/grammar/CobolParser.java,org.openrewrite.cobol.internal.grammar.CobolParser,screenDescriptionUsageClause,FEATURE_ENVY,CRITICAL,"foreign accesses=33, own accesses=11"
src/main/java/org/openrewrite/cobol/internal/grammar/CobolParser.java,org.openrewrite.cobol.internal.grammar.CobolParser,screenDescriptionUsingClause,FEATURE_ENVY,MEDIUM,"foreign accesses=14, own accesses=5"
src/main/java/org/openrewrite/cobol/internal/grammar/CobolParser.java,org.openrewrite.cobol.internal.grammar.CobolParser,screenDescriptionValueClause,FEATURE_ENVY,HIGH,"foreign accesses=21, own accesses=8"
src/main/java/org/openrewrite/cobol/internal/grammar/CobolParser.java,org.openrewrite.cobol.internal.grammar.CobolParser,screenDescriptionZeroFillClause,FEATURE_ENVY,MEDIUM,"foreign accesses=13, own accesses=4"
src/main/java/org/openrewrite/cobol/internal/grammar/CobolParser.java,org.openrewrite.cobol.internal.grammar.CobolParser,screenName,FEATURE_ENVY,MEDIUM,"foreign accesses=12, own accesses=4"
src/main/java/org/openrewrite/cobol/internal/grammar/CobolParser.java,org.openrewrite.cobol.internal.grammar.CobolParser,screenSection,FEATURE_ENVY,HIGH,"foreign accesses=28, own accesses=10"
src/main/java/org/openrewrite/cobol/internal/grammar/CobolParser.java,org.openrewrite.cobol.internal.grammar.CobolParser,searchStatement,FEATURE_ENVY,CRITICAL,"foreign accesses=55, own accesses=21"
src/main/java/org/openrewrite/cobol/internal/grammar/CobolParser.java,org.openrewrite.cobol.internal.grammar.CobolParser,searchVarying,FEATURE_ENVY,MEDIUM,"foreign accesses=14, own accesses=5"
src/main/java/org/openrewrite/cobol/internal/grammar/CobolParser.java,org.openrewrite.cobol.internal.grammar.CobolParser,searchWhen,FEATURE_ENVY,CRITICAL,"foreign accesses=42, own accesses=11"
src/main/java/org/openrewrite/cobol/internal/grammar/CobolParser.java,org.openrewrite.cobol.internal.grammar.CobolParser,securityParagraph,FEATURE_ENVY,HIGH,"foreign accesses=21, own accesses=8"
src/main/java/org/openrewrite/cobol/internal/grammar/CobolParser.java,org.openrewrite.cobol.internal.grammar.CobolParser,segmentLimitClause,FEATURE_ENVY,HIGH,"foreign accesses=21, own accesses=8"
src/main/java/org/openrewrite/cobol/internal/grammar/CobolParser.java,org.openrewrite.cobol.internal.grammar.CobolParser,selectClause,FEATURE_ENVY,HIGH,"foreign accesses=21, own accesses=8"
src/main/java/org/openrewrite/cobol/internal/grammar/CobolParser.java,org.openrewrite.cobol.internal.grammar.CobolParser,sendAdvancingLines,FEATURE_ENVY,CRITICAL,"foreign accesses=38, own accesses=13"
src/main/java/org/openrewrite/cobol/internal/grammar/CobolParser.java,org.openrewrite.cobol.internal.grammar.CobolParser,sendAdvancingMnemonic,FEATURE_ENVY,MEDIUM,"foreign accesses=12, own accesses=4"
src/main/java/org/openrewrite/cobol/internal/grammar/CobolParser.java,org.openrewrite.cobol.internal.grammar.CobolParser,sendAdvancingPage,FEATURE_ENVY,MEDIUM,"foreign accesses=13, own accesses=4"
src/main/java/org/openrewrite/cobol/internal/grammar/CobolParser.java,org.openrewrite.cobol.internal.grammar.CobolParser,sendAdvancingPhrase,FEATURE_ENVY,CRITICAL,"foreign accesses=41, own accesses=14"
src/main/java/org/openrewrite/cobol/internal/grammar/CobolParser.java,org.openrewrite.cobol.internal.grammar.CobolParser,sendFromPhrase,FEATURE_ENVY,MEDIUM,"foreign accesses=14, own accesses=5"
src/main/java/org/openrewrite/cobol/internal/grammar/CobolParser.java,org.openrewrite.cobol.internal.grammar.CobolParser,sendReplacingPhrase,FEATURE_ENVY,HIGH,"foreign accesses=20, own accesses=7"
src/main/java/org/openrewrite/cobol/internal/grammar/CobolParser.java,org.openrewrite.cobol.internal.grammar.CobolParser,sendStatementAsync,FEATURE_ENVY,HIGH,"foreign accesses=27, own accesses=9"
src/main/java/org/openrewrite/cobol/internal/grammar/CobolParser.java,org.openrewrite.cobol.internal.grammar.CobolParser,sendStatementSync,FEATURE_ENVY,CRITICAL,"foreign accesses=46, own accesses=18"
src/main/java/org/openrewrite/cobol/internal/grammar/CobolParser.java,org.openrewrite.cobol.internal.grammar.CobolParser,sentence,FEATURE_ENVY,HIGH,"foreign accesses=24, own accesses=7"
src/main/java/org/openrewrite/cobol/internal/grammar/CobolParser.java,org.openrewrite.cobol.internal.grammar.CobolParser,setByValue,FEATURE_ENVY,HIGH,"foreign accesses=21, own accesses=6"
src/main/java/org/openrewrite/cobol/internal/grammar/CobolParser.java,org.openrewrite.cobol.internal.grammar.CobolParser,setStatement,FEATURE_ENVY,CRITICAL,"foreign accesses=34, own accesses=10"
src/main/java/org/openrewrite/cobol/internal/grammar/CobolParser.java,org.openrewrite.cobol.internal.grammar.CobolParser,setTo,FEATURE_ENVY,MEDIUM,"foreign accesses=12, own accesses=4"
src/main/java/org/openrewrite/cobol/internal/grammar/CobolParser.java,org.openrewrite.cobol.internal.grammar.CobolParser,setToStatement,FEATURE_ENVY,CRITICAL,"foreign accesses=37, own accesses=11"
src/main/java/org/openrewrite/cobol/internal/grammar/CobolParser.java,org.openrewrite.cobol.internal.grammar.CobolParser,setToValue,FEATURE_ENVY,CRITICAL,"foreign accesses=39, own accesses=12"
src/main/java/org/openrewrite/cobol/internal/grammar/CobolParser.java,org.openrewrite.cobol.internal.grammar.CobolParser,setUpDownByStatement,FEATURE_ENVY,CRITICAL,"foreign accesses=36, own accesses=15"
src/main/java/org/openrewrite/cobol/internal/grammar/CobolParser.java,org.openrewrite.cobol.internal.grammar.CobolParser,simpleCondition,FEATURE_ENVY,HIGH,"foreign accesses=29, own accesses=10"
src/main/java/org/openrewrite/cobol/internal/grammar/CobolParser.java,org.openrewrite.cobol.internal.grammar.CobolParser,sortCollatingAlphanumeric,FEATURE_ENVY,HIGH,"foreign accesses=23, own accesses=9"
src/main/java/org/openrewrite/cobol/internal/grammar/CobolParser.java,org.openrewrite.cobol.internal.grammar.CobolParser,sortCollatingNational,FEATURE_ENVY,HIGH,"foreign accesses=28, own accesses=11"
src/main/java/org/openrewrite/cobol/internal/grammar/CobolParser.java,org.openrewrite.cobol.internal.grammar.CobolParser,sortCollatingSequencePhrase,FEATURE_ENVY,CRITICAL,"foreign accesses=56, own accesses=18"
src/main/java/org/openrewrite/cobol/internal/grammar/CobolParser.java,org.openrewrite.cobol.internal.grammar.CobolParser,sortDuplicatesPhrase,FEATURE_ENVY,CRITICAL,"foreign accesses=34, own accesses=13"
src/main/java/org/openrewrite/cobol/internal/grammar/CobolParser.java,org.openrewrite.cobol.internal.grammar.CobolParser,sortGiving,FEATURE_ENVY,CRITICAL,"foreign accesses=37, own accesses=14"
src/main/java/org/openrewrite/cobol/internal/grammar/CobolParser.java,org.openrewrite.cobol.internal.grammar.CobolParser,sortGivingPhrase,FEATURE_ENVY,HIGH,"foreign accesses=26, own accesses=8"
src/main/java/org/openrewrite/cobol/internal/grammar/CobolParser.java,org.openrewrite.cobol.internal.grammar.CobolParser,sortInputProcedurePhrase,FEATURE_ENVY,HIGH,"foreign accesses=29, own accesses=13"
src/main/java/org/openrewrite/cobol/internal/grammar/CobolParser.java,org.openrewrite.cobol.internal.grammar.CobolParser,sortInputThrough,FEATURE_ENVY,HIGH,"foreign accesses=25, own accesses=8"
src/main/java/org/openrewrite/cobol/internal/grammar/CobolParser.java,org.openrewrite.cobol.internal.grammar.CobolParser,sortOnKeyClause,FEATURE_ENVY,CRITICAL,"foreign accesses=51, own accesses=17"
src/main/java/org/openrewrite/cobol/internal/grammar/CobolParser.java,org.openrewrite.cobol.internal.grammar.CobolParser,sortOutputProcedurePhrase,FEATURE_ENVY,HIGH,"foreign accesses=29, own accesses=13"
src/main/java/org/openrewrite/cobol/internal/grammar/CobolParser.java,org.openrewrite.cobol.internal.grammar.CobolParser,sortOutputThrough,FEATURE_ENVY,HIGH,"foreign accesses=25, own accesses=8"
src/main/java/org/openrewrite/cobol/internal/grammar/CobolParser.java,org.openrewrite.cobol.internal.grammar.CobolParser,sortStatement,FEATURE_ENVY,CRITICAL,"foreign accesses=75, own accesses=29"
src/main/java/org/openrewrite/cobol/internal/grammar/CobolParser.java,org.openrewrite.cobol.internal.grammar.CobolParser,sortUsing,FEATURE_ENVY,HIGH,"foreign accesses=26, own accesses=8"
src/main/java/org/openrewrite/cobol/internal/grammar/CobolParser.java,org.openrewrite.cobol.internal.grammar.CobolParser,sourceComputerParagraph,FEATURE_ENVY,CRITICAL,"foreign accesses=39, own accesses=17"
src/main/java/org/openrewrite/cobol/internal/grammar/CobolParser.java,org.openrewrite.cobol.internal.grammar.CobolParser,specialNameClause,FEATURE_ENVY,CRITICAL,"foreign accesses=39, own accesses=15"
src/main/java/org/openrewrite/cobol/internal/grammar/CobolParser.java,org.openrewrite.cobol.internal.grammar.CobolParser,specialNamesParagraph,FEATURE_ENVY,CRITICAL,"foreign accesses=33, own accesses=12"
src/main/java/org/openrewrite/cobol/internal/grammar/CobolParser.java,org.openrewrite.cobol.internal.grammar.CobolParser,startKey,FEATURE_ENVY,CRITICAL,"foreign accesses=87, own accesses=36"
src/main/java/org/openrewrite/cobol/internal/grammar/CobolParser.java,org.openrewrite.cobol.internal.grammar.CobolParser,startStatement,FEATURE_ENVY,CRITICAL,"foreign accesses=45, own accesses=14"
src/main/java/org/openrewrite/cobol/internal/grammar/CobolParser.java,org.openrewrite.cobol.internal.grammar.CobolParser,statusKeyClause,FEATURE_ENVY,HIGH,"foreign accesses=23, own accesses=9"
src/main/java/org/openrewrite/cobol/internal/grammar/CobolParser.java,org.openrewrite.cobol.internal.grammar.CobolParser,stopStatement,FEATURE_ENVY,HIGH,"foreign accesses=24, own accesses=8"
src/main/java/org/openrewrite/cobol/internal/grammar/CobolParser.java,org.openrewrite.cobol.internal.grammar.CobolParser,stopStatementGiving,FEATURE_ENVY,CRITICAL,"foreign accesses=35, own accesses=11"
src/main/java/org/openrewrite/cobol/internal/grammar/CobolParser.java,org.openrewrite.cobol.internal.grammar.CobolParser,stringDelimitedByPhrase,FEATURE_ENVY,CRITICAL,"foreign accesses=31, own accesses=11"
src/main/java/org/openrewrite/cobol/internal/grammar/CobolParser.java,org.openrewrite.cobol.internal.grammar.CobolParser,stringForPhrase,FEATURE_ENVY,HIGH,"foreign accesses=22, own accesses=7"
src/main/java/org/openrewrite/cobol/internal/grammar/CobolParser.java,org.openrewrite.cobol.internal.grammar.CobolParser,stringIntoPhrase,FEATURE_ENVY,MEDIUM,"foreign accesses=14, own accesses=5"
src/main/java/org/openrewrite/cobol/internal/grammar/CobolParser.java,org.openrewrite.cobol.internal.grammar.CobolParser,stringSending,FEATURE_ENVY,HIGH,"foreign accesses=21, own accesses=6"
src/main/java/org/openrewrite/cobol/internal/grammar/CobolParser.java,org.openrewrite.cobol.internal.grammar.CobolParser,stringSendingPhrase,FEATURE_ENVY,CRITICAL,"foreign accesses=36, own accesses=15"
src/main/java/org/openrewrite/cobol/internal/grammar/CobolParser.java,org.openrewrite.cobol.internal.grammar.CobolParser,stringStatement,FEATURE_ENVY,CRITICAL,"foreign accesses=58, own accesses=16"
src/main/java/org/openrewrite/cobol/internal/grammar/CobolParser.java,org.openrewrite.cobol.internal.grammar.CobolParser,stringWithPointerPhrase,FEATURE_ENVY,HIGH,"foreign accesses=21, own accesses=8"
src/main/java/org/openrewrite/cobol/internal/grammar/CobolParser.java,org.openrewrite.cobol.internal.grammar.CobolParser,subscript,FEATURE_ENVY,CRITICAL,"foreign accesses=44, own accesses=13"
src/main/java/org/openrewrite/cobol/internal/grammar/CobolParser.java,org.openrewrite.cobol.internal.grammar.CobolParser,subtractCorrespondingStatement,FEATURE_ENVY,HIGH,"foreign accesses=28, own accesses=10"
src/main/java/org/openrewrite/cobol/internal/grammar/CobolParser.java,org.openrewrite.cobol.internal.grammar.CobolParser,subtractFromGivingStatement,FEATURE_ENVY,CRITICAL,"foreign accesses=40, own accesses=13"
src/main/java/org/openrewrite/cobol/internal/grammar/CobolParser.java,org.openrewrite.cobol.internal.grammar.CobolParser,subtractFromStatement,FEATURE_ENVY,CRITICAL,"foreign accesses=37, own accesses=11"
src/main/java/org/openrewrite/cobol/internal/grammar/CobolParser.java,org.openrewrite.cobol.internal.grammar.CobolParser,subtractGiving,FEATURE_ENVY,MEDIUM,"foreign accesses=12, own accesses=4"
src/main/java/org/openrewrite/cobol/internal/grammar/CobolParser.java,org.openrewrite.cobol.internal.grammar.CobolParser,subtractMinuend,FEATURE_ENVY,MEDIUM,"foreign accesses=12, own accesses=4"
src/main/java/org/openrewrite/cobol/internal/grammar/CobolParser.java,org.openrewrite.cobol.internal.grammar.CobolParser,subtractMinuendCorresponding,FEATURE_ENVY,HIGH,"foreign accesses=19, own accesses=7"
src/main/java/org/openrewrite/cobol/internal/grammar/CobolParser.java,org.openrewrite.cobol.internal.grammar.CobolParser,subtractMinuendGiving,FEATURE_ENVY,HIGH,"foreign accesses=21, own accesses=6"
src/main/java/org/openrewrite/cobol/internal/grammar/CobolParser.java,org.openrewrite.cobol.internal.grammar.CobolParser,subtractStatement,FEATURE_ENVY,CRITICAL,"foreign accesses=48, own accesses=14"
src/main/java/org/openrewrite/cobol/internal/grammar/CobolParser.java,org.openrewrite.cobol.internal.grammar.CobolParser,subtractSubtrahend,FEATURE_ENVY,HIGH,"foreign accesses=21, own accesses=6"
src/main/java/org/openrewrite/cobol/internal/grammar/CobolParser.java,org.openrewrite.cobol.internal.grammar.CobolParser,symbolicCharacter,FEATURE_ENVY,MEDIUM,"foreign accesses=12, own accesses=4"
src/main/java/org/openrewrite/cobol/internal/grammar/CobolParser.java,org.openrewrite.cobol.internal.grammar.CobolParser,symbolicCharacters,FEATURE_ENVY,CRITICAL,"foreign accesses=51, own accesses=17"
src/main/java/org/openrewrite/cobol/internal/grammar/CobolParser.java,org.openrewrite.cobol.internal.grammar.CobolParser,symbolicCharactersClause,FEATURE_ENVY,CRITICAL,"foreign accesses=68, own accesses=23"
src/main/java/org/openrewrite/cobol/internal/grammar/CobolParser.java,org.openrewrite.cobol.internal.grammar.CobolParser,symbolicDestinationClause,FEATURE_ENVY,HIGH,"foreign accesses=28, own accesses=11"
src/main/java/org/openrewrite/cobol/internal/grammar/CobolParser.java,org.openrewrite.cobol.internal.grammar.CobolParser,symbolicQueueClause,FEATURE_ENVY,HIGH,"foreign accesses=28, own accesses=11"
src/main/java/org/openrewrite/cobol/internal/grammar/CobolParser.java,org.openrewrite.cobol.internal.grammar.CobolParser,symbolicSourceClause,FEATURE_ENVY,HIGH,"foreign accesses=28, own accesses=11"
src/main/java/org/openrewrite/cobol/internal/grammar/CobolParser.java,org.openrewrite.cobol.internal.grammar.CobolParser,symbolicSubQueueClause,FEATURE_ENVY,CRITICAL,"foreign accesses=39, own accesses=12"
src/main/java/org/openrewrite/cobol/internal/grammar/CobolParser.java,org.openrewrite.cobol.internal.grammar.CobolParser,symbolicTerminalClause,FEATURE_ENVY,HIGH,"foreign accesses=28, own accesses=11"
src/main/java/org/openrewrite/cobol/internal/grammar/CobolParser.java,org.openrewrite.cobol.internal.grammar.CobolParser,systemName,FEATURE_ENVY,MEDIUM,"foreign accesses=12, own accesses=4"
src/main/java/org/openrewrite/cobol/internal/grammar/CobolParser.java,org.openrewrite.cobol.internal.grammar.CobolParser,tableCall,FEATURE_ENVY,CRITICAL,"foreign accesses=37, own accesses=9"
src/main/java/org/openrewrite/cobol/internal/grammar/CobolParser.java,org.openrewrite.cobol.internal.grammar.CobolParser,tableCallSubscripts,FEATURE_ENVY,CRITICAL,"foreign accesses=33, own accesses=11"
src/main/java/org/openrewrite/cobol/internal/grammar/CobolParser.java,org.openrewrite.cobol.internal.grammar.CobolParser,terminateStatement,FEATURE_ENVY,MEDIUM,"foreign accesses=14, own accesses=5"
src/main/java/org/openrewrite/cobol/internal/grammar/CobolParser.java,org.openrewrite.cobol.internal.grammar.CobolParser,textLengthClause,FEATURE_ENVY,HIGH,"foreign accesses=23, own accesses=9"
src/main/java/org/openrewrite/cobol/internal/grammar/CobolParser.java,org.openrewrite.cobol.internal.grammar.CobolParser,textName,FEATURE_ENVY,MEDIUM,"foreign accesses=12, own accesses=4"
src/main/java/org/openrewrite/cobol/internal/grammar/CobolParser.java,org.openrewrite.cobol.internal.grammar.CobolParser,unstringCountIn,FEATURE_ENVY,HIGH,"foreign accesses=21, own accesses=8"
src/main/java/org/openrewrite/cobol/internal/grammar/CobolParser.java,org.openrewrite.cobol.internal.grammar.CobolParser,unstringDelimitedByPhrase,FEATURE_ENVY,CRITICAL,"foreign accesses=38, own accesses=12"
src/main/java/org/openrewrite/cobol/internal/grammar/CobolParser.java,org.openrewrite.cobol.internal.grammar.CobolParser,unstringDelimiterIn,FEATURE_ENVY,HIGH,"foreign accesses=21, own accesses=8"
src/main/java/org/openrewrite/cobol/internal/grammar/CobolParser.java,org.openrewrite.cobol.internal.grammar.CobolParser,unstringInto,FEATURE_ENVY,HIGH,"foreign accesses=24, own accesses=10"
src/main/java/org/openrewrite/cobol/internal/grammar/CobolParser.java,org.openrewrite.cobol.internal.grammar.CobolParser,unstringIntoPhrase,FEATURE_ENVY,HIGH,"foreign accesses=26, own accesses=8"
src/main/java/org/openrewrite/cobol/internal/grammar/CobolParser.java,org.openrewrite.cobol.internal.grammar.CobolParser,unstringOrAllPhrase,FEATURE_ENVY,CRITICAL,"foreign accesses=31, own accesses=9"
src/main/java/org/openrewrite/cobol/internal/grammar/CobolParser.java,org.openrewrite.cobol.internal.grammar.CobolParser,unstringSendingPhrase,FEATURE_ENVY,HIGH,"foreign accesses=29, own accesses=11"
src/main/java/org/openrewrite/cobol/internal/grammar/CobolParser.java,org.openrewrite.cobol.internal.grammar.CobolParser,unstringStatement,FEATURE_ENVY,CRITICAL,"foreign accesses=54, own accesses=17"
src/main/java/org/openrewrite/cobol/internal/grammar/CobolParser.java,org.openrewrite.cobol.internal.grammar.CobolParser,unstringTallyingPhrase,FEATURE_ENVY,HIGH,"foreign accesses=21, own accesses=8"
src/main/java/org/openrewrite/cobol/internal/grammar/CobolParser.java,org.openrewrite.cobol.internal.grammar.CobolParser,unstringWithPointerPhrase,FEATURE_ENVY,HIGH,"foreign accesses=21, own accesses=8"
src/main/java/org/openrewrite/cobol/internal/grammar/CobolParser.java,org.openrewrite.cobol.internal.grammar.CobolParser,useAfterClause,FEATURE_ENVY,CRITICAL,"foreign accesses=50, own accesses=19"
src/main/java/org/openrewrite/cobol/internal/grammar/CobolParser.java,org.openrewrite.cobol.internal.grammar.CobolParser,useDebugClause,FEATURE_ENVY,CRITICAL,"foreign accesses=38, own accesses=13"
src/main/java/org/openrewrite/cobol/internal/grammar/CobolParser.java,org.openrewrite.cobol.internal.grammar.CobolParser,useDebugOn,FEATURE_ENVY,CRITICAL,"foreign accesses=44, own accesses=16"
src/main/java/org/openrewrite/cobol/internal/grammar/CobolParser.java,org.openrewrite.cobol.internal.grammar.CobolParser,valueOfClause,FEATURE_ENVY,HIGH,"foreign accesses=26, own accesses=9"
src/main/java/org/openrewrite/cobol/internal/grammar/CobolParser.java,org.openrewrite.cobol.internal.grammar.CobolParser,valuePair,FEATURE_ENVY,HIGH,"foreign accesses=28, own accesses=10"
src/main/java/org/openrewrite/cobol/internal/grammar/CobolParser.java,org.openrewrite.cobol.internal.grammar.CobolParser,workingStorageSection,FEATURE_ENVY,HIGH,"foreign accesses=28, own accesses=9"
src/main/java/org/openrewrite/cobol/internal/grammar/CobolParser.java,org.openrewrite.cobol.internal.grammar.CobolParser,writeAdvancingLines,FEATURE_ENVY,CRITICAL,"foreign accesses=38, own accesses=13"
src/main/java/org/openrewrite/cobol/internal/grammar/CobolParser.java,org.openrewrite.cobol.internal.grammar.CobolParser,writeAdvancingMnemonic,FEATURE_ENVY,MEDIUM,"foreign accesses=12, own accesses=4"
src/main/java/org/openrewrite/cobol/internal/grammar/CobolParser.java,org.openrewrite.cobol.internal.grammar.CobolParser,writeAdvancingPage,FEATURE_ENVY,MEDIUM,"foreign accesses=13, own accesses=4"
src/main/java/org/openrewrite/cobol/internal/grammar/CobolParser.java,org.openrewrite.cobol.internal.grammar.CobolParser,writeAdvancingPhrase,FEATURE_ENVY,CRITICAL,"foreign accesses=41, own accesses=14"
src/main/java/org/openrewrite/cobol/internal/grammar/CobolParser.java,org.openrewrite.cobol.internal.grammar.CobolParser,writeAtEndOfPagePhrase,FEATURE_ENVY,CRITICAL,"foreign accesses=48, own accesses=13"
src/main/java/org/openrewrite/cobol/internal/grammar/CobolParser.java,org.openrewrite.cobol.internal.grammar.CobolParser,writeFromPhrase,FEATURE_ENVY,HIGH,"foreign accesses=22, own accesses=7"
src/main/java/org/openrewrite/cobol/internal/grammar/CobolParser.java,org.openrewrite.cobol.internal.grammar.CobolParser,writeNotAtEndOfPagePhrase,FEATURE_ENVY,CRITICAL,"foreign accesses=50, own accesses=14"
src/main/java/org/openrewrite/cobol/internal/grammar/CobolParser.java,org.openrewrite.cobol.internal.grammar.CobolParser,writeStatement,FEATURE_ENVY,CRITICAL,"foreign accesses=67, own accesses=22"
src/main/java/org/openrewrite/cobol/internal/grammar/CobolPreprocessorParser.java,org.openrewrite.cobol.internal.grammar.CobolPreprocessorParser,,GOD_CLASS,CRITICAL,"WMC=4109, TCC=0.24, ATFD=988"
src/main/java/org/openrewrite/cobol/internal/grammar/CobolPreprocessorParser.java,org.openrewrite.cobol.internal.grammar.CobolPreprocessorParser,charData,FEATURE_ENVY,HIGH,"foreign accesses=24, own accesses=7"
src/main/java/org/openrewrite/cobol/internal/grammar/CobolPreprocessorParser.java,org.openrewrite.cobol.internal.grammar.CobolPreprocessorParser,charDataKeyword,FEATURE_ENVY,HIGH,"foreign accesses=24, own accesses=5"
src/main/java/org/openrewrite/cobol/internal/grammar/CobolPreprocessorParser.java,org.openrewrite.cobol.internal.grammar.CobolPreprocessorParser,commentEntry,FEATURE_ENVY,HIGH,"foreign accesses=25, own accesses=7"
src/main/java/org/openrewrite/cobol/internal/grammar/CobolPreprocessorParser.java,org.openrewrite.cobol.internal.grammar.CobolPreprocessorParser,compilationUnit,FEATURE_ENVY,CRITICAL,"foreign accesses=43, own accesses=18"
src/main/java/org/openrewrite/cobol/internal/grammar/CobolPreprocessorParser.java,org.openrewrite.cobol.internal.grammar.CobolPreprocessorParser,compilerOption,FEATURE_ENVY,CRITICAL,"foreign accesses=1711, own accesses=563"
src/main/java/org/openrewrite/cobol/internal/grammar/CobolPreprocessorParser.java,org.openrewrite.cobol.internal.grammar.CobolPreprocessorParser,compilerXOpts,FEATURE_ENVY,CRITICAL,"foreign accesses=36, own accesses=13"
src/main/java/org/openrewrite/cobol/internal/grammar/CobolPreprocessorParser.java,org.openrewrite.cobol.internal.grammar.CobolPreprocessorParser,ejectStatement,FEATURE_ENVY,HIGH,"foreign accesses=22, own accesses=6"
src/main/java/org/openrewrite/cobol/internal/grammar/CobolPreprocessorParser.java,org.openrewrite.cobol.internal.grammar.CobolPreprocessorParser,execCicsStatement,FEATURE_ENVY,HIGH,"foreign accesses=27, own accesses=9"
src/main/java/org/openrewrite/cobol/internal/grammar/CobolPreprocessorParser.java,org.openrewrite.cobol.internal.grammar.CobolPreprocessorParser,execSqlImsStatement,FEATURE_ENVY,HIGH,"foreign accesses=27, own accesses=9"
src/main/java/org/openrewrite/cobol/internal/grammar/CobolPreprocessorParser.java,org.openrewrite.cobol.internal.grammar.CobolPreprocessorParser,execSqlStatement,FEATURE_ENVY,HIGH,"foreign accesses=27, own accesses=9"
src/main/java/org/openrewrite/cobol/internal/grammar/CobolPreprocessorParser.java,org.openrewrite.cobol.internal.grammar.CobolPreprocessorParser,filename,FEATURE_ENVY,MEDIUM,"foreign accesses=13, own accesses=4"
src/main/java/org/openrewrite/cobol/internal/grammar/CobolPreprocessorParser.java,org.openrewrite.cobol.internal.grammar.CobolPreprocessorParser,literal,FEATURE_ENVY,HIGH,"foreign accesses=24, own accesses=5"
src/main/java/org/openrewrite/cobol/internal/grammar/CobolPreprocessorParser.java,org.openrewrite.cobol.internal.grammar.CobolPreprocessorParser,pseudoText,FEATURE_ENVY,HIGH,"foreign accesses=21, own accesses=7"
src/main/java/org/openrewrite/cobol/internal/grammar/CobolPreprocessorParser.java,org.openrewrite.cobol.internal.grammar.CobolPreprocessorParser,replaceByStatement,FEATURE_ENVY,HIGH,"foreign accesses=26, own accesses=8"
src/main/java/org/openrewrite/cobol/internal/grammar/CobolPreprocessorParser.java,org.openrewrite.cobol.internal.grammar.CobolPreprocessorParser,replaceClause,FEATURE_ENVY,CRITICAL,"foreign accesses=48, own accesses=13"
src/main/java/org/openrewrite/cobol/internal/grammar/CobolPreprocessorParser.java,org.openrewrite.cobol.internal.grammar.CobolPreprocessorParser,replaceOffStatement,FEATURE_ENVY,HIGH,"foreign accesses=17, own accesses=6"
src/main/java/org/openrewrite/cobol/internal/grammar/CobolPreprocessorParser.java,org.openrewrite.cobol.internal.grammar.CobolPreprocessorParser,replaceable,FEATURE_ENVY,HIGH,"foreign accesses=25, own accesses=8"
src/main/java/org/openrewrite/cobol/internal/grammar/CobolPreprocessorParser.java,org.openrewrite.cobol.internal.grammar.CobolPreprocessorParser,replacement,FEATURE_ENVY,HIGH,"foreign accesses=25, own accesses=8"
src/main/java/org/openrewrite/cobol/internal/grammar/CobolPreprocessorParser.java,org.openrewrite.cobol.internal.grammar.CobolPreprocessorParser,replacingPhrase,FEATURE_ENVY,CRITICAL,"foreign accesses=31, own accesses=8"
src/main/java/org/openrewrite/cobol/internal/grammar/CobolPreprocessorParser.java,org.openrewrite.cobol.internal.grammar.CobolPreprocessorParser,skipStatement,FEATURE_ENVY,CRITICAL,"foreign accesses=33, own accesses=7"
src/main/java/org/openrewrite/cobol/internal/grammar/CobolPreprocessorParser.java,org.openrewrite.cobol.internal.grammar.CobolPreprocessorParser,titleStatement,FEATURE_ENVY,HIGH,"foreign accesses=23, own accesses=7"
src/main/java/org/openrewrite/cobol/search/FindIndicators.java,org.openrewrite.cobol.search.FindIndicators,visitWord,FEATURE_ENVY,LOW,"foreign accesses=7, own accesses=2"
src/main/java/org/openrewrite/cobol/search/FindReference.java,org.openrewrite.cobol.search.FindReference,getVisitor,FEATURE_ENVY,LOW,"foreign accesses=9, own accesses=2"
src/main/java/org/openrewrite/cobol/search/FindReference.java,org.openrewrite.cobol.search.FindReference,isAcceptable,FEATURE_ENVY,LOW,"foreign accesses=6, own accesses=0"
src/main/java/org/openrewrite/cobol/search/FindReference.java,org.openrewrite.cobol.search.FindReference,matches,FEATURE_ENVY,LOW,"foreign accesses=7, own accesses=1"
src/main/java/org/openrewrite/cobol/search/FindReference.java,org.openrewrite.cobol.search.FindReference,visit,FEATURE_ENVY,MEDIUM,"foreign accesses=14, own accesses=0"
src/main/java/org/openrewrite/cobol/search/FindRelationships.java,org.openrewrite.cobol.search.FindRelationships,,GOD_CLASS,HIGH,"WMC=148, TCC=0.23, ATFD=121"
src/main/java/org/openrewrite/cobol/search/FindRelationships.java,org.openrewrite.cobol.search.FindRelationships,getSqlRelationships,FEATURE_ENVY,HIGH,"foreign accesses=29, own accesses=5"
src/main/java/org/openrewrite/cobol/search/FindRelationships.java,org.openrewrite.cobol.search.FindRelationships,getVisitor,FEATURE_ENVY,HIGH,"foreign accesses=21, own accesses=0"
src/main/java/org/openrewrite/cobol/search/FindRelationships.java,org.openrewrite.cobol.search.FindRelationships,preVisit,FEATURE_ENVY,LOW,"foreign accesses=6, own accesses=0"
src/main/java/org/openrewrite/cobol/search/FindRelationships.java,org.openrewrite.cobol.search.FindRelationships,visitCall,FEATURE_ENVY,LOW,"foreign accesses=8, own accesses=1"
src/main/java/org/openrewrite/cobol/search/FindRelationships.java,org.openrewrite.cobol.search.FindRelationships,visitCharDataSql,FEATURE_ENVY,LOW,"foreign accesses=7, own accesses=1"
src/main/java/org/openrewrite/cobol/search/FindRelationships.java,org.openrewrite.cobol.search.FindRelationships,visitCompilationUnit,FEATURE_ENVY,HIGH,"foreign accesses=15, own accesses=0"
src/main/java/org/openrewrite/cobol/search/FindRelationships.java,org.openrewrite.cobol.search.FindRelationships,visitCompilationUnit,FEATURE_ENVY,MEDIUM,"foreign accesses=14, own accesses=0"
src/main/java/org/openrewrite/cobol/search/FindRelationships.java,org.openrewrite.cobol.search.FindRelationships,visitCopybook,FEATURE_ENVY,HIGH,"foreign accesses=15, own accesses=0"
src/main/java/org/openrewrite/cobol/search/FindRelationships.java,org.openrewrite.cobol.search.FindRelationships,visitDefinitionSection,FEATURE_ENVY,LOW,"foreign accesses=7, own accesses=1"
src/main/java/org/openrewrite/cobol/search/FindRelationships.java,org.openrewrite.cobol.search.FindRelationships,visitExecSqlIncludeStatement,FEATURE_ENVY,LOW,"foreign accesses=8, own accesses=1"
src/main/java/org/openrewrite/cobol/search/FindRelationships.java,org.openrewrite.cobol.search.FindRelationships,visitInput,FEATURE_ENVY,LOW,"foreign accesses=8, own accesses=1"
src/main/java/org/openrewrite/cobol/search/FindRelationships.java,org.openrewrite.cobol.search.FindRelationships,visitText,FEATURE_ENVY,HIGH,"foreign accesses=23, own accesses=2"
src/main/java/org/openrewrite/cobol/search/FindRelationships.java,org.openrewrite.cobol.search.FindRelationships,visitText,FEATURE_ENVY,MEDIUM,"foreign accesses=11, own accesses=1"
src/main/java/org/openrewrite/cobol/search/FindRelationships.java,org.openrewrite.cobol.search.FindRelationships,visitWord,FEATURE_ENVY,CRITICAL,"foreign accesses=59, own accesses=3"
src/main/java/org/openrewrite/cobol/tree/CobolContainer.java,org.openrewrite.cobol.tree.CobolContainer,withElementsNullable,FEATURE_ENVY,MEDIUM,"foreign accesses=10, own accesses=4"
src/main/java/org/openrewrite/cobol/tree/CobolRightPadded.java,org.openrewrite.cobol.tree.CobolRightPadded,withElements,FEATURE_ENVY,HIGH,"foreign accesses=18, own accesses=1"
src/main/java/org/openrewrite/cobol/tree/CommentArea.java,org.openrewrite.cobol.tree.CommentArea,printColumnArea,FEATURE_ENVY,HIGH,"foreign accesses=21, own accesses=5"
src/main/java/org/openrewrite/cobol/tree/CommentArea.java,org.openrewrite.cobol.tree.CommentArea,printColumnArea,FEATURE_ENVY,HIGH,"foreign accesses=21, own accesses=5"
src/main/java/org/openrewrite/cobol/tree/Continuation.java,org.openrewrite.cobol.tree.Continuation,printContinuation,FEATURE_ENVY,CRITICAL,"foreign accesses=36, own accesses=5"
src/main/java/org/openrewrite/cobol/tree/Continuation.java,org.openrewrite.cobol.tree.Continuation,printContinuation,FEATURE_ENVY,CRITICAL,"foreign accesses=38, own accesses=7"
src/main/java/org/openrewrite/cobol/tree/IndicatorArea.java,org.openrewrite.cobol.tree.IndicatorArea,printColumnArea,FEATURE_ENVY,HIGH,"foreign accesses=20, own accesses=5"
src/main/java/org/openrewrite/cobol/tree/IndicatorArea.java,org.openrewrite.cobol.tree.IndicatorArea,printColumnArea,FEATURE_ENVY,HIGH,"foreign accesses=20, own accesses=5"
src/main/java/org/openrewrite/cobol/tree/SequenceArea.java,org.openrewrite.cobol.tree.SequenceArea,printColumnArea,FEATURE_ENVY,HIGH,"foreign accesses=17, own accesses=3"
src/main/java/org/openrewrite/cobol/tree/SequenceArea.java,org.openrewrite.cobol.tree.SequenceArea,printColumnArea,FEATURE_ENVY,HIGH,"foreign accesses=17, own accesses=3"
src/main/java/org/openrewrite/controlm/Assertions.java,org.openrewrite.controlm.Assertions,controlM,FEATURE_ENVY,LOW,"foreign accesses=5, own accesses=1"
src/main/java/org/openrewrite/controlm/ControlMLineReader.java,org.openrewrite.controlm.ControlMLineReader,readLines,FEATURE_ENVY,CRITICAL,"foreign accesses=71, own accesses=1"
src/main/java/org/openrewrite/controlm/ControlMParser.java,org.openrewrite.controlm.ControlMParser,parseInputs,FEATURE_ENVY,CRITICAL,"foreign accesses=31, own accesses=1"
src/main/java/org/openrewrite/controlm/ControlMVisitor.java,org.openrewrite.controlm.ControlMVisitor,visitApplicationFormSection,FEATURE_ENVY,LOW,"foreign accesses=7, own accesses=1"
src/main/java/org/openrewrite/controlm/ControlMVisitor.java,org.openrewrite.controlm.ControlMVisitor,visitCompilationUnit,FEATURE_ENVY,LOW,"foreign accesses=9, own accesses=1"
src/main/java/org/openrewrite/controlm/ControlMVisitor.java,org.openrewrite.controlm.ControlMVisitor,visitDefinitionSection,FEATURE_ENVY,LOW,"foreign accesses=7, own accesses=1"
src/main/java/org/openrewrite/controlm/ControlMVisitor.java,org.openrewrite.controlm.ControlMVisitor,visitDescription,FEATURE_ENVY,LOW,"foreign accesses=7, own accesses=1"
src/main/java/org/openrewrite/controlm/ControlMVisitor.java,org.openrewrite.controlm.ControlMVisitor,visitInput,FEATURE_ENVY,LOW,"foreign accesses=7, own accesses=1"
src/main/java/org/openrewrite/controlm/ControlMVisitor.java,org.openrewrite.controlm.ControlMVisitor,visitInputNameParameter,FEATURE_ENVY,LOW,"foreign accesses=7, own accesses=1"
src/main/java/org/openrewrite/controlm/ControlMVisitor.java,org.openrewrite.controlm.ControlMVisitor,visitInputSection,FEATURE_ENVY,LOW,"foreign accesses=7, own accesses=1"
src/main/java/org/openrewrite/controlm/ControlMVisitor.java,org.openrewrite.controlm.ControlMVisitor,visitLeftPadded,FEATURE_ENVY,LOW,"foreign accesses=6, own accesses=0"
src/main/java/org/openrewrite/controlm/ControlMVisitor.java,org.openrewrite.controlm.ControlMVisitor,visitLine,FEATURE_ENVY,LOW,"foreign accesses=7, own accesses=1"
src/main/java/org/openrewrite/controlm/ControlMVisitor.java,org.openrewrite.controlm.ControlMVisitor,visitOutput,FEATURE_ENVY,LOW,"foreign accesses=7, own accesses=1"
src/main/java/org/openrewrite/controlm/ControlMVisitor.java,org.openrewrite.controlm.ControlMVisitor,visitOutputNameParameter,FEATURE_ENVY,LOW,"foreign accesses=7, own accesses=1"
src/main/java/org/openrewrite/controlm/ControlMVisitor.java,org.openrewrite.controlm.ControlMVisitor,visitOutputSection,FEATURE_ENVY,LOW,"foreign accesses=7, own accesses=1"
src/main/java/org/openrewrite/controlm/ControlMVisitor.java,org.openrewrite.controlm.ControlMVisitor,visitParameter,FEATURE_ENVY,LOW,"foreign accesses=7, own accesses=1"
src/main/java/org/openrewrite/controlm/ControlMVisitor.java,org.openrewrite.controlm.ControlMVisitor,visitScheduleSection,FEATURE_ENVY,LOW,"foreign accesses=7, own accesses=1"
src/main/java/org/openrewrite/controlm/ControlMVisitor.java,org.openrewrite.controlm.ControlMVisitor,visitSetVar,FEATURE_ENVY,MEDIUM,"foreign accesses=13, own accesses=2"
src/main/java/org/openrewrite/controlm/ControlMVisitor.java,org.openrewrite.controlm.ControlMVisitor,visitWord,FEATURE_ENVY,LOW,"foreign accesses=7, own accesses=1"
src/main/java/org/openrewrite/controlm/internal/ControlMParserVisitor.java,org.openrewrite.controlm.internal.ControlMParserVisitor,,GOD_CLASS,HIGH,"WMC=75, TCC=0.00, ATFD=154"
src/main/java/org/openrewrite/controlm/internal/ControlMParserVisitor.java,org.openrewrite.controlm.internal.ControlMParserVisitor,convertAll,FEATURE_ENVY,LOW,"foreign accesses=5, own accesses=0"
src/main/java/org/openrewrite/controlm/internal/ControlMParserVisitor.java,org.openrewrite.controlm.internal.ControlMParserVisitor,visitAppl,FEATURE_ENVY,LOW,"foreign accesses=8, own accesses=2"
src/main/java/org/openrewrite/controlm/internal/ControlMParserVisitor.java,org.openrewrite.controlm.internal.ControlMParserVisitor,visitApplLine,FEATURE_ENVY,MEDIUM,"foreign accesses=12, own accesses=4"
src/main/java/org/openrewrite/controlm/internal/ControlMParserVisitor.java,org.openrewrite.controlm.internal.ControlMParserVisitor,visitApplicationFormLine,FEATURE_ENVY,MEDIUM,"foreign accesses=10, own accesses=4"
src/main/java/org/openrewrite/controlm/internal/ControlMParserVisitor.java,org.openrewrite.controlm.internal.ControlMParserVisitor,visitCtbSetLine,FEATURE_ENVY,MEDIUM,"foreign accesses=14, own accesses=4"
src/main/java/org/openrewrite/controlm/internal/ControlMParserVisitor.java,org.openrewrite.controlm.internal.ControlMParserVisitor,visitDate,FEATURE_ENVY,MEDIUM,"foreign accesses=13, own accesses=1"
src/main/java/org/openrewrite/controlm/internal/ControlMParserVisitor.java,org.openrewrite.controlm.internal.ControlMParserVisitor,visitDefinitionLine,FEATURE_ENVY,CRITICAL,"foreign accesses=37, own accesses=3"
src/main/java/org/openrewrite/controlm/internal/ControlMParserVisitor.java,org.openrewrite.controlm.internal.ControlMParserVisitor,visitDescLine,FEATURE_ENVY,HIGH,"foreign accesses=18, own accesses=5"
src/main/java/org/openrewrite/controlm/internal/ControlMParserVisitor.java,org.openrewrite.controlm.internal.ControlMParserVisitor,visitDflt,FEATURE_ENVY,LOW,"foreign accesses=8, own accesses=2"
src/main/java/org/openrewrite/controlm/internal/ControlMParserVisitor.java,org.openrewrite.controlm.internal.ControlMParserVisitor,visitDocLib,FEATURE_ENVY,LOW,"foreign accesses=8, own accesses=2"
src/main/java/org/openrewrite/controlm/internal/ControlMParserVisitor.java,org.openrewrite.controlm.internal.ControlMParserVisitor,visitDocLine,FEATURE_ENVY,MEDIUM,"foreign accesses=12, own accesses=4"
src/main/java/org/openrewrite/controlm/internal/ControlMParserVisitor.java,org.openrewrite.controlm.internal.ControlMParserVisitor,visitDocMem,FEATURE_ENVY,LOW,"foreign accesses=8, own accesses=2"
src/main/java/org/openrewrite/controlm/internal/ControlMParserVisitor.java,org.openrewrite.controlm.internal.ControlMParserVisitor,visitGroup,FEATURE_ENVY,LOW,"foreign accesses=8, own accesses=2"
src/main/java/org/openrewrite/controlm/internal/ControlMParserVisitor.java,org.openrewrite.controlm.internal.ControlMParserVisitor,visitInput,FEATURE_ENVY,LOW,"foreign accesses=6, own accesses=2"
src/main/java/org/openrewrite/controlm/internal/ControlMParserVisitor.java,org.openrewrite.controlm.internal.ControlMParserVisitor,visitInputLine,FEATURE_ENVY,MEDIUM,"foreign accesses=10, own accesses=4"
src/main/java/org/openrewrite/controlm/internal/ControlMParserVisitor.java,org.openrewrite.controlm.internal.ControlMParserVisitor,visitInputNamesLine,FEATURE_ENVY,MEDIUM,"foreign accesses=11, own accesses=5"
src/main/java/org/openrewrite/controlm/internal/ControlMParserVisitor.java,org.openrewrite.controlm.internal.ControlMParserVisitor,visitMemLib,FEATURE_ENVY,LOW,"foreign accesses=8, own accesses=2"
src/main/java/org/openrewrite/controlm/internal/ControlMParserVisitor.java,org.openrewrite.controlm.internal.ControlMParserVisitor,visitMemLine,FEATURE_ENVY,MEDIUM,"foreign accesses=12, own accesses=4"
src/main/java/org/openrewrite/controlm/internal/ControlMParserVisitor.java,org.openrewrite.controlm.internal.ControlMParserVisitor,visitMemName,FEATURE_ENVY,LOW,"foreign accesses=8, own accesses=2"
src/main/java/org/openrewrite/controlm/internal/ControlMParserVisitor.java,org.openrewrite.controlm.internal.ControlMParserVisitor,visitNjeNode,FEATURE_ENVY,LOW,"foreign accesses=8, own accesses=2"
src/main/java/org/openrewrite/controlm/internal/ControlMParserVisitor.java,org.openrewrite.controlm.internal.ControlMParserVisitor,visitOutput,FEATURE_ENVY,LOW,"foreign accesses=6, own accesses=2"
src/main/java/org/openrewrite/controlm/internal/ControlMParserVisitor.java,org.openrewrite.controlm.internal.ControlMParserVisitor,visitOutputLine,FEATURE_ENVY,MEDIUM,"foreign accesses=10, own accesses=4"
src/main/java/org/openrewrite/controlm/internal/ControlMParserVisitor.java,org.openrewrite.controlm.internal.ControlMParserVisitor,visitOutputNamesLine,FEATURE_ENVY,MEDIUM,"foreign accesses=11, own accesses=5"
src/main/java/org/openrewrite/controlm/internal/ControlMParserVisitor.java,org.openrewrite.controlm.internal.ControlMParserVisitor,visitOverlib,FEATURE_ENVY,LOW,"foreign accesses=8, own accesses=2"
src/main/java/org/openrewrite/controlm/internal/ControlMParserVisitor.java,org.openrewrite.controlm.internal.ControlMParserVisitor,visitOverlibLine,FEATURE_ENVY,MEDIUM,"foreign accesses=12, own accesses=4"
src/main/java/org/openrewrite/controlm/internal/ControlMParserVisitor.java,org.openrewrite.controlm.internal.ControlMParserVisitor,visitOwner,FEATURE_ENVY,LOW,"foreign accesses=8, own accesses=2"
src/main/java/org/openrewrite/controlm/internal/ControlMParserVisitor.java,org.openrewrite.controlm.internal.ControlMParserVisitor,visitOwnerLine,FEATURE_ENVY,MEDIUM,"foreign accesses=14, own accesses=4"
src/main/java/org/openrewrite/controlm/internal/ControlMParserVisitor.java,org.openrewrite.controlm.internal.ControlMParserVisitor,visitPreventNc2,FEATURE_ENVY,LOW,"foreign accesses=8, own accesses=2"
src/main/java/org/openrewrite/controlm/internal/ControlMParserVisitor.java,org.openrewrite.controlm.internal.ControlMParserVisitor,visitScheduleLine,FEATURE_ENVY,MEDIUM,"foreign accesses=10, own accesses=4"
src/main/java/org/openrewrite/controlm/internal/ControlMParserVisitor.java,org.openrewrite.controlm.internal.ControlMParserVisitor,visitSchenv,FEATURE_ENVY,LOW,"foreign accesses=8, own accesses=2"
src/main/java/org/openrewrite/controlm/internal/ControlMParserVisitor.java,org.openrewrite.controlm.internal.ControlMParserVisitor,visitSchenvLine,FEATURE_ENVY,MEDIUM,"foreign accesses=13, own accesses=4"
src/main/java/org/openrewrite/controlm/internal/ControlMParserVisitor.java,org.openrewrite.controlm.internal.ControlMParserVisitor,visitSetVarLine,FEATURE_ENVY,CRITICAL,"foreign accesses=35, own accesses=7"
src/main/java/org/openrewrite/controlm/internal/ControlMParserVisitor.java,org.openrewrite.controlm.internal.ControlMParserVisitor,visitStatCal,FEATURE_ENVY,LOW,"foreign accesses=8, own accesses=2"
src/main/java/org/openrewrite/controlm/internal/ControlMParserVisitor.java,org.openrewrite.controlm.internal.ControlMParserVisitor,visitSystemId,FEATURE_ENVY,LOW,"foreign accesses=8, own accesses=2"
src/main/java/org/openrewrite/controlm/internal/ControlMParserVisitor.java,org.openrewrite.controlm.internal.ControlMParserVisitor,visitTaskType,FEATURE_ENVY,LOW,"foreign accesses=8, own accesses=2"
src/main/java/org/openrewrite/controlm/internal/ControlMParserVisitor.java,org.openrewrite.controlm.internal.ControlMParserVisitor,visitTerminal,FEATURE_ENVY,LOW,"foreign accesses=7, own accesses=1"
src/main/java/org/openrewrite/controlm/internal/ControlMPrinter.java,org.openrewrite.controlm.internal.ControlMPrinter,afterSyntax,FEATURE_ENVY,MEDIUM,"foreign accesses=14, own accesses=1"
src/main/java/org/openrewrite/controlm/internal/ControlMPrinter.java,org.openrewrite.controlm.internal.ControlMPrinter,beforeSyntax,FEATURE_ENVY,HIGH,"foreign accesses=22, own accesses=3"
src/main/java/org/openrewrite/controlm/internal/grammar/ControlMParser.java,org.openrewrite.controlm.internal.grammar.ControlMParser,,GOD_CLASS,HIGH,"WMC=176, TCC=0.01, ATFD=339"
src/main/java/org/openrewrite/controlm/internal/grammar/ControlMParser.java,org.openrewrite.controlm.internal.grammar.ControlMParser,appl,FEATURE_ENVY,HIGH,"foreign accesses=19, own accesses=6"
src/main/java/org/openrewrite/controlm/internal/grammar/ControlMParser.java,org.openrewrite.controlm.internal.grammar.ControlMParser,applLine,FEATURE_ENVY,MEDIUM,"foreign accesses=13, own accesses=5"
src/main/java/org/openrewrite/controlm/internal/grammar/ControlMParser.java,org.openrewrite.controlm.internal.grammar.ControlMParser,applicationFormLine,FEATURE_ENVY,HIGH,"foreign accesses=26, own accesses=8"
src/main/java/org/openrewrite/controlm/internal/grammar/ControlMParser.java,org.openrewrite.controlm.internal.grammar.ControlMParser,applicationFormSection,FEATURE_ENVY,HIGH,"foreign accesses=24, own accesses=8"
src/main/java/org/openrewrite/controlm/internal/grammar/ControlMParser.java,org.openrewrite.controlm.internal.grammar.ControlMParser,compilationUnit,FEATURE_ENVY,HIGH,"foreign accesses=24, own accesses=10"
src/main/java/org/openrewrite/controlm/internal/grammar/ControlMParser.java,org.openrewrite.controlm.internal.grammar.ControlMParser,ctbSetLine,FEATURE_ENVY,HIGH,"foreign accesses=18, own accesses=7"
src/main/java/org/openrewrite/controlm/internal/grammar/ControlMParser.java,org.openrewrite.controlm.internal.grammar.ControlMParser,date,FEATURE_ENVY,CRITICAL,"foreign accesses=32, own accesses=9"
src/main/java/org/openrewrite/controlm/internal/grammar/ControlMParser.java,org.openrewrite.controlm.internal.grammar.ControlMParser,dateParam,FEATURE_ENVY,HIGH,"foreign accesses=24, own accesses=5"
src/main/java/org/openrewrite/controlm/internal/grammar/ControlMParser.java,org.openrewrite.controlm.internal.grammar.ControlMParser,definitionSection,FEATURE_ENVY,HIGH,"foreign accesses=24, own accesses=8"
src/main/java/org/openrewrite/controlm/internal/grammar/ControlMParser.java,org.openrewrite.controlm.internal.grammar.ControlMParser,descLine,FEATURE_ENVY,HIGH,"foreign accesses=25, own accesses=8"
src/main/java/org/openrewrite/controlm/internal/grammar/ControlMParser.java,org.openrewrite.controlm.internal.grammar.ControlMParser,dflt,FEATURE_ENVY,HIGH,"foreign accesses=19, own accesses=6"
src/main/java/org/openrewrite/controlm/internal/grammar/ControlMParser.java,org.openrewrite.controlm.internal.grammar.ControlMParser,docLib,FEATURE_ENVY,HIGH,"foreign accesses=19, own accesses=6"
src/main/java/org/openrewrite/controlm/internal/grammar/ControlMParser.java,org.openrewrite.controlm.internal.grammar.ControlMParser,docLine,FEATURE_ENVY,MEDIUM,"foreign accesses=13, own accesses=5"
src/main/java/org/openrewrite/controlm/internal/grammar/ControlMParser.java,org.openrewrite.controlm.internal.grammar.ControlMParser,docMem,FEATURE_ENVY,HIGH,"foreign accesses=19, own accesses=6"
src/main/java/org/openrewrite/controlm/internal/grammar/ControlMParser.java,org.openrewrite.controlm.internal.grammar.ControlMParser,group,FEATURE_ENVY,HIGH,"foreign accesses=19, own accesses=6"
src/main/java/org/openrewrite/controlm/internal/grammar/ControlMParser.java,org.openrewrite.controlm.internal.grammar.ControlMParser,input,FEATURE_ENVY,HIGH,"foreign accesses=18, own accesses=6"
src/main/java/org/openrewrite/controlm/internal/grammar/ControlMParser.java,org.openrewrite.controlm.internal.grammar.ControlMParser,inputLine,FEATURE_ENVY,HIGH,"foreign accesses=26, own accesses=8"
src/main/java/org/openrewrite/controlm/internal/grammar/ControlMParser.java,org.openrewrite.controlm.internal.grammar.ControlMParser,inputNamesLine,FEATURE_ENVY,CRITICAL,"foreign accesses=33, own accesses=11"
src/main/java/org/openrewrite/controlm/internal/grammar/ControlMParser.java,org.openrewrite.controlm.internal.grammar.ControlMParser,inputSection,FEATURE_ENVY,CRITICAL,"foreign accesses=35, own accesses=12"
src/main/java/org/openrewrite/controlm/internal/grammar/ControlMParser.java,org.openrewrite.controlm.internal.grammar.ControlMParser,memLib,FEATURE_ENVY,HIGH,"foreign accesses=19, own accesses=6"
src/main/java/org/openrewrite/controlm/internal/grammar/ControlMParser.java,org.openrewrite.controlm.internal.grammar.ControlMParser,memLine,FEATURE_ENVY,MEDIUM,"foreign accesses=13, own accesses=5"
src/main/java/org/openrewrite/controlm/internal/grammar/ControlMParser.java,org.openrewrite.controlm.internal.grammar.ControlMParser,memName,FEATURE_ENVY,HIGH,"foreign accesses=19, own accesses=6"
src/main/java/org/openrewrite/controlm/internal/grammar/ControlMParser.java,org.openrewrite.controlm.internal.grammar.ControlMParser,name,FEATURE_ENVY,HIGH,"foreign accesses=24, own accesses=5"
src/main/java/org/openrewrite/controlm/internal/grammar/ControlMParser.java,org.openrewrite.controlm.internal.grammar.ControlMParser,njeNode,FEATURE_ENVY,HIGH,"foreign accesses=19, own accesses=6"
src/main/java/org/openrewrite/controlm/internal/grammar/ControlMParser.java,org.openrewrite.controlm.internal.grammar.ControlMParser,output,FEATURE_ENVY,HIGH,"foreign accesses=18, own accesses=6"
src/main/java/org/openrewrite/controlm/internal/grammar/ControlMParser.java,org.openrewrite.controlm.internal.grammar.ControlMParser,outputLine,FEATURE_ENVY,HIGH,"foreign accesses=26, own accesses=8"
src/main/java/org/openrewrite/controlm/internal/grammar/ControlMParser.java,org.openrewrite.controlm.internal.grammar.ControlMParser,outputNamesLine,FEATURE_ENVY,CRITICAL,"foreign accesses=33, own accesses=11"
src/main/java/org/openrewrite/controlm/internal/grammar/ControlMParser.java,org.openrewrite.controlm.internal.grammar.ControlMParser,outputSection,FEATURE_ENVY,CRITICAL,"foreign accesses=35, own accesses=12"
src/main/java/org/openrewrite/controlm/internal/grammar/ControlMParser.java,org.openrewrite.controlm.internal.grammar.ControlMParser,overlib,FEATURE_ENVY,HIGH,"foreign accesses=19, own accesses=6"
src/main/java/org/openrewrite/controlm/internal/grammar/ControlMParser.java,org.openrewrite.controlm.internal.grammar.ControlMParser,overlibLine,FEATURE_ENVY,MEDIUM,"foreign accesses=13, own accesses=5"
src/main/java/org/openrewrite/controlm/internal/grammar/ControlMParser.java,org.openrewrite.controlm.internal.grammar.ControlMParser,owner,FEATURE_ENVY,HIGH,"foreign accesses=19, own accesses=6"
src/main/java/org/openrewrite/controlm/internal/grammar/ControlMParser.java,org.openrewrite.controlm.internal.grammar.ControlMParser,ownerLine,FEATURE_ENVY,HIGH,"foreign accesses=15, own accesses=7"
src/main/java/org/openrewrite/controlm/internal/grammar/ControlMParser.java,org.openrewrite.controlm.internal.grammar.ControlMParser,preventNc2,FEATURE_ENVY,HIGH,"foreign accesses=19, own accesses=6"
src/main/java/org/openrewrite/controlm/internal/grammar/ControlMParser.java,org.openrewrite.controlm.internal.grammar.ControlMParser,scheduleLine,FEATURE_ENVY,HIGH,"foreign accesses=26, own accesses=8"
src/main/java/org/openrewrite/controlm/internal/grammar/ControlMParser.java,org.openrewrite.controlm.internal.grammar.ControlMParser,scheduleSection,FEATURE_ENVY,HIGH,"foreign accesses=24, own accesses=8"
src/main/java/org/openrewrite/controlm/internal/grammar/ControlMParser.java,org.openrewrite.controlm.internal.grammar.ControlMParser,schenv,FEATURE_ENVY,HIGH,"foreign accesses=19, own accesses=6"
src/main/java/org/openrewrite/controlm/internal/grammar/ControlMParser.java,org.openrewrite.controlm.internal.grammar.ControlMParser,schenvLine,FEATURE_ENVY,MEDIUM,"foreign accesses=14, own accesses=6"
src/main/java/org/openrewrite/controlm/internal/grammar/ControlMParser.java,org.openrewrite.controlm.internal.grammar.ControlMParser,setVarLine,FEATURE_ENVY,CRITICAL,"foreign accesses=33, own accesses=11"
src/main/java/org/openrewrite/controlm/internal/grammar/ControlMParser.java,org.openrewrite.controlm.internal.grammar.ControlMParser,statCal,FEATURE_ENVY,HIGH,"foreign accesses=19, own accesses=6"
src/main/java/org/openrewrite/controlm/internal/grammar/ControlMParser.java,org.openrewrite.controlm.internal.grammar.ControlMParser,systemId,FEATURE_ENVY,HIGH,"foreign accesses=19, own accesses=6"
src/main/java/org/openrewrite/controlm/internal/grammar/ControlMParser.java,org.openrewrite.controlm.internal.grammar.ControlMParser,taskType,FEATURE_ENVY,HIGH,"foreign accesses=19, own accesses=6"
src/main/java/org/openrewrite/jcl/Assertions.java,org.openrewrite.jcl.Assertions,jcl,FEATURE_ENVY,LOW,"foreign accesses=6, own accesses=1"
src/main/java/org/openrewrite/jcl/Assertions.java,org.openrewrite.jcl.Assertions,jcl,FEATURE_ENVY,LOW,"foreign accesses=5, own accesses=1"
src/main/java/org/openrewrite/jcl/JclLineReader.java,org.openrewrite.jcl.JclLineReader,,GOD_CLASS,HIGH,"WMC=75, TCC=0.00, ATFD=52"
src/main/java/org/openrewrite/jcl/JclLineReader.java,org.openrewrite.jcl.JclLineReader,getLineContext,FEATURE_ENVY,HIGH,"foreign accesses=15, own accesses=0"
src/main/java/org/openrewrite/jcl/JclLineReader.java,org.openrewrite.jcl.JclLineReader,getLineType,FEATURE_ENVY,HIGH,"foreign accesses=24, own accesses=1"
src/main/java/org/openrewrite/jcl/JclLineReader.java,org.openrewrite.jcl.JclLineReader,readLines,FEATURE_ENVY,CRITICAL,"foreign accesses=72, own accesses=6"
src/main/java/org/openrewrite/jcl/JclParser.java,org.openrewrite.jcl.JclParser,accept,FEATURE_ENVY,LOW,"foreign accesses=6, own accesses=0"
src/main/java/org/openrewrite/jcl/JclParser.java,org.openrewrite.jcl.JclParser,parseInputs,FEATURE_ENVY,CRITICAL,"foreign accesses=31, own accesses=1"
src/main/java/org/openrewrite/jcl/JclVisitor.java,org.openrewrite.jcl.JclVisitor,visitComment,FEATURE_ENVY,LOW,"foreign accesses=7, own accesses=1"
src/main/java/org/openrewrite/jcl/JclVisitor.java,org.openrewrite.jcl.JclVisitor,visitCompilationUnit,FEATURE_ENVY,LOW,"foreign accesses=9, own accesses=1"
src/main/java/org/openrewrite/jcl/JclVisitor.java,org.openrewrite.jcl.JclVisitor,visitControlM,FEATURE_ENVY,LOW,"foreign accesses=7, own accesses=1"
src/main/java/org/openrewrite/jcl/JclVisitor.java,org.openrewrite.jcl.JclVisitor,visitDataDefinitionStream,FEATURE_ENVY,LOW,"foreign accesses=7, own accesses=1"
src/main/java/org/openrewrite/jcl/JclVisitor.java,org.openrewrite.jcl.JclVisitor,visitJclStatement,FEATURE_ENVY,LOW,"foreign accesses=7, own accesses=1"
src/main/java/org/openrewrite/jcl/JclVisitor.java,org.openrewrite.jcl.JclVisitor,visitJes2,FEATURE_ENVY,LOW,"foreign accesses=7, own accesses=1"
src/main/java/org/openrewrite/jcl/JclVisitor.java,org.openrewrite.jcl.JclVisitor,visitJes3,FEATURE_ENVY,LOW,"foreign accesses=7, own accesses=1"
src/main/java/org/openrewrite/jcl/JclVisitor.java,org.openrewrite.jcl.JclVisitor,visitUnknown,FEATURE_ENVY,LOW,"foreign accesses=7, own accesses=1"
src/main/java/org/openrewrite/jcl/JclVisitor.java,org.openrewrite.jcl.JclVisitor,visitWord,FEATURE_ENVY,LOW,"foreign accesses=7, own accesses=1"
src/main/java/org/openrewrite/jcl/internal/JclParserVisitor.java,org.openrewrite.jcl.internal.JclParserVisitor,mapCommentArea,FEATURE_ENVY,LOW,"foreign accesses=7, own accesses=1"
src/main/java/org/openrewrite/jcl/internal/JclParserVisitor.java,org.openrewrite.jcl.internal.JclParserVisitor,mapTrailingComment,FEATURE_ENVY,LOW,"foreign accesses=7, own accesses=2"
src/main/java/org/openrewrite/jcl/internal/JclParserVisitor.java,org.openrewrite.jcl.internal.JclParserVisitor,visitCommentWord,FEATURE_ENVY,LOW,"foreign accesses=8, own accesses=3"
src/main/java/org/openrewrite/jcl/internal/JclParserVisitor.java,org.openrewrite.jcl.internal.JclParserVisitor,visitControlMWord,FEATURE_ENVY,LOW,"foreign accesses=8, own accesses=3"
src/main/java/org/openrewrite/jcl/internal/JclParserVisitor.java,org.openrewrite.jcl.internal.JclParserVisitor,visitJclTrailingComment,FEATURE_ENVY,MEDIUM,"foreign accesses=13, own accesses=2"
src/main/java/org/openrewrite/jcl/internal/JclParserVisitor.java,org.openrewrite.jcl.internal.JclParserVisitor,visitJclWord,FEATURE_ENVY,LOW,"foreign accesses=8, own accesses=3"
src/main/java/org/openrewrite/jcl/internal/JclParserVisitor.java,org.openrewrite.jcl.internal.JclParserVisitor,visitJes2Word,FEATURE_ENVY,LOW,"foreign accesses=8, own accesses=3"
src/main/java/org/openrewrite/jcl/internal/JclParserVisitor.java,org.openrewrite.jcl.internal.JclParserVisitor,visitJes3Word,FEATURE_ENVY,LOW,"foreign accesses=8, own accesses=3"
src/main/java/org/openrewrite/jcl/internal/JclParserVisitor.java,org.openrewrite.jcl.internal.JclParserVisitor,visitStreamWord,FEATURE_ENVY,LOW,"foreign accesses=8, own accesses=3"
src/main/java/org/openrewrite/jcl/internal/JclParserVisitor.java,org.openrewrite.jcl.internal.JclParserVisitor,visitTerminal,FEATURE_ENVY,LOW,"foreign accesses=5, own accesses=1"
src/main/java/org/openrewrite/jcl/internal/JclParserVisitor.java,org.openrewrite.jcl.internal.JclParserVisitor,visitUnknownWord,FEATURE_ENVY,MEDIUM,"foreign accesses=14, own accesses=3"
src/main/java/org/openrewrite/jcl/internal/JclPrinter.java,org.openrewrite.jcl.internal.JclPrinter,afterSyntax,FEATURE_ENVY,MEDIUM,"foreign accesses=11, own accesses=1"
src/main/java/org/openrewrite/jcl/internal/JclPrinter.java,org.openrewrite.jcl.internal.JclPrinter,beforeSyntax,FEATURE_ENVY,HIGH,"foreign accesses=15, own accesses=3"
src/main/java/org/openrewrite/jcl/internal/grammar/JCLParser.java,org.openrewrite.jcl.internal.grammar.JCLParser,,GOD_CLASS,HIGH,"WMC=134, TCC=0.09, ATFD=259"
src/main/java/org/openrewrite/jcl/internal/grammar/JCLParser.java,org.openrewrite.jcl.internal.grammar.JCLParser,comment,FEATURE_ENVY,MEDIUM,"foreign accesses=12, own accesses=4"
src/main/java/org/openrewrite/jcl/internal/grammar/JCLParser.java,org.openrewrite.jcl.internal.grammar.JCLParser,commentCommentArea,FEATURE_ENVY,HIGH,"foreign accesses=26, own accesses=8"
src/main/java/org/openrewrite/jcl/internal/grammar/JCLParser.java,org.openrewrite.jcl.internal.grammar.JCLParser,commentWord,FEATURE_ENVY,CRITICAL,"foreign accesses=32, own accesses=9"
src/main/java/org/openrewrite/jcl/internal/grammar/JCLParser.java,org.openrewrite.jcl.internal.grammar.JCLParser,compilationUnit,FEATURE_ENVY,HIGH,"foreign accesses=25, own accesses=6"
src/main/java/org/openrewrite/jcl/internal/grammar/JCLParser.java,org.openrewrite.jcl.internal.grammar.JCLParser,controlM,FEATURE_ENVY,MEDIUM,"foreign accesses=12, own accesses=4"
src/main/java/org/openrewrite/jcl/internal/grammar/JCLParser.java,org.openrewrite.jcl.internal.grammar.JCLParser,controlMCommentArea,FEATURE_ENVY,HIGH,"foreign accesses=26, own accesses=8"
src/main/java/org/openrewrite/jcl/internal/grammar/JCLParser.java,org.openrewrite.jcl.internal.grammar.JCLParser,controlMWord,FEATURE_ENVY,CRITICAL,"foreign accesses=32, own accesses=9"
src/main/java/org/openrewrite/jcl/internal/grammar/JCLParser.java,org.openrewrite.jcl.internal.grammar.JCLParser,jcl,FEATURE_ENVY,HIGH,"foreign accesses=21, own accesses=6"
src/main/java/org/openrewrite/jcl/internal/grammar/JCLParser.java,org.openrewrite.jcl.internal.grammar.JCLParser,jclCommentArea,FEATURE_ENVY,HIGH,"foreign accesses=26, own accesses=8"
src/main/java/org/openrewrite/jcl/internal/grammar/JCLParser.java,org.openrewrite.jcl.internal.grammar.JCLParser,jclTrailingComment,FEATURE_ENVY,CRITICAL,"foreign accesses=35, own accesses=13"
src/main/java/org/openrewrite/jcl/internal/grammar/JCLParser.java,org.openrewrite.jcl.internal.grammar.JCLParser,jclWord,FEATURE_ENVY,CRITICAL,"foreign accesses=32, own accesses=9"
src/main/java/org/openrewrite/jcl/internal/grammar/JCLParser.java,org.openrewrite.jcl.internal.grammar.JCLParser,jes2,FEATURE_ENVY,MEDIUM,"foreign accesses=12, own accesses=4"
src/main/java/org/openrewrite/jcl/internal/grammar/JCLParser.java,org.openrewrite.jcl.internal.grammar.JCLParser,jes2CommentArea,FEATURE_ENVY,HIGH,"foreign accesses=26, own accesses=8"
src/main/java/org/openrewrite/jcl/internal/grammar/JCLParser.java,org.openrewrite.jcl.internal.grammar.JCLParser,jes2Word,FEATURE_ENVY,CRITICAL,"foreign accesses=32, own accesses=9"
src/main/java/org/openrewrite/jcl/internal/grammar/JCLParser.java,org.openrewrite.jcl.internal.grammar.JCLParser,jes3,FEATURE_ENVY,MEDIUM,"foreign accesses=12, own accesses=4"
src/main/java/org/openrewrite/jcl/internal/grammar/JCLParser.java,org.openrewrite.jcl.internal.grammar.JCLParser,jes3CommentArea,FEATURE_ENVY,HIGH,"foreign accesses=26, own accesses=8"
src/main/java/org/openrewrite/jcl/internal/grammar/JCLParser.java,org.openrewrite.jcl.internal.grammar.JCLParser,jes3Word,FEATURE_ENVY,CRITICAL,"foreign accesses=32, own accesses=9"
src/main/java/org/openrewrite/jcl/internal/grammar/JCLParser.java,org.openrewrite.jcl.internal.grammar.JCLParser,stream,FEATURE_ENVY,MEDIUM,"foreign accesses=12, own accesses=4"
src/main/java/org/openrewrite/jcl/internal/grammar/JCLParser.java,org.openrewrite.jcl.internal.grammar.JCLParser,streamCommentArea,FEATURE_ENVY,HIGH,"foreign accesses=26, own accesses=8"
src/main/java/org/openrewrite/jcl/internal/grammar/JCLParser.java,org.openrewrite.jcl.internal.grammar.JCLParser,streamWord,FEATURE_ENVY,CRITICAL,"foreign accesses=32, own accesses=9"
src/main/java/org/openrewrite/jcl/internal/grammar/JCLParser.java,org.openrewrite.jcl.internal.grammar.JCLParser,unknown,FEATURE_ENVY,MEDIUM,"foreign accesses=12, own accesses=4"
src/main/java/org/openrewrite/jcl/internal/grammar/JCLParser.java,org.openrewrite.jcl.internal.grammar.JCLParser,unknownCommentArea,FEATURE_ENVY,HIGH,"foreign accesses=26, own accesses=8"
src/main/java/org/openrewrite/jcl/internal/grammar/JCLParser.java,org.openrewrite.jcl.internal.grammar.JCLParser,unknownWord,FEATURE_ENVY,CRITICAL,"foreign accesses=39, own accesses=15"
src/main/java/org/openrewrite/jcl/search/FindWord.java,org.openrewrite.jcl.search.FindWord,getVisitor,FEATURE_ENVY,LOW,"foreign accesses=5, own accesses=2"
src/main/java/org/openrewrite/jcl/search/FindWord.java,org.openrewrite.jcl.search.FindWord,visitWord,FEATURE_ENVY,LOW,"foreign accesses=9, own accesses=1"
